# Blender v2.91.0 OBJ File: 'heaterready.blend'
# www.blender.org
mtllib heaterready.mtl
o Cube_Cube.001
v -1.007900 -0.806125 0.343168
v -1.008865 -0.814207 0.343970
v -1.009793 -0.821978 0.346344
v -1.010649 -0.829140 0.350199
v -1.011399 -0.835417 0.355387
v -1.012014 -0.840569 0.361709
v -1.012471 -0.844397 0.368922
v -1.012753 -0.846754 0.376748
v -1.012848 -0.847550 0.384887
v -1.012753 -0.846754 0.393026
v -1.012471 -0.844397 0.400853
v -1.012014 -0.840569 0.408066
v -1.011399 -0.835417 0.414387
v -1.010649 -0.829140 0.419576
v -1.009793 -0.821978 0.423431
v -1.008865 -0.814207 0.425805
v -1.007900 -0.806125 0.426607
v -1.006934 -0.798044 0.425805
v -1.006006 -0.790273 0.423431
v -1.005150 -0.783111 0.419576
v -1.004400 -0.776833 0.414387
v -1.003785 -0.771682 0.408066
v -1.003328 -0.767854 0.400853
v -1.003046 -0.765496 0.393026
v -1.002951 -0.764700 0.384887
v -1.003046 -0.765496 0.376748
v -1.003328 -0.767854 0.368922
v -1.003785 -0.771682 0.361709
v -1.004400 -0.776833 0.355387
v -1.005150 -0.783111 0.350199
v -1.006006 -0.790273 0.346344
v -1.006934 -0.798044 0.343970
v -0.982613 -0.594436 0.343168
v -0.983578 -0.602518 0.343970
v -0.984506 -0.610289 0.346344
v -0.985362 -0.617451 0.350199
v -0.986112 -0.623728 0.355387
v -0.986727 -0.628880 0.361709
v -0.987184 -0.632708 0.368922
v -0.987466 -0.635066 0.376748
v -0.987561 -0.635862 0.384887
v -0.987466 -0.635066 0.393026
v -0.987184 -0.632708 0.400853
v -0.986727 -0.628880 0.408066
v -0.986112 -0.623728 0.414387
v -0.985362 -0.617451 0.419576
v -0.984506 -0.610289 0.423431
v -0.983578 -0.602518 0.425805
v -0.982613 -0.594436 0.426607
v -0.981647 -0.586355 0.425805
v -0.980719 -0.578584 0.423431
v -0.979864 -0.571422 0.419576
v -0.979114 -0.565145 0.414387
v -0.978499 -0.559993 0.408066
v -0.978041 -0.556165 0.400853
v -0.977760 -0.553807 0.393026
v -0.977665 -0.553011 0.384887
v -0.977760 -0.553807 0.376748
v -0.978041 -0.556165 0.368922
v -0.978499 -0.559993 0.361709
v -0.979114 -0.565145 0.355387
v -0.979864 -0.571422 0.350199
v -0.980719 -0.578584 0.346344
v -0.981647 -0.586355 0.343970
v -0.997268 -1.642340 0.588639
v -0.988743 -1.566879 0.512697
v -0.995061 -1.622809 0.586051
v -0.993005 -1.604609 0.578465
v -0.991240 -1.588981 0.566396
v -0.989885 -1.576988 0.550668
v -0.989033 -1.569450 0.532352
v -1.005793 -1.717802 0.512697
v -1.005502 -1.715230 0.532352
v -1.004651 -1.707692 0.550668
v -1.003296 -1.695699 0.566396
v -1.001530 -1.680071 0.578465
v -0.999474 -1.661871 0.586051
v -0.997268 -1.642340 0.167486
v -0.988743 -1.566879 0.243428
v -0.995061 -1.622809 0.170074
v -0.993005 -1.604609 0.177660
v -0.991240 -1.588981 0.189729
v -0.989885 -1.576988 0.205457
v -0.989033 -1.569450 0.223773
v -1.005793 -1.717802 0.243428
v -0.999474 -1.661871 0.170074
v -1.001530 -1.680071 0.177660
v -1.003296 -1.695699 0.189729
v -1.004651 -1.707692 0.205457
v -1.005502 -1.715230 0.223773
v -0.973214 -1.429429 0.588639
v -0.964689 -1.353967 0.512697
v -0.971008 -1.409898 0.586051
v -0.968952 -1.391698 0.578465
v -0.967186 -1.376069 0.566396
v -0.965831 -1.364077 0.550668
v -0.964980 -1.356539 0.532352
v -0.981740 -1.504890 0.512697
v -0.981449 -1.502319 0.532352
v -0.980597 -1.494780 0.550668
v -0.979243 -1.482788 0.566396
v -0.977477 -1.467160 0.578465
v -0.975421 -1.448960 0.586051
v -0.973214 -1.429429 0.167486
v -0.964689 -1.353967 0.243428
v -0.971008 -1.409898 0.170074
v -0.968952 -1.391698 0.177660
v -0.967186 -1.376069 0.189729
v -0.965831 -1.364077 0.205457
v -0.964980 -1.356539 0.223773
v -0.981740 -1.504890 0.243428
v -0.975421 -1.448960 0.170074
v -0.977477 -1.467160 0.177660
v -0.979243 -1.482788 0.189729
v -0.980597 -1.494780 0.205457
v -0.981449 -1.502319 0.223773
v -0.949161 -1.216517 0.588639
v -0.940636 -1.141055 0.512697
v -0.946954 -1.196986 0.586051
v -0.944898 -1.178786 0.578465
v -0.943133 -1.163158 0.566396
v -0.941778 -1.151165 0.550668
v -0.940926 -1.143627 0.532352
v -0.957686 -1.291978 0.512697
v -0.957396 -1.289407 0.532352
v -0.956544 -1.281869 0.550668
v -0.955189 -1.269876 0.566396
v -0.953423 -1.254248 0.578465
v -0.951367 -1.236048 0.586051
v -0.949161 -1.216517 0.167486
v -0.940636 -1.141055 0.243428
v -0.946954 -1.196986 0.170074
v -0.944898 -1.178786 0.177660
v -0.943133 -1.163158 0.189729
v -0.941778 -1.151165 0.205457
v -0.940926 -1.143627 0.223773
v -0.957686 -1.291978 0.243428
v -0.951367 -1.236048 0.170074
v -0.953423 -1.254248 0.177660
v -0.955189 -1.269876 0.189729
v -0.956544 -1.281869 0.205457
v -0.957396 -1.289407 0.223773
v -0.922434 -0.979948 0.588639
v -0.913909 -0.904487 0.512697
v -0.920228 -0.960418 0.586051
v -0.918172 -0.942218 0.578465
v -0.916406 -0.926589 0.566396
v -0.915051 -0.914597 0.550668
v -0.914200 -0.907058 0.532352
v -0.930960 -1.055410 0.512697
v -0.930669 -1.052839 0.532352
v -0.929818 -1.045300 0.550668
v -0.928463 -1.033308 0.566396
v -0.926697 -1.017679 0.578465
v -0.924641 -0.999479 0.586051
v -0.922434 -0.979948 0.167486
v -0.913909 -0.904487 0.243428
v -0.920228 -0.960418 0.170074
v -0.918172 -0.942218 0.177660
v -0.916406 -0.926589 0.189729
v -0.915051 -0.914597 0.205457
v -0.914200 -0.907058 0.223773
v -0.930960 -1.055410 0.243428
v -0.924641 -0.999479 0.170074
v -0.926697 -1.017679 0.177660
v -0.928463 -1.033308 0.189729
v -0.929818 -1.045300 0.205457
v -0.930669 -1.052839 0.223773
v -0.861855 -0.443727 0.588639
v -0.853330 -0.368265 0.512697
v -0.859649 -0.424196 0.586051
v -0.857593 -0.405996 0.578465
v -0.855827 -0.390367 0.566396
v -0.854472 -0.378375 0.550668
v -0.853621 -0.370836 0.532352
v -0.870381 -0.519188 0.512697
v -0.870090 -0.516617 0.532352
v -0.869238 -0.509078 0.550668
v -0.867884 -0.497086 0.566396
v -0.866118 -0.481457 0.578465
v -0.864062 -0.463257 0.586051
v -0.861855 -0.443727 0.167486
v -0.853330 -0.368265 0.243428
v -0.859649 -0.424196 0.170074
v -0.857593 -0.405996 0.177660
v -0.855827 -0.390367 0.189729
v -0.854472 -0.378375 0.205457
v -0.853621 -0.370836 0.223773
v -0.870381 -0.519188 0.243428
v -0.864062 -0.463257 0.170074
v -0.866118 -0.481457 0.177660
v -0.867884 -0.497086 0.189729
v -0.869238 -0.509078 0.205457
v -0.870090 -0.516617 0.223773
v -0.836020 -0.215044 0.588639
v -0.827495 -0.139582 0.512697
v -0.833814 -0.195513 0.586051
v -0.831758 -0.177313 0.578465
v -0.829992 -0.161684 0.566396
v -0.828637 -0.149692 0.550668
v -0.827786 -0.142153 0.532352
v -0.844545 -0.290505 0.512697
v -0.844255 -0.287934 0.532352
v -0.843403 -0.280395 0.550668
v -0.842049 -0.268403 0.566396
v -0.840283 -0.252775 0.578465
v -0.838227 -0.234575 0.586051
v -0.836020 -0.215044 0.167486
v -0.827495 -0.139582 0.243428
v -0.833814 -0.195513 0.170074
v -0.831758 -0.177313 0.177660
v -0.829992 -0.161684 0.189729
v -0.828637 -0.149692 0.205457
v -0.827786 -0.142153 0.223773
v -0.844545 -0.290505 0.243428
v -0.838227 -0.234575 0.170074
v -0.840283 -0.252775 0.177660
v -0.842049 -0.268403 0.189729
v -0.843403 -0.280395 0.205457
v -0.844255 -0.287934 0.223773
v -0.811967 -0.002132 0.588639
v -0.803442 0.073329 0.512697
v -0.809760 0.017399 0.586051
v -0.807704 0.035599 0.578465
v -0.805939 0.051227 0.566396
v -0.804584 0.063220 0.550668
v -0.803732 0.070758 0.532352
v -0.820492 -0.077594 0.512697
v -0.820202 -0.075022 0.532352
v -0.819350 -0.067484 0.550668
v -0.817995 -0.055491 0.566396
v -0.816229 -0.039863 0.578465
v -0.814173 -0.021663 0.586051
v -0.811967 -0.002132 0.167486
v -0.803442 0.073329 0.243428
v -0.809760 0.017399 0.170074
v -0.807704 0.035599 0.177660
v -0.805939 0.051227 0.189729
v -0.804584 0.063220 0.205457
v -0.803732 0.070758 0.223773
v -0.820492 -0.077594 0.243428
v -0.814173 -0.021663 0.170074
v -0.816229 -0.039863 0.177660
v -0.817995 -0.055491 0.189729
v -0.819350 -0.067484 0.205457
v -0.820202 -0.075022 0.223773
v -0.789695 0.195008 0.588639
v -0.781170 0.270470 0.512697
v -0.787488 0.214539 0.586051
v -0.785432 0.232739 0.578465
v -0.783667 0.248368 0.566396
v -0.782312 0.260360 0.550668
v -0.781460 0.267899 0.532352
v -0.798220 0.119547 0.512697
v -0.797930 0.122118 0.532352
v -0.797078 0.129657 0.550668
v -0.795723 0.141649 0.566396
v -0.793958 0.157278 0.578465
v -0.791901 0.175477 0.586051
v -0.789695 0.195008 0.167486
v -0.781170 0.270470 0.243428
v -0.787488 0.214539 0.170074
v -0.785432 0.232739 0.177660
v -0.783667 0.248368 0.189729
v -0.782312 0.260360 0.205457
v -0.781460 0.267899 0.223773
v -0.798220 0.119547 0.243428
v -0.791901 0.175477 0.170074
v -0.793958 0.157278 0.177660
v -0.795723 0.141649 0.189729
v -0.797078 0.129657 0.205457
v -0.797930 0.122118 0.223773
v 1.036539 -2.251852 -2.585505
v 1.052716 -2.403791 -2.585505
v 1.044628 -2.327822 -2.434149
v 1.036539 -2.251852 -2.509827
v 1.042534 -2.308159 -2.436728
v 1.040583 -2.289837 -2.444288
v 1.038908 -2.274103 -2.456314
v 1.037623 -2.262030 -2.471988
v 1.036815 -2.254441 -2.490240
v 1.052716 -2.403791 -2.509827
v 1.046721 -2.347484 -2.436728
v 1.048672 -2.365806 -2.444288
v 1.050347 -2.381540 -2.456314
v 1.051633 -2.393613 -2.471988
v 1.052441 -2.401203 -2.490240
v 1.036539 -2.251852 3.393972
v 1.052716 -2.403791 3.393972
v 1.044628 -2.327822 3.242615
v 1.036539 -2.251852 3.318294
v 1.042534 -2.308159 3.245194
v 1.040583 -2.289837 3.252754
v 1.038908 -2.274103 3.264781
v 1.037623 -2.262030 3.280454
v 1.036815 -2.254441 3.298707
v 1.052716 -2.403791 3.318294
v 1.046721 -2.347484 3.245194
v 1.048672 -2.365806 3.252754
v 1.050347 -2.381540 3.264781
v 1.051633 -2.393613 3.280454
v 1.052441 -2.401203 3.298707
v 1.026589 -2.351761 2.943233
v 1.007015 -2.182238 2.943233
v 1.026589 -2.351761 -2.229025
v 1.007015 -2.182238 -2.229025
v 0.312323 -0.987936 0.251066
v 0.305594 -0.935070 0.304358
v 0.310581 -0.974253 0.252882
v 0.308958 -0.961503 0.258206
v 0.307565 -0.950554 0.266675
v 0.306495 -0.942153 0.277712
v 0.305823 -0.936872 0.290565
v 0.319052 -1.040802 0.304358
v 0.318823 -1.039001 0.290565
v 0.318151 -1.033719 0.277712
v 0.317081 -1.025318 0.266675
v 0.315687 -1.014369 0.258206
v 0.314065 -1.001619 0.252882
v 0.312323 -0.987936 0.623944
v 0.305594 -0.935070 0.570652
v 0.310581 -0.974253 0.622128
v 0.308958 -0.961503 0.616804
v 0.307565 -0.950554 0.608335
v 0.306495 -0.942153 0.597298
v 0.305823 -0.936872 0.584445
v 0.319052 -1.040802 0.570652
v 0.314065 -1.001619 0.622128
v 0.315687 -1.014369 0.616804
v 0.317081 -1.025318 0.608335
v 0.318151 -1.033719 0.597298
v 0.318823 -1.039001 0.584445
v 0.272371 -0.674071 0.251066
v 0.265642 -0.621206 0.304358
v 0.270630 -0.660389 0.252882
v 0.269007 -0.647638 0.258206
v 0.267613 -0.636690 0.266675
v 0.266544 -0.628288 0.277712
v 0.265871 -0.623007 0.290565
v 0.279101 -0.726937 0.304358
v 0.278871 -0.725136 0.290565
v 0.278199 -0.719854 0.277712
v 0.277130 -0.711453 0.266675
v 0.275736 -0.700504 0.258206
v 0.274113 -0.687754 0.252882
v 0.272371 -0.674071 0.623944
v 0.265642 -0.621206 0.570652
v 0.270630 -0.660389 0.622128
v 0.269007 -0.647638 0.616804
v 0.267613 -0.636690 0.608335
v 0.266544 -0.628288 0.597298
v 0.265871 -0.623007 0.584445
v 0.279101 -0.726937 0.570652
v 0.274113 -0.687754 0.622128
v 0.275736 -0.700504 0.616804
v 0.277130 -0.711453 0.608335
v 0.278199 -0.719854 0.597298
v 0.278871 -0.725136 0.584445
v 0.291172 -0.821772 0.491080
v 0.284443 -0.768907 0.544373
v 0.289431 -0.808090 0.492896
v 0.287808 -0.795339 0.498220
v 0.286414 -0.784391 0.506690
v 0.285345 -0.775989 0.517727
v 0.284672 -0.770708 0.530580
v 0.297902 -0.874638 0.544373
v 0.297672 -0.872837 0.530580
v 0.297000 -0.867555 0.517727
v 0.295931 -0.859154 0.506690
v 0.294537 -0.848205 0.498220
v 0.292914 -0.835455 0.492896
v 0.291172 -0.821772 0.863958
v 0.284443 -0.768907 0.810666
v 0.289431 -0.808090 0.862142
v 0.287808 -0.795339 0.856818
v 0.286414 -0.784391 0.848349
v 0.285345 -0.775989 0.837312
v 0.284672 -0.770708 0.824459
v 0.297902 -0.874638 0.810666
v 0.292914 -0.835455 0.862142
v 0.294537 -0.848205 0.856818
v 0.295931 -0.859154 0.848349
v 0.297000 -0.867555 0.837312
v 0.297672 -0.872837 0.824459
v 0.291172 -0.821772 0.003139
v 0.284442 -0.768907 0.056432
v 0.289430 -0.808090 0.004955
v 0.287807 -0.795340 0.010279
v 0.286413 -0.784391 0.018748
v 0.285344 -0.775989 0.029786
v 0.284672 -0.770708 0.042639
v 0.297901 -0.874638 0.056432
v 0.297672 -0.872837 0.042639
v 0.296999 -0.867555 0.029786
v 0.295930 -0.859154 0.018748
v 0.294536 -0.848205 0.010279
v 0.292913 -0.835455 0.004955
v 0.291172 -0.821772 0.376017
v 0.284442 -0.768907 0.322725
v 0.289430 -0.808090 0.374201
v 0.287807 -0.795340 0.368877
v 0.286413 -0.784391 0.360408
v 0.285344 -0.775989 0.349371
v 0.284672 -0.770708 0.336518
v 0.297901 -0.874638 0.322725
v 0.292913 -0.835455 0.374201
v 0.294536 -0.848205 0.368877
v 0.295930 -0.859154 0.360408
v 0.296999 -0.867555 0.349371
v 0.297672 -0.872837 0.336518
v 0.312995 -0.993211 0.678344
v 0.306266 -0.940345 0.731637
v 0.311253 -0.979528 0.680160
v 0.309630 -0.966778 0.685484
v 0.308237 -0.955829 0.693953
v 0.307167 -0.947428 0.704990
v 0.306495 -0.942147 0.717844
v 0.319724 -1.046077 0.731637
v 0.319495 -1.044275 0.717844
v 0.318823 -1.038994 0.704990
v 0.317753 -1.030593 0.693953
v 0.316359 -1.019644 0.685484
v 0.314736 -1.006894 0.680160
v 0.312995 -0.993211 1.051222
v 0.306266 -0.940345 0.997930
v 0.311253 -0.979528 1.049406
v 0.309630 -0.966778 1.044082
v 0.308237 -0.955829 1.035613
v 0.307167 -0.947428 1.024576
v 0.306495 -0.942147 1.011723
v 0.319724 -1.046077 0.997930
v 0.314736 -1.006894 1.049406
v 0.316359 -1.019644 1.044082
v 0.317753 -1.030593 1.035613
v 0.318823 -1.038994 1.024576
v 0.319495 -1.044275 1.011723
v 0.312994 -0.993211 -0.168299
v 0.306265 -0.940345 -0.115007
v 0.311252 -0.979529 -0.166483
v 0.309629 -0.966778 -0.161160
v 0.308235 -0.955830 -0.152691
v 0.307166 -0.947428 -0.141653
v 0.306494 -0.942147 -0.128800
v 0.319723 -1.046077 -0.115007
v 0.319494 -1.044276 -0.128800
v 0.318821 -1.038994 -0.141653
v 0.317752 -1.030593 -0.152691
v 0.316358 -1.019644 -0.161160
v 0.314735 -1.006894 -0.166483
v 0.312994 -0.993211 0.204578
v 0.306265 -0.940345 0.151286
v 0.311252 -0.979529 0.202762
v 0.309629 -0.966778 0.197438
v 0.308235 -0.955830 0.188969
v 0.307166 -0.947428 0.177932
v 0.306494 -0.942147 0.165079
v 0.319723 -1.046077 0.151286
v 0.314735 -1.006894 0.202762
v 0.316358 -1.019644 0.197438
v 0.317752 -1.030593 0.188969
v 0.318821 -1.038994 0.177932
v 0.319494 -1.044276 0.165079
v 0.334145 -1.159375 0.491080
v 0.327416 -1.106509 0.544373
v 0.332404 -1.145692 0.492896
v 0.330781 -1.132942 0.498220
v 0.329387 -1.121993 0.506689
v 0.328318 -1.113592 0.517727
v 0.327646 -1.108310 0.530580
v 0.340875 -1.212241 0.544373
v 0.340645 -1.210439 0.530580
v 0.339973 -1.205158 0.517727
v 0.338904 -1.196757 0.506689
v 0.337510 -1.185808 0.498220
v 0.335887 -1.173058 0.492896
v 0.334145 -1.159375 0.863958
v 0.327416 -1.106509 0.810666
v 0.332404 -1.145692 0.862142
v 0.330781 -1.132942 0.856818
v 0.329387 -1.121993 0.848349
v 0.328318 -1.113592 0.837312
v 0.327646 -1.108310 0.824459
v 0.340875 -1.212241 0.810666
v 0.335887 -1.173058 0.862142
v 0.337510 -1.185808 0.856818
v 0.338904 -1.196757 0.848349
v 0.339973 -1.205158 0.837312
v 0.340645 -1.210439 0.824459
v 0.334145 -1.159375 0.003139
v 0.327416 -1.106509 0.056432
v 0.332403 -1.145692 0.004955
v 0.330780 -1.132942 0.010279
v 0.329387 -1.121993 0.018748
v 0.328317 -1.113592 0.029786
v 0.327645 -1.108311 0.042639
v 0.340874 -1.212241 0.056432
v 0.340645 -1.210439 0.042639
v 0.339972 -1.205158 0.029786
v 0.338903 -1.196757 0.018748
v 0.337509 -1.185808 0.010279
v 0.335886 -1.173058 0.004955
v 0.334145 -1.159375 0.376017
v 0.327416 -1.106509 0.322725
v 0.332403 -1.145692 0.374201
v 0.330780 -1.132942 0.368877
v 0.329387 -1.121993 0.360408
v 0.328317 -1.113592 0.349371
v 0.327645 -1.108311 0.336518
v 0.340874 -1.212241 0.322725
v 0.335886 -1.173058 0.374201
v 0.337509 -1.185808 0.368877
v 0.338903 -1.196757 0.360408
v 0.339972 -1.205158 0.349371
v 0.340645 -1.210439 0.336518
v 0.354961 -1.322901 0.678344
v 0.348231 -1.270035 0.731637
v 0.353219 -1.309218 0.680160
v 0.351596 -1.296468 0.685484
v 0.350202 -1.285519 0.693953
v 0.349133 -1.277118 0.704990
v 0.348461 -1.271837 0.717844
v 0.361690 -1.375767 0.731637
v 0.361461 -1.373965 0.717844
v 0.360788 -1.368684 0.704990
v 0.359719 -1.360283 0.693953
v 0.358325 -1.349334 0.685484
v 0.356702 -1.336584 0.680160
v 0.354961 -1.322901 1.051222
v 0.348231 -1.270035 0.997930
v 0.353219 -1.309218 1.049406
v 0.351596 -1.296468 1.044082
v 0.350202 -1.285519 1.035613
v 0.349133 -1.277118 1.024576
v 0.348461 -1.271837 1.011723
v 0.361690 -1.375767 0.997930
v 0.356702 -1.336584 1.049406
v 0.358325 -1.349334 1.044082
v 0.359719 -1.360283 1.035613
v 0.360788 -1.368684 1.024576
v 0.361461 -1.373965 1.011723
v 0.354960 -1.322901 -0.168299
v 0.348230 -1.270035 -0.115007
v 0.353218 -1.309219 -0.166483
v 0.351595 -1.296468 -0.161160
v 0.350201 -1.285519 -0.152690
v 0.349132 -1.277118 -0.141653
v 0.348460 -1.271837 -0.128800
v 0.361689 -1.375767 -0.115007
v 0.361460 -1.373965 -0.128800
v 0.360787 -1.368684 -0.141653
v 0.359718 -1.360283 -0.152690
v 0.358324 -1.349334 -0.161160
v 0.356701 -1.336584 -0.166483
v 0.354960 -1.322901 0.204578
v 0.348230 -1.270035 0.151286
v 0.353218 -1.309219 0.202762
v 0.351595 -1.296468 0.197438
v 0.350201 -1.285519 0.188969
v 0.349132 -1.277118 0.177932
v 0.348460 -1.271837 0.165079
v 0.361689 -1.375767 0.151286
v 0.356701 -1.336584 0.202762
v 0.358324 -1.349334 0.197438
v 0.359718 -1.360283 0.188969
v 0.360787 -1.368684 0.177932
v 0.361460 -1.373965 0.165079
v 0.354289 -1.317626 0.251066
v 0.347560 -1.264760 0.304358
v 0.352547 -1.303944 0.252882
v 0.350924 -1.291193 0.258206
v 0.349531 -1.280244 0.266675
v 0.348461 -1.271843 0.277712
v 0.347789 -1.266562 0.290565
v 0.361018 -1.370492 0.304358
v 0.360789 -1.368690 0.290565
v 0.360117 -1.363409 0.277712
v 0.359047 -1.355008 0.266675
v 0.357653 -1.344059 0.258206
v 0.356030 -1.331309 0.252882
v 0.354289 -1.317626 0.623944
v 0.347560 -1.264760 0.570652
v 0.352547 -1.303944 0.622128
v 0.350924 -1.291193 0.616804
v 0.349531 -1.280244 0.608335
v 0.348461 -1.271843 0.597298
v 0.347789 -1.266562 0.584445
v 0.361018 -1.370492 0.570652
v 0.356030 -1.331309 0.622128
v 0.357653 -1.344059 0.616804
v 0.359047 -1.355008 0.608335
v 0.360117 -1.363409 0.597298
v 0.360789 -1.368690 0.584445
v 0.375440 -1.483790 0.491080
v 0.368711 -1.430924 0.544373
v 0.373698 -1.470107 0.492896
v 0.372075 -1.457357 0.498220
v 0.370682 -1.446408 0.506689
v 0.369612 -1.438007 0.517727
v 0.368940 -1.432726 0.530580
v 0.382169 -1.536656 0.544373
v 0.381940 -1.534854 0.530580
v 0.381268 -1.529573 0.517727
v 0.380198 -1.521172 0.506689
v 0.378805 -1.510223 0.498220
v 0.377182 -1.497473 0.492896
v 0.375440 -1.483790 0.863958
v 0.368711 -1.430924 0.810666
v 0.373698 -1.470107 0.862142
v 0.372075 -1.457357 0.856818
v 0.370682 -1.446408 0.848349
v 0.369612 -1.438007 0.837312
v 0.368940 -1.432726 0.824459
v 0.382169 -1.536656 0.810666
v 0.377182 -1.497473 0.862142
v 0.378805 -1.510223 0.856818
v 0.380198 -1.521172 0.848349
v 0.381268 -1.529573 0.837312
v 0.381940 -1.534854 0.824459
v 0.375439 -1.483790 0.003139
v 0.368710 -1.430924 0.056432
v 0.373698 -1.470107 0.004955
v 0.372075 -1.457357 0.010279
v 0.370681 -1.446408 0.018748
v 0.369612 -1.438007 0.029785
v 0.368939 -1.432726 0.042639
v 0.382168 -1.536656 0.056432
v 0.381939 -1.534854 0.042639
v 0.381267 -1.529573 0.029785
v 0.380198 -1.521172 0.018748
v 0.378804 -1.510223 0.010279
v 0.377181 -1.497473 0.004955
v 0.375439 -1.483790 0.376017
v 0.368710 -1.430924 0.322725
v 0.373698 -1.470107 0.374201
v 0.372075 -1.457357 0.368877
v 0.370681 -1.446408 0.360408
v 0.369612 -1.438007 0.349371
v 0.368939 -1.432726 0.336518
v 0.382168 -1.536656 0.322725
v 0.377181 -1.497473 0.374201
v 0.378804 -1.510223 0.368877
v 0.380198 -1.521172 0.360408
v 0.381267 -1.529573 0.349371
v 0.381939 -1.534854 0.336518
v 0.395919 -1.644678 0.251066
v 0.389190 -1.591812 0.304358
v 0.394177 -1.630996 0.252882
v 0.392554 -1.618245 0.258206
v 0.391161 -1.607297 0.266675
v 0.390091 -1.598895 0.277712
v 0.389419 -1.593614 0.290565
v 0.402648 -1.697544 0.304358
v 0.402419 -1.695743 0.290565
v 0.401747 -1.690461 0.277712
v 0.400677 -1.682060 0.266675
v 0.399284 -1.671111 0.258206
v 0.397661 -1.658361 0.252882
v 0.395919 -1.644678 0.623944
v 0.389190 -1.591812 0.570652
v 0.394177 -1.630996 0.622128
v 0.392554 -1.618245 0.616804
v 0.391161 -1.607297 0.608335
v 0.390091 -1.598895 0.597298
v 0.389419 -1.593614 0.584445
v 0.402648 -1.697544 0.570652
v 0.397661 -1.658361 0.622128
v 0.399284 -1.671111 0.616804
v 0.400677 -1.682060 0.608335
v 0.401747 -1.690461 0.597298
v 0.402419 -1.695743 0.584445
v 0.778744 -2.024224 3.294008
v 0.754857 -1.975688 3.294008
v 0.773617 -1.971618 3.315638
v 0.771250 -2.021465 3.294009
v 0.764079 -2.011272 3.294009
v 0.778429 -2.019907 3.302286
v 0.770675 -2.016355 3.302493
v 0.764838 -2.008114 3.302063
v 0.765925 -2.003594 3.306496
v 0.756360 -1.975065 3.302286
v 0.760453 -1.974073 3.309303
v 0.758322 -1.995197 3.294009
v 0.760171 -1.995012 3.302493
v 0.763383 -1.993180 3.308203
v 0.775654 -1.991437 3.313992
v 0.777344 -2.008394 3.309303
v 0.766513 -1.972863 3.313992
v 0.768420 -1.993222 3.312004
v 0.770164 -2.006958 3.308203
v 0.363115 1.723807 3.315638
v 0.343920 1.723658 3.294008
v 0.356571 1.776257 3.294008
v 0.355911 1.723462 3.313992
v 0.349734 1.723312 3.309303
v 0.360753 1.743591 3.313992
v 0.353304 1.743743 3.312004
v 0.348398 1.742596 3.308203
v 0.348594 1.753314 3.306496
v 0.343019 1.743453 3.294009
v 0.345107 1.760400 3.294009
v 0.345523 1.723382 3.302286
v 0.344863 1.743678 3.302493
v 0.346541 1.757485 3.302063
v 0.357212 1.771976 3.302286
v 0.358680 1.760505 3.309303
v 0.349866 1.771919 3.294009
v 0.350426 1.766807 3.302493
v 0.351990 1.757528 3.308203
v 0.778744 -2.024224 -2.369581
v 0.773617 -1.971618 -2.391210
v 0.754857 -1.975688 -2.369581
v 0.778429 -2.019907 -2.377857
v 0.777344 -2.008394 -2.384875
v 0.771250 -2.021465 -2.369581
v 0.770675 -2.016355 -2.378065
v 0.770164 -2.006958 -2.383775
v 0.765925 -2.003594 -2.382068
v 0.766513 -1.972863 -2.389563
v 0.760453 -1.974073 -2.384875
v 0.775654 -1.991437 -2.389563
v 0.768420 -1.993222 -2.387576
v 0.763383 -1.993180 -2.383775
v 0.758322 -1.995197 -2.369581
v 0.764079 -2.011272 -2.369581
v 0.756360 -1.975065 -2.377857
v 0.760171 -1.995012 -2.378065
v 0.764838 -2.008114 -2.377634
v 0.356571 1.776257 -2.369581
v 0.343920 1.723658 -2.369581
v 0.363115 1.723808 -2.391210
v 0.349866 1.771919 -2.369581
v 0.345107 1.760400 -2.369581
v 0.357212 1.771976 -2.377857
v 0.350426 1.766807 -2.378065
v 0.346541 1.757485 -2.377634
v 0.348594 1.753314 -2.382068
v 0.345523 1.723381 -2.377857
v 0.349734 1.723312 -2.384875
v 0.343019 1.743453 -2.369581
v 0.344863 1.743678 -2.378065
v 0.348398 1.742596 -2.383775
v 0.360753 1.743591 -2.389563
v 0.358680 1.760505 -2.384875
v 0.355911 1.723462 -2.389563
v 0.353304 1.743743 -2.387576
v 0.351990 1.757528 -2.383775
v 1.073447 -2.415043 3.510620
v 1.092563 -2.413863 3.535533
v 1.097692 -2.466470 3.513904
v 1.075206 -2.417599 3.520154
v 1.079457 -2.418272 3.528236
v 1.077125 -2.435346 3.511395
v 1.079281 -2.435672 3.520361
v 1.082033 -2.435575 3.527518
v 1.084685 -2.445832 3.525652
v 1.093847 -2.434070 3.533887
v 1.095272 -2.451164 3.529198
v 1.085552 -2.416960 3.533637
v 1.087347 -2.435064 3.531187
v 1.088875 -2.449815 3.527953
v 1.090246 -2.463178 3.513173
v 1.083024 -2.452249 3.512292
v 1.096623 -2.462541 3.522182
v 1.089604 -2.457349 3.521366
v 1.083573 -2.450279 3.520649
v 0.584842 1.980698 3.510398
v 0.600574 2.005557 3.513904
v 0.607122 1.953108 3.535533
v 0.585262 1.989589 3.510757
v 0.588399 1.997435 3.511549
v 0.587398 1.970861 3.520017
v 0.588079 1.983255 3.520047
v 0.589814 1.993204 3.520262
v 0.592318 1.987527 3.525473
v 0.601969 2.001664 3.522182
v 0.603703 1.990329 3.529198
v 0.593776 2.003042 3.512654
v 0.595081 1.997822 3.521120
v 0.596423 1.989956 3.527878
v 0.599456 1.955929 3.533620
v 0.592530 1.962163 3.528172
v 0.605513 1.973279 3.533887
v 0.597822 1.975138 3.531167
v 0.591603 1.977961 3.527414
v 1.097692 -2.466470 -2.639853
v 1.092563 -2.413863 -2.661483
v 1.073490 -2.415127 -2.639853
v 1.096623 -2.462541 -2.648131
v 1.095272 -2.451164 -2.655148
v 1.090249 -2.463184 -2.639853
v 1.089608 -2.457357 -2.647839
v 1.088875 -2.449788 -2.654233
v 1.084682 -2.445759 -2.652292
v 1.085521 -2.416657 -2.659837
v 1.079423 -2.417879 -2.655148
v 1.093846 -2.434070 -2.659837
v 1.087335 -2.434933 -2.657443
v 1.082019 -2.435384 -2.654233
v 1.077151 -2.435398 -2.639853
v 1.083036 -2.452273 -2.639853
v 1.075199 -2.417341 -2.648131
v 1.079283 -2.435566 -2.647839
v 1.083578 -2.450263 -2.647635
v 0.600574 2.005557 -2.639853
v 0.584961 1.979632 -2.639853
v 0.607122 1.953108 -2.661483
v 0.593188 2.007338 -2.639853
v 0.587627 2.003036 -2.639853
v 0.601669 1.997187 -2.648130
v 0.594180 1.998348 -2.648338
v 0.589614 1.995156 -2.647907
v 0.591971 1.988251 -2.652341
v 0.587244 1.973236 -2.648130
v 0.592258 1.965949 -2.655147
v 0.584738 1.993307 -2.639853
v 0.587315 1.986948 -2.648338
v 0.591473 1.980266 -2.654047
v 0.605213 1.968802 -2.659836
v 0.603298 1.984281 -2.655147
v 0.599238 1.958881 -2.659836
v 0.597060 1.975284 -2.657849
v 0.595905 1.987626 -2.654047
v -1.228213 -2.605918 3.969774
v -1.215096 -2.656891 3.969774
v -1.208934 -2.603753 3.991403
v -1.228951 -2.625757 3.969774
v -1.226717 -2.642410 3.969774
v -1.226593 -2.605422 3.978051
v -1.227084 -2.625732 3.978259
v -1.225289 -2.639305 3.977828
v -1.223258 -2.634890 3.982262
v -1.214474 -2.652514 3.978051
v -1.213085 -2.640879 3.985068
v -1.221852 -2.653343 3.969774
v -1.221316 -2.648146 3.978259
v -1.219816 -2.638690 3.983968
v -1.216159 -2.604250 3.989757
v -1.222360 -2.604836 3.985068
v -1.211140 -2.623756 3.989757
v -1.218607 -2.624780 3.987770
v -1.223539 -2.624220 3.983968
v -1.228213 -2.605918 -3.109142
v -1.208934 -2.603753 -3.130771
v -1.215096 -2.656891 -3.109142
v -1.226593 -2.605422 -3.117419
v -1.222360 -2.604836 -3.124436
v -1.228951 -2.625757 -3.109142
v -1.227084 -2.625732 -3.117626
v -1.223539 -2.624220 -3.123336
v -1.223258 -2.634890 -3.121629
v -1.211140 -2.623756 -3.129124
v -1.213085 -2.640879 -3.124436
v -1.216159 -2.604250 -3.129124
v -1.218607 -2.624780 -3.127137
v -1.219816 -2.638690 -3.123336
v -1.221852 -2.653343 -3.109142
v -1.226717 -2.642410 -3.109142
v -1.214474 -2.652514 -3.117419
v -1.221316 -2.648146 -3.117626
v -1.225289 -2.639305 -3.117196
v 1.228213 -2.605918 3.969774
v 1.208934 -2.603753 3.991403
v 1.215096 -2.656891 3.969774
v 1.226479 -2.603120 3.978051
v 1.222206 -2.601726 3.985068
v 1.228798 -2.625425 3.969774
v 1.226493 -2.623350 3.977759
v 1.223441 -2.622009 3.984153
v 1.222907 -2.634127 3.982213
v 1.210348 -2.624089 3.989757
v 1.212015 -2.641328 3.985068
v 1.216045 -2.601948 3.989757
v 1.217644 -2.622687 3.987364
v 1.219058 -2.639040 3.984154
v 1.221699 -2.653011 3.969774
v 1.226511 -2.641962 3.969774
v 1.213683 -2.652846 3.978051
v 1.220363 -2.647169 3.977759
v 1.225299 -2.639327 3.977556
v 1.208934 -2.603753 -3.130771
v 1.228213 -2.605918 -3.109142
v 1.215096 -2.656891 -3.109142
v 1.216159 -2.604250 -3.129124
v 1.222360 -2.604836 -3.124436
v 1.211140 -2.623756 -3.129124
v 1.218607 -2.624780 -3.127137
v 1.223539 -2.624220 -3.123336
v 1.223258 -2.634890 -3.121629
v 1.228951 -2.625757 -3.109142
v 1.226717 -2.642410 -3.109142
v 1.226593 -2.605422 -3.117419
v 1.227084 -2.625732 -3.117626
v 1.225289 -2.639305 -3.117196
v 1.214474 -2.652514 -3.117419
v 1.213085 -2.640879 -3.124436
v 1.221852 -2.653343 -3.109142
v 1.221316 -2.648146 -3.117626
v 1.219816 -2.638690 -3.123336
v 0.732901 2.093465 3.991404
v 0.749548 2.117275 3.969774
v 0.739272 2.102576 3.989758
v 0.744672 2.110301 3.985069
v 0.748280 2.115462 3.978052
v 0.538468 2.516130 3.991404
v 0.541623 2.569268 3.969774
v 0.539676 2.536465 3.989758
v 0.540699 2.553704 3.985069
v 0.541383 2.565223 3.978052
v 0.658211 2.392334 3.991404
v 0.680419 2.393889 3.969774
v 0.652449 2.454690 3.969774
v 0.665573 2.397478 3.989758
v 0.672378 2.399579 3.985069
v 0.657828 2.414313 3.989758
v 0.663905 2.414463 3.987364
v 0.669138 2.413993 3.984154
v 0.666269 2.423648 3.982213
v 0.674996 2.411697 3.969774
v 0.667776 2.429506 3.969774
v 0.677591 2.398319 3.978052
v 0.672257 2.413328 3.977760
v 0.667160 2.427112 3.977556
v 0.654710 2.448060 3.978052
v 0.656599 2.433881 3.985069
v 0.659859 2.444603 3.969774
v 0.661171 2.437429 3.977760
v 0.662271 2.428919 3.984154
v 0.538468 2.516130 -3.130772
v 0.541623 2.569268 -3.109143
v 0.539676 2.536465 -3.129126
v 0.540699 2.553704 -3.124438
v 0.541383 2.565223 -3.117420
v 0.732901 2.093465 -3.130772
v 0.749548 2.117275 -3.109143
v 0.739272 2.102576 -3.129126
v 0.744672 2.110301 -3.124438
v 0.748280 2.115462 -3.117420
v 0.652449 2.454690 -3.109143
v 0.680419 2.393889 -3.109143
v 0.658211 2.392334 -3.130772
v 0.659859 2.444603 -3.109143
v 0.667776 2.429506 -3.109143
v 0.654710 2.448059 -3.117420
v 0.661171 2.437429 -3.117129
v 0.667160 2.427112 -3.116925
v 0.666269 2.423648 -3.121583
v 0.677591 2.398319 -3.117420
v 0.672378 2.399579 -3.124438
v 0.674996 2.411697 -3.109143
v 0.672257 2.413328 -3.117129
v 0.669138 2.413993 -3.123523
v 0.657828 2.414313 -3.129126
v 0.656599 2.433881 -3.124438
v 0.665573 2.397478 -3.129126
v 0.663905 2.414463 -3.126733
v 0.662272 2.428919 -3.123523
v -0.538482 2.516130 3.991404
v -0.541637 2.569268 3.969774
v -0.539690 2.536465 3.989758
v -0.540713 2.553704 3.985069
v -0.541397 2.565223 3.978052
v -0.732897 2.093504 3.991404
v -0.749544 2.117314 3.969774
v -0.739268 2.102615 3.989758
v -0.744668 2.110340 3.985069
v -0.748277 2.115501 3.978052
v -0.652452 2.454702 3.969774
v -0.680422 2.393900 3.969774
v -0.658214 2.392346 3.991404
v -0.659862 2.444614 3.969774
v -0.667779 2.429517 3.969774
v -0.654713 2.448071 3.978052
v -0.661174 2.437441 3.977760
v -0.667163 2.427123 3.977556
v -0.666272 2.423660 3.982213
v -0.677594 2.398331 3.978052
v -0.672381 2.399591 3.985069
v -0.674999 2.411709 3.969774
v -0.672260 2.413340 3.977760
v -0.669141 2.414005 3.984154
v -0.657831 2.414324 3.989758
v -0.656602 2.433893 3.985069
v -0.665576 2.397489 3.989758
v -0.663908 2.414474 3.987364
v -0.662274 2.428930 3.984154
v -0.732897 2.093504 -3.130772
v -0.749544 2.117314 -3.109143
v -0.739268 2.102615 -3.129126
v -0.744668 2.110340 -3.124438
v -0.748277 2.115501 -3.117420
v -0.538482 2.516130 -3.130772
v -0.541637 2.569268 -3.109143
v -0.539690 2.536465 -3.129126
v -0.540713 2.553704 -3.124438
v -0.541397 2.565223 -3.117420
v -0.658214 2.392346 -3.130772
v -0.680422 2.393900 -3.109143
v -0.652452 2.454702 -3.109143
v -0.665575 2.397489 -3.129126
v -0.672381 2.399591 -3.124438
v -0.657831 2.414325 -3.129126
v -0.663908 2.414474 -3.126733
v -0.669141 2.414005 -3.123523
v -0.666272 2.423660 -3.121582
v -0.674999 2.411709 -3.109143
v -0.667779 2.429517 -3.109143
v -0.677594 2.398331 -3.117420
v -0.672260 2.413340 -3.117129
v -0.667163 2.427123 -3.116925
v -0.654713 2.448071 -3.117420
v -0.656602 2.433892 -3.124438
v -0.659862 2.444614 -3.109143
v -0.661174 2.437441 -3.117129
v -0.662274 2.428930 -3.123523
v 0.559944 2.550326 -3.109143
v 0.553817 2.500262 -3.130772
v 0.559478 2.546515 -3.117420
v 0.558150 2.535663 -3.124438
v 0.556162 2.519421 -3.129126
v 0.559944 2.550326 3.969774
v 0.553817 2.500262 3.991404
v 0.559478 2.546515 3.978052
v 0.558150 2.535663 3.985069
v 0.556162 2.519421 3.989758
v -0.565288 2.544816 3.969774
v -0.559161 2.494752 3.991404
v -0.564821 2.541005 3.978052
v -0.563493 2.530153 3.985069
v -0.561505 2.513911 3.989758
v -0.565288 2.544816 -3.109143
v -0.559161 2.494752 -3.130772
v -0.564821 2.541005 -3.117420
v -0.563493 2.530153 -3.124438
v -0.561505 2.513911 -3.129126
v 0.736414 2.169829 -3.109143
v 0.721622 2.138600 -3.130772
v 0.735288 2.167451 -3.117420
v 0.732081 2.160682 -3.124438
v 0.727282 2.150551 -3.129126
v 0.736414 2.169829 3.969774
v 0.721622 2.138600 3.991404
v 0.735288 2.167451 3.978052
v 0.732081 2.160682 3.985069
v 0.727282 2.150551 3.989758
v -0.742863 2.144044 3.969774
v -0.728071 2.112816 3.991404
v -0.741737 2.141667 3.978052
v -0.738531 2.134898 3.985069
v -0.733732 2.124766 3.989758
v -0.742863 2.144044 -3.109143
v -0.728071 2.112816 -3.130772
v -0.741737 2.141667 -3.117420
v -0.738531 2.134898 -3.124438
v -0.733732 2.124766 -3.129126
v 1.194515 -2.455707 -2.639853
v 1.217950 -2.504649 -2.683111
v 1.188608 -2.403187 -2.661483
v 1.201899 -2.458810 -2.649778
v 1.208946 -2.469200 -2.661483
v 1.193267 -2.451798 -2.648131
v 1.200831 -2.454853 -2.654865
v 1.207167 -2.460737 -2.661483
v 1.204609 -2.453677 -2.661483
v 1.213907 -2.479070 -2.674834
v 1.206911 -2.450807 -2.667817
v 1.214582 -2.485297 -2.673188
v 1.210782 -2.468503 -2.668100
v 1.206258 -2.452526 -2.664347
v 1.190070 -2.423374 -2.659837
v 1.191706 -2.440444 -2.655148
v 1.198027 -2.424160 -2.663129
v 1.198922 -2.437780 -2.661483
v 1.199678 -2.447699 -2.658618
v 0.740815 2.021146 -2.639853
v 0.745566 1.968498 -2.661483
v 0.753918 2.074150 -2.683111
v 0.741798 2.017207 -2.648131
v 0.743046 2.005819 -2.655148
v 0.747413 2.025803 -2.649777
v 0.747801 2.021770 -2.654865
v 0.748382 2.015004 -2.658618
v 0.751376 2.022536 -2.661483
v 0.750170 1.995035 -2.663129
v 0.753374 2.024432 -2.667817
v 0.744369 1.988714 -2.659837
v 0.749175 2.006442 -2.661483
v 0.752822 2.023312 -2.664347
v 0.754504 2.054489 -2.673188
v 0.752220 2.037512 -2.661483
v 0.754690 2.052213 -2.674834
v 0.753973 2.039017 -2.668100
v 0.752291 2.029310 -2.661483
v 1.194515 -2.455707 3.513904
v 1.188608 -2.403187 3.535533
v 1.217950 -2.504649 3.557163
v 1.193267 -2.451798 3.522182
v 1.191706 -2.440444 3.529198
v 1.201899 -2.458810 3.523828
v 1.200831 -2.454853 3.528916
v 1.199678 -2.447699 3.532669
v 1.204609 -2.453677 3.535533
v 1.198027 -2.424161 3.537180
v 1.206911 -2.450808 3.541868
v 1.190070 -2.423374 3.533887
v 1.198922 -2.437780 3.535533
v 1.206258 -2.452527 3.538398
v 1.214582 -2.485297 3.547239
v 1.208946 -2.469200 3.535533
v 1.213907 -2.479071 3.548885
v 1.210782 -2.468503 3.542151
v 1.207167 -2.460737 3.535533
v 0.740815 2.021146 3.513904
v 0.753918 2.074150 3.557163
v 0.745566 1.968498 3.535533
v 0.747413 2.025803 3.523828
v 0.752220 2.037512 3.535533
v 0.741798 2.017207 3.522182
v 0.747801 2.021770 3.528915
v 0.752291 2.029310 3.535533
v 0.751376 2.022536 3.535533
v 0.754690 2.052214 3.548885
v 0.753374 2.024433 3.541868
v 0.754504 2.054489 3.547239
v 0.753973 2.039017 3.542151
v 0.752822 2.023312 3.538398
v 0.744369 1.988714 3.533887
v 0.743046 2.005819 3.529198
v 0.750170 1.995036 3.537180
v 0.749175 2.006443 3.535533
v 0.748382 2.015004 3.532669
v 1.008407 -1.998695 -2.369581
v 1.032606 -2.050041 -2.412839
v 1.001864 -1.946245 -2.391210
v 1.015850 -2.001980 -2.379222
v 1.023062 -2.012892 -2.390828
v 1.007013 -1.994802 -2.377858
v 1.014692 -1.998076 -2.384465
v 1.021160 -2.004273 -2.391019
v 1.018495 -1.997136 -2.391130
v 1.028220 -2.023725 -2.404561
v 1.020838 -1.994760 -2.397544
v 1.028946 -2.029769 -2.402633
v 1.024919 -2.012538 -2.397700
v 1.020165 -1.996171 -2.394043
v 1.003472 -1.966416 -2.389563
v 1.005280 -1.983467 -2.384875
v 1.011583 -1.967552 -2.392856
v 1.012587 -1.981105 -2.391210
v 1.013431 -1.990931 -2.388313
v 0.586235 1.801787 -2.369581
v 0.591362 1.749180 -2.391210
v 0.601850 1.827713 -2.412839
v 0.587304 1.797858 -2.377858
v 0.588654 1.786480 -2.384875
v 0.593025 1.804383 -2.384827
v 0.593517 1.799889 -2.386990
v 0.594181 1.792936 -2.388944
v 0.597420 1.797491 -2.392704
v 0.596435 1.769698 -2.392856
v 0.600209 1.791828 -2.397544
v 0.590079 1.769387 -2.389563
v 0.595196 1.782798 -2.391210
v 0.599158 1.795435 -2.394674
v 0.601475 1.818414 -2.408239
v 0.598376 1.810222 -2.398402
v 0.602111 1.812199 -2.404561
v 0.600622 1.807073 -2.400225
v 0.598341 1.803647 -2.394806
v 1.008407 -1.998695 3.294008
v 1.001864 -1.946245 3.315638
v 1.032653 -2.050121 3.340551
v 1.007013 -1.994802 3.302286
v 1.005280 -1.983467 3.309303
v 1.015854 -2.001987 3.304371
v 1.014696 -1.998084 3.309412
v 1.013403 -1.990649 3.313070
v 1.018423 -1.996430 3.316247
v 1.011302 -1.964993 3.317534
v 1.020467 -1.991317 3.322935
v 1.003472 -1.966416 3.313992
v 1.012463 -1.979957 3.315944
v 1.019983 -1.994455 3.319235
v 1.028975 -2.029818 3.329559
v 1.023076 -2.012916 3.316854
v 1.027964 -2.021210 3.331017
v 1.024809 -2.011414 3.323652
v 1.021138 -2.004001 3.316477
v 0.586235 1.801787 3.294008
v 0.601967 1.826645 3.340773
v 0.591362 1.749180 3.315638
v 0.593033 1.804302 3.310686
v 0.598410 1.809909 3.325429
v 0.587304 1.797858 3.302286
v 0.593528 1.799790 3.312269
v 0.598386 1.803240 3.320779
v 0.597489 1.796872 3.318053
v 0.602356 1.809980 3.331154
v 0.600478 1.789406 3.323000
v 0.601547 1.817755 3.335994
v 0.600746 1.805944 3.326577
v 0.599301 1.794149 3.319992
v 0.590079 1.769387 3.313992
v 0.588654 1.786480 3.309303
v 0.596617 1.768056 3.317551
v 0.595285 1.781996 3.315965
v 0.594210 1.792671 3.313798
v 0.627094 -0.825538 0.837312
v 0.679302 -1.295520 0.680160
v 0.655416 -1.080493 0.848349
v 0.646765 -1.002617 -0.128800
v 0.626159 -0.817120 0.848349
v 0.680721 -1.308296 0.685484
v 0.646965 -1.004423 -0.115007
v 0.654480 -1.072075 0.837312
v 0.624940 -0.806148 0.856818
v 0.681940 -1.319268 0.693953
v 0.646965 -1.004423 0.151286
v 0.682875 -1.327686 0.704990
v 0.623521 -0.793372 0.862142
v 0.653893 -1.066783 0.824459
v 0.646765 -1.002617 0.165079
v 0.653692 -1.064978 0.810666
v 0.683463 -1.332978 0.717844
v 0.658054 -1.104241 0.492896
v 0.604034 -0.617950 0.252882
v 0.621998 -0.779662 0.863958
v 0.635196 -0.898476 0.731637
v 0.656634 -1.091464 0.498220
v 0.646178 -0.997332 0.290565
v 0.646177 -0.997326 0.177932
v 0.602615 -0.605174 0.258206
v 0.634609 -0.893190 0.304358
v 0.634609 -0.893190 0.333780
v 0.635985 -0.905573 0.704990
v 0.653692 -1.064978 0.056432
v 0.659577 -1.117951 0.491080
v 0.646378 -0.999137 0.540014
v 0.646378 -0.999137 0.570652
v 0.683663 -1.334783 0.731637
v 0.634609 -0.893190 0.570652
v 0.635397 -0.900281 0.717844
v 0.605558 -0.631660 0.251066
v 0.653692 -1.064978 0.322725
v 0.620475 -0.765951 0.862142
v 0.646378 -0.999137 0.304358
v 0.634810 -0.894995 0.290565
v 0.636920 -0.913992 0.693953
v 0.683663 -1.334783 0.997930
v 0.645242 -0.988907 0.188969
v 0.653893 -1.066783 0.042639
v 0.619056 -0.753175 0.856818
v 0.646178 -0.997332 0.584445
v 0.661100 -1.131662 0.492896
v 0.635398 -0.900287 0.277712
v 0.644023 -0.977936 0.197438
v 0.638139 -0.924963 0.685484
v 0.663737 -1.155409 0.360408
v 0.654480 -1.072075 0.029786
v 0.607080 -0.645371 0.252882
v 0.645590 -0.992040 0.597298
v 0.639558 -0.937739 1.049406
v 0.664673 -1.163827 0.349371
v 0.617837 -0.742204 0.848349
v 0.636333 -0.908706 0.266675
v 0.639558 -0.937739 0.680160
v 0.683463 -1.332978 1.011723
v 0.642604 -0.965160 0.202762
v 0.662519 -1.144438 0.368877
v 0.662519 -1.144438 0.498220
v 0.641081 -0.951449 1.051222
v 0.655416 -1.080493 0.018748
v 0.644655 -0.983621 0.608335
v 0.608500 -0.658147 0.258206
v 0.682875 -1.327686 1.024576
v 0.638139 -0.924963 1.044082
v 0.616902 -0.733786 0.837312
v 0.637551 -0.919677 0.258206
v 0.640909 -0.949901 0.678550
v 0.641081 -0.951449 0.678344
v 0.661100 -1.131662 0.374201
v 0.643436 -0.972650 0.616804
v 0.663737 -1.155409 0.506689
v 0.609718 -0.669118 0.266675
v 0.641081 -0.951449 0.204578
v 0.681940 -1.319268 1.035613
v 0.601397 -0.594203 0.608335
v 0.638971 -0.932453 0.252882
v 0.616314 -0.728494 0.824459
v 0.656634 -1.091464 0.010279
v 0.659577 -1.117951 0.376017
v 0.600461 -0.585784 0.597298
v 0.642604 -0.965160 0.680160
v 0.636920 -0.913992 1.035613
v 0.642017 -0.959874 0.622128
v 0.610654 -0.677536 0.277712
v 0.664673 -1.163827 0.517727
v 0.658054 -1.104241 0.004955
v 0.599873 -0.580492 0.584445
v 0.635985 -0.905573 1.024576
v 0.639558 -0.937739 0.202762
v 0.639729 -0.939281 0.202967
v 0.640494 -0.946164 0.251066
v 0.616114 -0.726689 0.810666
v 0.680721 -1.308296 1.044082
v 0.599673 -0.578687 0.570652
v 0.644023 -0.977936 0.685484
v 0.658054 -1.104241 0.374201
v 0.640494 -0.946164 0.623944
v 0.640666 -0.947711 0.623739
v 0.679302 -1.295520 1.049406
v 0.665260 -1.169119 0.530580
v 0.659577 -1.117951 0.003139
v 0.638139 -0.924963 0.197438
v 0.611241 -0.682829 0.290565
v 0.616114 -0.726689 0.056432
v 0.616114 -0.726689 0.544373
v 0.616114 -0.726689 0.571882
v 0.641844 -0.958320 0.252676
v 0.642017 -0.959874 0.252882
v 0.635397 -0.900281 1.011723
v 0.645242 -0.988907 0.693953
v 0.656634 -1.091464 0.368877
v 0.616114 -0.726689 0.322725
v 0.611422 -0.684450 0.302958
v 0.611442 -0.684634 0.304358
v 0.677779 -1.281810 1.051222
v 0.665461 -1.170924 0.544373
v 0.638971 -0.932453 0.622128
v 0.635196 -0.898476 0.997930
v 0.661100 -1.131662 0.004955
v 0.636920 -0.913992 0.188969
v 0.643436 -0.972650 0.258206
v 0.655416 -1.080493 0.360408
v 0.646177 -0.997325 0.704990
v 0.616314 -0.728494 0.042639
v 0.616314 -0.728494 0.530580
v 0.665461 -1.170924 0.778056
v 0.665461 -1.170924 0.810666
v 0.611442 -0.684634 0.543625
v 0.611442 -0.684634 0.570652
v 0.637551 -0.919677 0.616804
v 0.676256 -1.268099 1.049406
v 0.635196 -0.898476 -0.115007
v 0.616902 -0.733786 0.029786
v 0.662519 -1.144438 0.010279
v 0.616902 -0.733786 0.517727
v 0.635985 -0.905573 0.177932
v 0.654480 -1.072075 0.349371
v 0.635196 -0.898476 0.151286
v 0.636333 -0.908706 0.608335
v 0.644655 -0.983621 0.266675
v 0.646765 -1.002617 0.717844
v 0.617837 -0.742204 0.018748
v 0.674836 -1.255323 1.044082
v 0.665260 -1.169119 0.824459
v 0.611241 -0.682829 0.584445
v 0.663737 -1.155409 0.018748
v 0.653893 -1.066783 0.336518
v 0.645590 -0.992040 0.277712
v 0.635397 -0.900281 -0.128800
v 0.646965 -1.004422 0.731637
v 0.617837 -0.742204 0.506690
v 0.664673 -1.163827 0.837312
v 0.610654 -0.677536 0.597298
v 0.635398 -0.900287 0.597298
v 0.635985 -0.905573 -0.141653
v 0.635397 -0.900281 0.165079
v 0.619056 -0.753175 0.010279
v 0.619056 -0.753175 0.498220
v 0.646965 -1.004423 0.997930
v 0.673618 -1.244352 1.035613
v 0.663737 -1.155409 0.848349
v 0.634810 -0.894995 0.584445
v 0.609718 -0.669118 0.608335
v 0.672682 -1.235934 1.024576
v 0.664673 -1.163827 0.029786
v 0.620475 -0.765951 0.004955
v 0.620475 -0.765951 0.492896
v 0.636920 -0.913992 -0.152691
v 0.671894 -1.228837 0.997930
v 0.608500 -0.658147 0.616804
v 0.653692 -1.064978 0.544373
v 0.662519 -1.144438 0.856818
v 0.665260 -1.169119 0.042639
v 0.671894 -1.228837 0.731637
v 0.638139 -0.924963 -0.161160
v 0.691526 -1.405568 0.506689
v 0.646765 -1.002617 1.011723
v 0.672095 -1.230642 1.011723
v 0.672095 -1.230642 0.717844
v 0.621998 -0.779662 0.003139
v 0.694164 -1.429316 0.492896
v 0.621998 -0.779662 0.491080
v 0.646177 -0.997325 1.024576
v 0.607080 -0.645371 0.622128
v 0.653716 -1.065191 0.542747
v 0.661100 -1.131662 0.862142
v 0.665461 -1.170924 0.056432
v 0.599673 -0.578687 0.304358
v 0.692745 -1.416539 0.498220
v 0.653893 -1.066783 0.530580
v 0.672682 -1.235934 0.704990
v 0.639558 -0.937739 -0.166483
v 0.695687 -1.443026 0.491080
v 0.623521 -0.793372 0.492896
v 0.623521 -0.793372 0.004955
v 0.605558 -0.631660 0.623944
v 0.654480 -1.072075 0.517727
v 0.659577 -1.117951 0.863958
v 0.645242 -0.988907 1.035613
v 0.665461 -1.170924 0.290115
v 0.665461 -1.170924 0.322725
v 0.641081 -0.951449 -0.168299
v 0.671894 -1.228837 -0.115007
v 0.599873 -0.580492 0.290565
v 0.644023 -0.977936 1.044082
v 0.673618 -1.244352 0.693953
v 0.624940 -0.806148 0.498220
v 0.624940 -0.806148 0.010279
v 0.655416 -1.080493 0.506689
v 0.671894 -1.228837 0.151286
v 0.697210 -1.456736 0.492896
v 0.600461 -0.585784 0.277712
v 0.604034 -0.617950 0.622128
v 0.658054 -1.104241 0.862142
v 0.665260 -1.169119 0.336518
v 0.642604 -0.965160 -0.166483
v 0.674836 -1.255323 0.685484
v 0.626159 -0.817120 0.018748
v 0.672095 -1.230642 -0.128800
v 0.642604 -0.965160 1.049406
v 0.626159 -0.817120 0.506690
v 0.698629 -1.469513 0.498220
v 0.602615 -0.605174 0.616804
v 0.656634 -1.091464 0.856818
v 0.676256 -1.268099 0.680160
v 0.672683 -1.235934 -0.141653
v 0.644023 -0.977936 -0.161160
v 0.601397 -0.594203 0.266675
v 0.627094 -0.825538 0.517727
v 0.679302 -1.295520 0.202762
v 0.699848 -1.480484 0.506689
v 0.683050 -1.329264 0.302575
v 0.683076 -1.329497 0.304358
v 0.627094 -0.825538 0.029786
v 0.673618 -1.244352 -0.152690
v 0.701371 -1.494194 0.336518
v 0.677779 -1.281810 0.678344
v 0.682875 -1.327692 0.290565
v 0.676256 -1.268099 0.202762
v 0.627682 -0.830830 0.042639
v 0.699848 -1.480484 0.360408
v 0.690591 -1.397150 0.837312
v 0.627682 -0.830830 0.530580
v 0.645242 -0.988907 -0.152691
v 0.700783 -1.488902 0.517727
v 0.674836 -1.255323 -0.161160
v 0.683076 -1.329497 0.536221
v 0.683076 -1.329497 0.570652
v 0.700783 -1.488902 0.349371
v 0.677779 -1.281810 0.204578
v 0.646177 -0.997326 -0.141653
v 0.691526 -1.405568 0.848349
v 0.715119 -1.617952 0.252882
v 0.627883 -0.832635 0.056432
v 0.698629 -1.469512 0.368877
v 0.676256 -1.268099 -0.166483
v 0.674836 -1.255323 0.197438
v 0.627883 -0.832635 0.544373
v 0.701371 -1.494194 0.530580
v 0.716538 -1.630728 0.258206
v 0.690003 -1.391858 0.824459
v 0.683050 -1.329264 0.572435
v 0.717757 -1.641699 0.266675
v 0.682875 -1.327692 0.584445
v 0.627883 -0.832635 0.293999
v 0.697210 -1.456737 0.374201
v 0.627883 -0.832635 0.322725
v 0.677779 -1.281810 -0.168299
v 0.627883 -0.832635 0.810666
v 0.673618 -1.244352 0.188969
v 0.701572 -1.495999 0.544373
v 0.682288 -1.322400 0.597298
v 0.689803 -1.390053 0.810666
v 0.701572 -1.495999 0.810666
v 0.695687 -1.443026 0.376017
v 0.627682 -0.830830 0.824459
v 0.681352 -1.313982 0.608335
v 0.672682 -1.235934 0.177932
v 0.718692 -1.650118 0.277712
v 0.679302 -1.295520 -0.166483
v 0.689803 -1.390053 0.056432
v 0.627682 -0.830830 0.336518
v 0.689803 -1.390053 0.322725
v 0.680134 -1.303011 0.616804
v 0.627094 -0.825538 0.349371
v 0.694164 -1.429316 0.374201
v 0.719280 -1.655410 0.290565
v 0.701371 -1.494194 0.824459
v 0.680721 -1.308296 -0.161160
v 0.690003 -1.391858 0.042639
v 0.678714 -1.290235 0.622128
v 0.626159 -0.817120 0.360408
v 0.692745 -1.416539 0.368877
v 0.700783 -1.488902 0.837312
v 0.672095 -1.230642 0.165079
v 0.719480 -1.657215 0.304358
v 0.690591 -1.397150 0.029785
v 0.681940 -1.319268 -0.152690
v 0.691526 -1.405568 0.360408
v 0.624940 -0.806148 0.368877
v 0.677191 -1.276524 0.623944
v 0.699848 -1.480484 0.848349
v 0.719480 -1.657215 0.570652
v 0.691526 -1.405568 0.018748
v 0.682875 -1.327686 -0.141653
v 0.698629 -1.469513 0.856818
v 0.671307 -1.223551 0.304358
v 0.623521 -0.793372 0.374201
v 0.690591 -1.397150 0.349371
v 0.675668 -1.262814 0.622128
v 0.671307 -1.223551 0.570652
v 0.719280 -1.655410 0.584445
v 0.697210 -1.456736 0.862142
v 0.683463 -1.332978 -0.128800
v 0.692745 -1.416539 0.010279
v 0.718692 -1.650118 0.597298
v 0.621998 -0.779662 0.376017
v 0.674249 -1.250037 0.616804
v 0.690003 -1.391858 0.336518
v 0.671507 -1.225356 0.290565
v 0.695687 -1.443026 0.863958
v 0.683663 -1.334783 -0.115007
v 0.694164 -1.429316 0.004955
v 0.717757 -1.641699 0.608335
v 0.672095 -1.230648 0.277712
v 0.694164 -1.429316 0.862142
v 0.620475 -0.765951 0.374201
v 0.689829 -1.390291 0.324544
v 0.695687 -1.443026 0.003139
v 0.716538 -1.630728 0.616804
v 0.683663 -1.334783 0.151286
v 0.673030 -1.239066 0.266675
v 0.673030 -1.239066 0.608335
v 0.692745 -1.416539 0.856818
v 0.707711 -1.551268 0.304358
v 0.707711 -1.551268 0.341335
v 0.619056 -0.753175 0.368877
v 0.683463 -1.332978 0.165079
v 0.674249 -1.250037 0.258206
v 0.672095 -1.230648 0.597298
v 0.715119 -1.617952 0.622128
v 0.697210 -1.456737 0.004955
v 0.707711 -1.551268 0.570652
v 0.617837 -0.742204 0.360408
v 0.682875 -1.327686 0.177932
v 0.707912 -1.553073 0.290565
v 0.698629 -1.469512 0.010279
v 0.675668 -1.262814 0.252882
v 0.681940 -1.319268 0.188969
v 0.708499 -1.558365 0.277712
v 0.671507 -1.225356 0.584445
v 0.616902 -0.733786 0.349371
v 0.677191 -1.276524 0.251066
v 0.713596 -1.604241 0.623944
v 0.680721 -1.308296 0.197438
v 0.699848 -1.480484 0.018748
v 0.709435 -1.566784 0.266675
v 0.712073 -1.590531 0.622128
v 0.678714 -1.290235 0.252882
v 0.616314 -0.728494 0.336518
v 0.689803 -1.390053 0.544373
v 0.689803 -1.390053 0.579498
v 0.700783 -1.488902 0.029785
v 0.710653 -1.577755 0.258206
v 0.616134 -0.726875 0.324150
v 0.680134 -1.303011 0.258206
v 0.710653 -1.577755 0.616804
v 0.701371 -1.494194 0.042639
v 0.712073 -1.590531 0.252882
v 0.689829 -1.390291 0.542553
v 0.690003 -1.391858 0.530580
v 0.681352 -1.313982 0.266675
v 0.709435 -1.566784 0.608335
v 0.701572 -1.495999 0.056432
v 0.690591 -1.397150 0.517727
v 0.713596 -1.604241 0.251066
v 0.682288 -1.322400 0.277712
v 0.701572 -1.495999 0.286383
v 0.701572 -1.495999 0.322725
v 0.708499 -1.558365 0.597298
v 0.707912 -1.553073 0.584445
v 1.065884 -2.347224 -2.229025
v 1.046893 -2.177634 -2.229025
v 1.065862 -2.347227 2.943233
v 1.046904 -2.177633 2.943233
v 1.071959 -2.401742 3.393972
v 1.071671 -2.399155 3.298707
v 1.071960 -2.401742 3.318294
v 1.070822 -2.391570 3.280454
v 1.054984 -2.249888 3.393972
v 1.054984 -2.249888 3.348685
v 1.054984 -2.249888 3.318294
v 1.069473 -2.379504 3.264781
v 1.067715 -2.363779 3.252754
v 1.065668 -2.345467 3.245194
v 1.063471 -2.325815 3.242615
v 1.061274 -2.306164 3.245194
v 1.059227 -2.287852 3.252754
v 1.057469 -2.272127 3.264781
v 1.056121 -2.260061 3.280454
v 1.055273 -2.252476 3.298707
v 1.071700 -2.399152 -2.490240
v 1.071990 -2.401739 -2.509827
v 1.070851 -2.391567 -2.471988
v 1.071991 -2.401739 -2.585505
v 1.055049 -2.249882 -2.585505
v 1.069500 -2.379501 -2.456314
v 1.067739 -2.363776 -2.444288
v 1.054986 -2.249888 -2.509827
v 1.065688 -2.345465 -2.436728
v 1.063487 -2.325814 -2.434149
v 1.061287 -2.306163 -2.436728
v 1.059236 -2.287851 -2.444288
v 1.057476 -2.272126 -2.456314
v 1.056125 -2.260060 -2.471988
v 1.055275 -2.252475 -2.490240
v -0.934949 0.287843 0.512697
v -0.950003 0.139298 0.223773
v -0.935975 0.277720 0.550668
v -0.950264 0.136724 0.243428
v -0.935210 0.285268 0.532352
v -0.949238 0.146847 0.205457
v -0.937192 0.265712 0.566396
v -0.934949 0.287843 0.243428
v -0.948021 0.158855 0.189729
v -0.938777 0.250063 0.578465
v -0.946435 0.174504 0.177660
v -0.940624 0.231840 0.586051
v -0.944588 0.192727 0.170074
v -0.942606 0.212283 0.588639
v -0.942606 0.212283 0.167486
v -0.944588 0.192727 0.586051
v -0.940624 0.231840 0.170074
v -0.938777 0.250063 0.177660
v -0.946435 0.174504 0.578465
v -0.948021 0.158855 0.566396
v -0.949238 0.146847 0.550668
v -0.937192 0.265712 0.189729
v -0.935975 0.277720 0.205457
v -0.935210 0.285268 0.223773
v -0.950003 0.139298 0.532352
v -0.950264 0.136724 0.512697
v -0.968026 -0.038542 0.566396
v -0.969243 -0.050550 0.550668
v -0.970008 -0.058098 0.532352
v -0.954954 0.090446 0.512697
v -0.970269 -0.060673 0.512697
v -0.954954 0.090446 0.243428
v -0.955215 0.087872 0.532352
v -0.970269 -0.060673 0.243428
v -0.955979 0.080323 0.550668
v -0.970008 -0.058098 0.223773
v -0.957196 0.068316 0.566396
v -0.969243 -0.050550 0.205457
v -0.958782 0.052667 0.578465
v -0.968026 -0.038542 0.189729
v -0.960629 0.034443 0.586051
v -0.966440 -0.022893 0.177660
v -0.962611 0.014887 0.588639
v -0.964593 -0.004669 0.170074
v -0.962611 0.014887 0.167486
v -0.964593 -0.004669 0.586051
v -0.966440 -0.022893 0.578465
v -0.960629 0.034443 0.170074
v -0.958782 0.052667 0.177660
v -0.957196 0.068316 0.189729
v -0.955979 0.080323 0.205457
v -0.955215 0.087872 0.223773
v -0.989631 -0.251730 0.566396
v -0.990848 -0.263738 0.550668
v -0.991613 -0.271286 0.532352
v -0.976559 -0.122742 0.512697
v -0.991874 -0.273861 0.512697
v -0.976559 -0.122742 0.243428
v -0.976820 -0.125316 0.532352
v -0.991874 -0.273861 0.243428
v -0.977585 -0.132865 0.550668
v -0.991613 -0.271286 0.223773
v -0.978802 -0.144873 0.566396
v -0.990848 -0.263738 0.205457
v -0.980388 -0.160522 0.578465
v -0.989631 -0.251730 0.189729
v -0.982234 -0.178745 0.586051
v -0.988045 -0.236081 0.177660
v -0.984216 -0.198301 0.588639
v -0.986198 -0.217858 0.170074
v -0.984216 -0.198301 0.167486
v -0.986198 -0.217858 0.586051
v -0.988045 -0.236081 0.578465
v -0.982234 -0.178745 0.170074
v -0.980388 -0.160522 0.177660
v -0.978802 -0.144873 0.189729
v -0.977585 -0.132865 0.205457
v -0.976820 -0.125316 0.223773
v -1.012837 -0.480710 0.566396
v -1.014054 -0.492718 0.550668
v -1.014819 -0.500266 0.532352
v -0.999765 -0.351722 0.512697
v -1.015079 -0.502841 0.512697
v -0.999765 -0.351722 0.243428
v -1.000025 -0.354296 0.532352
v -1.015079 -0.502841 0.243428
v -1.000790 -0.361845 0.550668
v -1.014819 -0.500266 0.223773
v -1.002007 -0.373853 0.566396
v -1.014054 -0.492718 0.205457
v -1.003593 -0.389501 0.578465
v -1.012837 -0.480710 0.189729
v -1.005440 -0.407725 0.586051
v -1.011251 -0.465061 0.177660
v -1.007422 -0.427281 0.588639
v -1.009404 -0.446838 0.170074
v -1.007422 -0.427281 0.167486
v -1.009404 -0.446838 0.586051
v -1.011251 -0.465061 0.578465
v -1.005440 -0.407725 0.170074
v -1.003593 -0.389501 0.177660
v -1.002007 -0.373853 0.189729
v -1.000790 -0.361845 0.205457
v -1.000025 -0.354296 0.223773
v -1.068467 -1.029636 0.550668
v -1.069232 -1.037185 0.532352
v -1.069493 -1.039759 0.512697
v -1.054178 -0.888640 0.512697
v -1.054178 -0.888640 0.243428
v -1.069493 -1.039759 0.243428
v -1.054439 -0.891215 0.532352
v -1.069232 -1.037185 0.223773
v -1.055204 -0.898763 0.550668
v -1.068467 -1.029636 0.205457
v -1.056421 -0.910771 0.566396
v -1.067250 -1.017628 0.189729
v -1.058007 -0.926420 0.578465
v -1.065664 -1.001980 0.177660
v -1.059853 -0.944643 0.586051
v -1.063817 -0.983756 0.170074
v -1.061835 -0.964200 0.588639
v -1.061835 -0.964200 0.167486
v -1.063817 -0.983756 0.586051
v -1.059853 -0.944643 0.170074
v -1.065664 -1.001980 0.578465
v -1.058007 -0.926420 0.177660
v -1.067250 -1.017628 0.566396
v -1.056421 -0.910771 0.189729
v -1.055204 -0.898763 0.205457
v -1.054439 -0.891215 0.223773
v -1.093238 -1.274060 0.532352
v -1.093498 -1.276635 0.512697
v -1.093498 -1.276635 0.243428
v -1.078184 -1.125516 0.512697
v -1.078184 -1.125516 0.243428
v -1.093238 -1.274060 0.223773
v -1.078445 -1.128091 0.532352
v -1.092473 -1.266512 0.205457
v -1.079210 -1.135639 0.550668
v -1.091256 -1.254504 0.189729
v -1.080426 -1.147647 0.566396
v -1.089670 -1.238855 0.177660
v -1.082012 -1.163296 0.578465
v -1.087823 -1.220632 0.170074
v -1.083859 -1.181519 0.586051
v -1.085841 -1.201076 0.167486
v -1.085841 -1.201076 0.588639
v -1.087823 -1.220632 0.586051
v -1.083859 -1.181519 0.170074
v -1.082012 -1.163296 0.177660
v -1.089670 -1.238855 0.578465
v -1.091256 -1.254504 0.566396
v -1.080426 -1.147647 0.189729
v -1.092473 -1.266512 0.550668
v -1.079210 -1.135639 0.205457
v -1.078445 -1.128091 0.223773
v -1.115104 -1.489824 0.512697
v -1.114843 -1.487249 0.532352
v -1.115104 -1.489824 0.243428
v -1.099789 -1.338704 0.512697
v -1.114843 -1.487249 0.223773
v -1.099789 -1.338704 0.243428
v -1.100050 -1.341279 0.532352
v -1.114078 -1.479700 0.205457
v -1.100815 -1.348827 0.550668
v -1.112861 -1.467693 0.189729
v -1.111275 -1.452044 0.177660
v -1.102032 -1.360835 0.566396
v -1.109428 -1.433820 0.170074
v -1.103618 -1.376484 0.578465
v -1.105464 -1.394708 0.586051
v -1.107446 -1.414264 0.167486
v -1.107446 -1.414264 0.588639
v -1.105464 -1.394708 0.170074
v -1.103618 -1.376484 0.177660
v -1.109428 -1.433820 0.586051
v -1.111275 -1.452044 0.578465
v -1.112861 -1.467693 0.566396
v -1.102032 -1.360835 0.189729
v -1.100815 -1.348827 0.205457
v -1.114078 -1.479700 0.550668
v -1.100050 -1.341279 0.223773
v -1.121394 -1.551892 0.512697
v -1.136448 -1.700437 0.532352
v -1.121394 -1.551892 0.243428
v -1.136709 -1.703012 0.243428
v -1.121655 -1.554467 0.223773
v -1.121655 -1.554467 0.532352
v -1.136709 -1.703012 0.512697
v -1.136448 -1.700437 0.223773
v -1.122420 -1.562015 0.550668
v -1.135683 -1.692888 0.205457
v -1.123637 -1.574023 0.566396
v -1.134466 -1.680881 0.189729
v -1.125223 -1.589672 0.578465
v -1.132880 -1.665232 0.177660
v -1.127070 -1.607896 0.586051
v -1.131033 -1.647008 0.170074
v -1.129052 -1.627452 0.588639
v -1.129052 -1.627452 0.167486
v -1.131033 -1.647008 0.586051
v -1.125223 -1.589672 0.177660
v -1.123637 -1.574023 0.189729
v -1.122420 -1.562015 0.205457
v -1.127070 -1.607896 0.170074
v -1.132880 -1.665232 0.578465
v -1.134466 -1.680881 0.566396
v -1.135683 -1.692888 0.550668
v -1.023042 -0.581410 0.425805
v -1.023863 -0.589509 0.343168
v -1.024684 -0.597608 0.343970
v -1.022253 -0.573623 0.423431
v -1.025473 -0.605396 0.346344
v -1.021525 -0.566445 0.419576
v -1.026200 -0.612573 0.350199
v -1.020888 -0.560155 0.414387
v -1.026838 -0.618864 0.355387
v -1.020365 -0.554992 0.408066
v -1.027361 -0.624026 0.361709
v -1.019976 -0.551156 0.400853
v -1.027750 -0.627863 0.368922
v -1.019736 -0.548793 0.393026
v -1.027989 -0.630225 0.376748
v -1.019656 -0.547996 0.384887
v -1.028070 -0.631023 0.384887
v -1.019736 -0.548793 0.376748
v -1.027989 -0.630225 0.393026
v -1.019976 -0.551156 0.368922
v -1.027750 -0.627863 0.400853
v -1.020365 -0.554992 0.361709
v -1.027361 -0.624026 0.408066
v -1.026838 -0.618864 0.414387
v -1.020888 -0.560155 0.355387
v -1.026200 -0.612573 0.419576
v -1.021525 -0.566445 0.350199
v -1.025473 -0.605396 0.423431
v -1.022253 -0.573623 0.346344
v -1.024684 -0.597608 0.425805
v -1.023042 -0.581410 0.343970
v -1.023863 -0.589509 0.426607
v -1.042387 -0.772296 0.414387
v -1.045362 -0.801650 0.343168
v -1.041864 -0.767133 0.408066
v -1.046183 -0.809749 0.343970
v -1.041475 -0.763297 0.400853
v -1.046972 -0.817537 0.346344
v -1.041236 -0.760934 0.393026
v -1.047699 -0.824714 0.350199
v -1.041155 -0.760137 0.384887
v -1.048337 -0.831005 0.355387
v -1.048860 -0.836168 0.361709
v -1.041236 -0.760935 0.376748
v -1.049249 -0.840004 0.368922
v -1.041475 -0.763297 0.368922
v -1.049488 -0.842366 0.376748
v -1.041864 -0.767133 0.361709
v -1.049569 -0.843164 0.384887
v -1.042387 -0.772296 0.355387
v -1.049488 -0.842366 0.393026
v -1.043025 -0.778587 0.350199
v -1.049249 -0.840004 0.400853
v -1.043752 -0.785764 0.346344
v -1.048860 -0.836168 0.408066
v -1.044541 -0.793552 0.343970
v -1.048337 -0.831005 0.414387
v -1.047699 -0.824714 0.419576
v -1.046972 -0.817537 0.423431
v -1.046183 -0.809749 0.425805
v -1.045362 -0.801650 0.426607
v -1.044541 -0.793551 0.425805
v -1.043752 -0.785764 0.423431
v -1.043025 -0.778587 0.419576
vt 0.649374 0.500410
vt 0.649374 0.749590
vt 0.627047 0.751354
vt 0.627047 0.498646
vt 0.377542 0.252072
vt 0.602300 0.252638
vt 0.603255 0.253037
vt 0.616552 0.259824
vt 0.621439 0.276153
vt 0.622461 0.279628
vt 0.622750 0.470710
vt 0.622359 0.473721
vt 0.620101 0.494311
vt 0.605135 0.497127
vt 0.602531 0.497636
vt 0.377542 0.497929
vt 0.377542 0.752071
vt 0.602531 0.752364
vt 0.605135 0.752872
vt 0.620101 0.755689
vt 0.622359 0.776279
vt 0.622749 0.779290
vt 0.622460 0.970371
vt 0.621438 0.973845
vt 0.616540 0.990163
vt 0.603167 0.996860
vt 0.602243 0.997295
vt 0.377542 0.997928
vt 0.620264 0.498646
vt 0.620264 0.751354
vt 0.606587 0.749642
vt 0.606587 0.500358
vt 0.653796 0.500759
vt 0.653796 0.749241
vt 0.382283 0.734757
vt 0.377438 0.749241
vt 0.377438 0.500759
vt 0.603378 0.500759
vt 0.603378 0.749241
vt 0.601315 0.734757
vt 0.601315 0.515714
vt 0.382283 0.515714
vt 0.622091 0.000760
vt 0.622040 0.249301
vt 0.604837 0.249650
vt 0.605188 0.000760
vt 0.846207 0.500759
vt 0.846207 0.749241
vt 0.603380 0.249241
vt 0.603380 0.000759
vt 0.851525 0.500759
vt 0.851525 0.749241
vt 0.871126 0.500759
vt 0.871126 0.749241
vt 0.151008 0.489174
vt 0.129128 0.499036
vt 0.129128 0.750964
vt 0.151008 0.760826
vt 0.637962 0.285574
vt 0.623934 0.254289
vt 0.376176 0.254289
vt 0.366508 0.275993
vt 0.839180 0.765241
vt 0.870872 0.750955
vt 0.870872 0.499045
vt 0.839180 0.484759
vt 0.366508 0.974007
vt 0.376176 0.995711
vt 0.623934 0.995711
vt 0.637962 0.964426
vt 0.375097 0.995926
vt 0.375727 0.997402
vt 0.376744 0.997353
vt 0.373359 0.996372
vt 0.374010 0.997812
vt 0.376543 1.000000
vt 0.377541 1.000000
vt 0.374433 0.998745
vt 0.127458 0.750186
vt 0.127330 0.750465
vt 0.128899 0.751203
vt 0.125000 0.749062
vt 0.125000 0.749400
vt 0.127188 0.750990
vt 0.128628 0.751641
vt 0.125000 0.749601
vt 0.870568 0.751436
vt 0.872134 0.750689
vt 0.872413 0.750216
vt 0.870211 0.752166
vt 0.871855 0.751423
vt 0.875000 0.749384
vt 0.875000 0.749032
vt 0.872788 0.751000
vt 0.623413 0.997352
vt 0.624546 0.997241
vt 0.625140 0.995570
vt 0.622420 1.000000
vt 0.623264 1.000000
vt 0.626423 0.996855
vt 0.627166 0.995211
vt 0.623714 1.000000
vt 0.128899 0.498797
vt 0.127331 0.499514
vt 0.127459 0.499783
vt 0.128628 0.498359
vt 0.127188 0.499010
vt 0.125000 0.500559
vt 0.125000 0.500873
vt 0.126254 0.499433
vt 0.376761 0.252648
vt 0.375734 0.252599
vt 0.375097 0.254074
vt 0.377562 0.250000
vt 0.376553 0.250000
vt 0.374010 0.252188
vt 0.373359 0.253628
vt 0.375901 0.250000
vt 0.872533 0.499786
vt 0.872336 0.499349
vt 0.870649 0.498600
vt 0.875000 0.500873
vt 0.875000 0.500548
vt 0.871978 0.498633
vt 0.870320 0.497883
vt 0.875000 0.500369
vt 0.624810 0.254252
vt 0.624484 0.252593
vt 0.623590 0.252672
vt 0.627117 0.254680
vt 0.626367 0.253022
vt 0.623387 0.250000
vt 0.622625 0.250000
vt 0.625966 0.252136
vt 0.377438 0.000759
vt 0.376537 0.000759
vt 0.376609 0.000461
vt 0.377521 0.000469
vt 0.375000 0.000759
vt 0.375000 0.000477
vt 0.376809 0.000000
vt 0.377707 0.000000
vt 0.375000 0.000321
vt 0.126853 0.749241
vt 0.126916 0.749531
vt 0.126222 0.749539
vt 0.126168 0.749241
vt 0.127057 0.750000
vt 0.126375 0.750000
vt 0.125000 0.749523
vt 0.125000 0.749241
vt 0.126026 0.750000
vt 0.377518 0.998689
vt 0.376536 0.998748
vt 0.376585 0.997980
vt 0.377707 1.000000
vt 0.376809 1.000000
vt 0.375000 0.998625
vt 0.375000 0.997943
vt 0.376350 1.000000
vt 0.377438 0.249241
vt 0.377521 0.249531
vt 0.376609 0.249539
vt 0.376537 0.249241
vt 0.377707 0.250000
vt 0.376809 0.250000
vt 0.375000 0.249523
vt 0.375000 0.249241
vt 0.376350 0.250000
vt 0.376585 0.252020
vt 0.376536 0.251252
vt 0.377518 0.251311
vt 0.375000 0.252057
vt 0.375000 0.251375
vt 0.375000 0.251026
vt 0.126853 0.500759
vt 0.126168 0.500759
vt 0.126222 0.500461
vt 0.126916 0.500469
vt 0.125000 0.500759
vt 0.125000 0.500477
vt 0.126375 0.500000
vt 0.127057 0.500000
vt 0.125000 0.500321
vt 0.377627 0.749531
vt 0.376736 0.749521
vt 0.376558 0.749241
vt 0.377849 0.750000
vt 0.376910 0.750000
vt 0.375000 0.749514
vt 0.375000 0.749241
vt 0.375466 0.750246
vt 0.376569 0.752104
vt 0.376636 0.751332
vt 0.377629 0.751299
vt 0.375000 0.752165
vt 0.375000 0.751451
vt 0.373147 0.749241
vt 0.373816 0.749241
vt 0.373681 0.749521
vt 0.373004 0.749531
vt 0.373549 0.750000
vt 0.372835 0.750000
vt 0.377519 0.498690
vt 0.376536 0.498749
vt 0.376585 0.497981
vt 0.377707 0.500000
vt 0.376809 0.500000
vt 0.375000 0.498625
vt 0.375000 0.497943
vt 0.375108 0.500107
vt 0.376537 0.500759
vt 0.376609 0.500461
vt 0.377521 0.500469
vt 0.375000 0.500759
vt 0.375000 0.500477
vt 0.373147 0.500759
vt 0.373084 0.500469
vt 0.373778 0.500461
vt 0.373832 0.500759
vt 0.372943 0.500000
vt 0.373625 0.500000
vt 0.620513 0.754225
vt 0.621475 0.754097
vt 0.621318 0.755298
vt 0.621170 0.752238
vt 0.622020 0.752345
vt 0.622983 0.753628
vt 0.623075 0.754775
vt 0.622936 0.752325
vt 0.621434 0.751500
vt 0.621730 0.751822
vt 0.620680 0.751701
vt 0.622889 0.751680
vt 0.622889 0.751959
vt 0.626388 0.751702
vt 0.624725 0.751822
vt 0.625195 0.751500
vt 0.625612 0.752238
vt 0.624266 0.752345
vt 0.625194 0.498500
vt 0.624725 0.498178
vt 0.626388 0.498299
vt 0.622889 0.498320
vt 0.622889 0.498041
vt 0.624266 0.497655
vt 0.625612 0.497762
vt 0.622817 0.497557
vt 0.620680 0.498299
vt 0.621730 0.498178
vt 0.621434 0.498500
vt 0.621170 0.497762
vt 0.622020 0.497655
vt 0.621318 0.494702
vt 0.621475 0.495903
vt 0.620513 0.495775
vt 0.623075 0.495225
vt 0.622983 0.496372
vt 0.872852 0.749241
vt 0.873289 0.749521
vt 0.871740 0.749531
vt 0.875000 0.749241
vt 0.875000 0.749514
vt 0.873717 0.750000
vt 0.872463 0.750000
vt 0.875000 0.749677
vt 0.622552 0.000469
vt 0.623715 0.000479
vt 0.623387 0.000760
vt 0.623095 0.000000
vt 0.624037 0.000000
vt 0.625000 0.000486
vt 0.625000 0.000759
vt 0.624732 0.000000
vt 0.617591 0.990361
vt 0.617598 0.991388
vt 0.616786 0.991434
vt 0.619228 0.990746
vt 0.618952 0.991679
vt 0.617989 0.992962
vt 0.617323 0.993283
vt 0.618749 0.992369
vt 0.616798 0.258552
vt 0.617605 0.258604
vt 0.617597 0.259632
vt 0.617340 0.256697
vt 0.617997 0.257028
vt 0.618952 0.258321
vt 0.619228 0.259254
vt 0.618483 0.257272
vt 0.623359 0.249274
vt 0.623693 0.249548
vt 0.622509 0.249582
vt 0.625000 0.249241
vt 0.625000 0.249514
vt 0.624019 0.250020
vt 0.623061 0.250039
vt 0.625000 0.249677
vt 0.871740 0.500469
vt 0.873289 0.500479
vt 0.872852 0.500759
vt 0.872463 0.500000
vt 0.873717 0.500000
vt 0.875000 0.500486
vt 0.875000 0.500759
vt 0.874644 0.500000
vt 0.152665 0.487995
vt 0.152436 0.487876
vt 0.150738 0.488934
vt 0.155137 0.486370
vt 0.155137 0.486370
vt 0.152197 0.487700
vt 0.150420 0.488503
vt 0.155137 0.486370
vt 0.383561 0.516004
vt 0.384144 0.516241
vt 0.383261 0.516062
vt 0.385069 0.516473
vt 0.385018 0.516473
vt 0.384721 0.516473
vt 0.384721 0.516473
vt 0.385029 0.516473
vt 0.365328 0.275818
vt 0.363656 0.277437
vt 0.364443 0.277575
vt 0.363503 0.275420
vt 0.362700 0.277197
vt 0.361760 0.280150
vt 0.361827 0.280153
vt 0.362204 0.278292
vt 0.838970 0.484293
vt 0.837602 0.483377
vt 0.837678 0.483639
vt 0.838722 0.483593
vt 0.837491 0.483036
vt 0.835052 0.481933
vt 0.835052 0.481933
vt 0.836793 0.482720
vt 0.640258 0.287260
vt 0.640969 0.287321
vt 0.639278 0.285808
vt 0.643067 0.289948
vt 0.643067 0.289948
vt 0.641964 0.287509
vt 0.641407 0.286278
vt 0.643067 0.289948
vt 0.600428 0.516062
vt 0.599767 0.516241
vt 0.600321 0.516004
vt 0.598877 0.516473
vt 0.598877 0.516473
vt 0.598877 0.516473
vt 0.598877 0.516473
vt 0.598877 0.516473
vt 0.150738 0.761066
vt 0.152436 0.762124
vt 0.152665 0.762005
vt 0.150420 0.761497
vt 0.152197 0.762300
vt 0.155137 0.763630
vt 0.155137 0.763630
vt 0.153292 0.762796
vt 0.364443 0.972425
vt 0.363656 0.972563
vt 0.365328 0.974182
vt 0.361827 0.969848
vt 0.361760 0.969850
vt 0.362700 0.972803
vt 0.363503 0.974580
vt 0.361775 0.969849
vt 0.383261 0.734409
vt 0.384144 0.734230
vt 0.383561 0.734467
vt 0.384721 0.733998
vt 0.384721 0.733998
vt 0.385018 0.733998
vt 0.385069 0.733998
vt 0.384721 0.733998
vt 0.837678 0.766361
vt 0.837602 0.766623
vt 0.838970 0.765707
vt 0.835052 0.768067
vt 0.835052 0.768067
vt 0.837491 0.766964
vt 0.838722 0.766407
vt 0.835052 0.768067
vt 0.600321 0.734467
vt 0.599767 0.734230
vt 0.600428 0.734409
vt 0.598877 0.733998
vt 0.598877 0.733998
vt 0.598877 0.733998
vt 0.598877 0.733998
vt 0.598877 0.733998
vt 0.639278 0.964192
vt 0.640969 0.962679
vt 0.640258 0.962740
vt 0.641407 0.963722
vt 0.641964 0.962491
vt 0.643067 0.960052
vt 0.643067 0.960052
vt 0.642280 0.961793
vt 0.623619 0.470912
vt 0.623241 0.474193
vt 0.624986 0.471383
vt 0.624698 0.474973
vt 0.649374 0.499649
vt 0.653586 0.499983
vt 0.653741 0.500464
vt 0.649374 0.500119
vt 0.623241 0.775807
vt 0.624698 0.775027
vt 0.649374 0.750351
vt 0.649374 0.749881
vt 0.605679 0.498067
vt 0.606587 0.499596
vt 0.606587 0.500067
vt 0.602863 0.751446
vt 0.605679 0.751933
vt 0.603383 0.750008
vt 0.606587 0.750404
vt 0.603380 0.749533
vt 0.606587 0.749933
vt 0.602863 0.498554
vt 0.603383 0.499992
vt 0.603379 0.500466
vt 0.623432 0.970695
vt 0.622353 0.974359
vt 0.624957 0.971352
vt 0.623831 0.975165
vt 0.851525 0.750000
vt 0.846403 0.750000
vt 0.846258 0.749531
vt 0.851525 0.749531
vt 0.622354 0.275640
vt 0.623831 0.274835
vt 0.851525 0.500000
vt 0.851525 0.500469
vt 0.603738 0.997835
vt 0.604659 0.999384
vt 0.605189 0.000000
vt 0.605188 0.000469
vt 0.602728 0.251608
vt 0.603844 0.252041
vt 0.603378 0.250017
vt 0.604836 0.250411
vt 0.603379 0.249536
vt 0.604836 0.249941
vt 0.846164 0.749531
vt 0.653838 0.749531
vt 0.846043 0.750000
vt 0.653960 0.750000
vt 0.625000 0.778960
vt 0.625000 0.971043
vt 0.623619 0.779088
vt 0.603348 0.000469
vt 0.603257 0.000000
vt 0.603257 1.000000
vt 0.602678 0.998334
vt 0.623432 0.279304
vt 0.625000 0.278957
vt 0.625000 0.471040
vt 0.653960 0.500000
vt 0.846043 0.500000
vt 0.846164 0.500469
vt 0.653838 0.500469
vt 0.624986 0.778617
vt 0.653586 0.750017
vt 0.653741 0.749536
vt 0.624957 0.278648
vt 0.846403 0.500000
vt 0.846258 0.500469
vt 0.603484 0.999950
vt 0.603527 0.000000
vt 0.603418 0.000469
vt 0.250000 0.980852
vt 0.370590 0.995130
vt 0.500000 1.000000
vt 0.629409 0.995130
vt 0.750000 0.980852
vt 0.853553 0.958139
vt 0.933013 0.928539
vt 0.982963 0.894069
vt 1.000000 0.857078
vt 1.000000 0.142922
vt 0.982963 0.105931
vt 0.933013 0.071461
vt 0.853553 0.041861
vt 0.750000 0.019148
vt 0.629409 0.004870
vt 0.500000 0.000000
vt 0.370590 0.004870
vt 0.250000 0.019148
vt 0.146447 0.041861
vt 0.066987 0.071461
vt 0.017037 0.105931
vt 0.000000 0.142922
vt 0.000000 0.857078
vt 0.017037 0.894069
vt 0.066987 0.928539
vt 0.146447 0.958139
vt 0.370590 0.004870
vt 0.250000 0.019148
vt 0.146447 0.041861
vt 0.066987 0.071461
vt 0.017037 0.105931
vt 0.000000 0.142922
vt 0.000000 0.857078
vt 0.017037 0.894069
vt 0.066987 0.928539
vt 0.146447 0.958139
vt 0.250000 0.980852
vt 0.370590 0.995130
vt 0.500000 1.000000
vt 0.629409 0.995130
vt 0.750000 0.980852
vt 0.853553 0.958139
vt 0.933013 0.928539
vt 0.982963 0.894069
vt 1.000000 0.857078
vt 1.000000 0.142922
vt 0.982963 0.105931
vt 0.933013 0.071461
vt 0.853553 0.041861
vt 0.750000 0.019148
vt 0.629409 0.004870
vt 0.500000 0.000000
vt 0.370590 0.004870
vt 0.250000 0.019148
vt 0.146447 0.041861
vt 0.066987 0.071461
vt 0.017037 0.105931
vt 0.000000 0.142922
vt 0.000000 0.857078
vt 0.017037 0.894069
vt 0.066987 0.928539
vt 0.146447 0.958139
vt 0.250000 0.980852
vt 0.370590 0.995130
vt 0.500000 1.000000
vt 0.629409 0.995130
vt 0.750000 0.980852
vt 0.853553 0.958139
vt 0.933013 0.928539
vt 0.982963 0.894069
vt 1.000000 0.857078
vt 1.000000 0.142922
vt 0.982963 0.105931
vt 0.933013 0.071461
vt 0.853553 0.041861
vt 0.750000 0.019148
vt 0.629409 0.004870
vt 0.500000 0.000000
vt 0.250000 0.980852
vt 0.370590 0.995130
vt 0.500000 1.000000
vt 0.629409 0.995130
vt 0.750000 0.980852
vt 0.853553 0.958139
vt 0.933013 0.928539
vt 0.982963 0.894069
vt 1.000000 0.857078
vt 1.000000 0.142922
vt 0.982963 0.105931
vt 0.933013 0.071461
vt 0.853553 0.041861
vt 0.750000 0.019148
vt 0.629409 0.004870
vt 0.500000 0.000000
vt 0.370590 0.004870
vt 0.250000 0.019148
vt 0.146447 0.041861
vt 0.066987 0.071461
vt 0.017037 0.105931
vt 0.000000 0.142922
vt 0.000000 0.857078
vt 0.017037 0.894069
vt 0.066987 0.928539
vt 0.146447 0.958139
vt 0.250000 0.980852
vt 0.370590 0.995130
vt 0.500000 1.000000
vt 0.629409 0.995130
vt 0.750000 0.980852
vt 0.853553 0.958139
vt 0.933013 0.928539
vt 0.982963 0.894069
vt 1.000000 0.857078
vt 1.000000 0.142922
vt 0.982963 0.105931
vt 0.933013 0.071461
vt 0.853553 0.041861
vt 0.750000 0.019148
vt 0.629409 0.004870
vt 0.500000 0.000000
vt 0.370590 0.004870
vt 0.250000 0.019148
vt 0.146447 0.041861
vt 0.066987 0.071461
vt 0.017037 0.105931
vt 0.000000 0.142922
vt 0.000000 0.857078
vt 0.017037 0.894069
vt 0.066987 0.928539
vt 0.146447 0.958139
vt 0.250000 0.980852
vt 0.370590 0.995130
vt 0.500000 1.000000
vt 0.629409 0.995130
vt 0.750000 0.980852
vt 0.853553 0.958139
vt 0.933013 0.928539
vt 0.982963 0.894069
vt 1.000000 0.857078
vt 1.000000 0.142922
vt 0.982963 0.105931
vt 0.933013 0.071461
vt 0.853553 0.041861
vt 0.750000 0.019148
vt 0.629409 0.004870
vt 0.500000 0.000000
vt 0.370590 0.004870
vt 0.250000 0.019148
vt 0.146447 0.041861
vt 0.066987 0.071461
vt 0.017037 0.105931
vt 0.000000 0.142922
vt 0.000000 0.857078
vt 0.017037 0.894069
vt 0.066987 0.928539
vt 0.146447 0.958139
vt 0.250000 0.980852
vt 0.370590 0.995130
vt 0.500000 1.000000
vt 0.629409 0.995130
vt 0.750000 0.980852
vt 0.853553 0.958139
vt 0.933013 0.928539
vt 0.982963 0.894069
vt 1.000000 0.857078
vt 1.000000 0.142922
vt 0.982963 0.105931
vt 0.933013 0.071461
vt 0.853553 0.041861
vt 0.750000 0.019148
vt 0.629409 0.004870
vt 0.500000 0.000000
vt 0.370590 0.004870
vt 0.250000 0.019148
vt 0.146447 0.041861
vt 0.066987 0.071461
vt 0.017037 0.105931
vt 0.000000 0.142922
vt 0.000000 0.857078
vt 0.017037 0.894069
vt 0.066987 0.928539
vt 0.146447 0.958139
vt 0.250000 0.980852
vt 0.370590 0.995130
vt 0.500000 1.000000
vt 0.629409 0.995130
vt 0.750000 0.980852
vt 0.853553 0.958139
vt 0.933013 0.928539
vt 0.982963 0.894069
vt 1.000000 0.857078
vt 1.000000 0.142922
vt 0.982963 0.105931
vt 0.933013 0.071461
vt 0.853553 0.041861
vt 0.750000 0.019148
vt 0.629409 0.004870
vt 0.500000 0.000000
vt 0.370590 0.004870
vt 0.250000 0.019148
vt 0.146447 0.041861
vt 0.066987 0.071461
vt 0.017037 0.105931
vt 0.000000 0.142922
vt 0.000000 0.857078
vt 0.017037 0.894069
vt 0.066987 0.928539
vt 0.146447 0.958139
vt 0.370590 0.004870
vt 0.250000 0.019148
vt 0.146447 0.041861
vt 0.066987 0.071461
vt 0.017037 0.105931
vt 0.000000 0.142922
vt 0.000000 0.857078
vt 0.017037 0.894069
vt 0.066987 0.928539
vt 0.146447 0.958139
vt 0.250000 0.980852
vt 0.370590 0.995130
vt 0.500000 1.000000
vt 0.629409 0.995130
vt 0.750000 0.980852
vt 0.853553 0.958139
vt 0.933013 0.928539
vt 0.982963 0.894069
vt 1.000000 0.857078
vt 1.000000 0.142922
vt 0.982963 0.105931
vt 0.933013 0.071461
vt 0.853553 0.041861
vt 0.750000 0.019148
vt 0.629409 0.004870
vt 0.500000 0.000000
vt 0.146447 0.958139
vt 0.250000 0.980852
vt 0.370590 0.995130
vt 0.500000 1.000000
vt 0.629409 0.995130
vt 0.750000 0.980852
vt 0.853553 0.958139
vt 0.933013 0.928539
vt 0.982963 0.894069
vt 1.000000 0.857078
vt 1.000000 0.142922
vt 0.982963 0.105931
vt 0.933013 0.071461
vt 0.853553 0.041861
vt 0.750000 0.019148
vt 0.629409 0.004870
vt 0.500000 0.000000
vt 0.370590 0.004870
vt 0.250000 0.019148
vt 0.146447 0.041861
vt 0.066987 0.071461
vt 0.017037 0.105931
vt 0.000000 0.142922
vt 0.000000 0.857078
vt 0.017037 0.894069
vt 0.066987 0.928539
vt 0.146447 0.958139
vt 0.250000 0.980852
vt 0.370590 0.995130
vt 0.500000 1.000000
vt 0.629409 0.995130
vt 0.750000 0.980852
vt 0.853553 0.958139
vt 0.933013 0.928539
vt 0.982963 0.894069
vt 1.000000 0.857078
vt 1.000000 0.142922
vt 0.982963 0.105931
vt 0.933013 0.071461
vt 0.853553 0.041861
vt 0.750000 0.019148
vt 0.629409 0.004870
vt 0.500000 0.000000
vt 0.370590 0.004870
vt 0.250000 0.019148
vt 0.146447 0.041861
vt 0.066987 0.071461
vt 0.017037 0.105931
vt 0.000000 0.142922
vt 0.000000 0.857078
vt 0.017037 0.894069
vt 0.066987 0.928539
vt 0.370590 0.004870
vt 0.250000 0.019148
vt 0.146447 0.041861
vt 0.066987 0.071461
vt 0.017037 0.105931
vt 0.000000 0.142922
vt 0.000000 0.857078
vt 0.017037 0.894069
vt 0.066987 0.928539
vt 0.146447 0.958139
vt 0.250000 0.980852
vt 0.370590 0.995130
vt 0.500000 1.000000
vt 0.629409 0.995130
vt 0.750000 0.980852
vt 0.853553 0.958139
vt 0.933013 0.928539
vt 0.982963 0.894069
vt 1.000000 0.857078
vt 1.000000 0.142922
vt 0.982963 0.105931
vt 0.933013 0.071461
vt 0.853553 0.041861
vt 0.750000 0.019148
vt 0.629409 0.004870
vt 0.500000 0.000000
vt 0.250000 0.980852
vt 0.370590 0.995130
vt 0.500000 1.000000
vt 0.629409 0.995130
vt 0.750000 0.980852
vt 0.853553 0.958139
vt 0.933013 0.928539
vt 0.982963 0.894069
vt 1.000000 0.857078
vt 1.000000 0.142922
vt 0.982963 0.105931
vt 0.933013 0.071461
vt 0.853553 0.041861
vt 0.750000 0.019148
vt 0.629409 0.004870
vt 0.500000 0.000000
vt 0.370590 0.004870
vt 0.250000 0.019148
vt 0.146447 0.041861
vt 0.066987 0.071461
vt 0.017037 0.105931
vt 0.000000 0.142922
vt 0.000000 0.857078
vt 0.017037 0.894069
vt 0.066987 0.928539
vt 0.146447 0.958139
vt 0.370590 0.004870
vt 0.250000 0.019148
vt 0.146447 0.041861
vt 0.066987 0.071461
vt 0.017037 0.105931
vt 0.000000 0.142922
vt 0.000000 0.857078
vt 0.017037 0.894069
vt 0.066987 0.928539
vt 0.146447 0.958139
vt 0.250000 0.980852
vt 0.370590 0.995130
vt 0.500000 1.000000
vt 0.629409 0.995130
vt 0.750000 0.980852
vt 0.853553 0.958139
vt 0.933013 0.928539
vt 0.982963 0.894069
vt 1.000000 0.857078
vt 1.000000 0.142922
vt 0.982963 0.105931
vt 0.933013 0.071461
vt 0.853553 0.041861
vt 0.750000 0.019148
vt 0.629409 0.004870
vt 0.500000 0.000000
vt 0.000000 0.142922
vt 0.000000 0.221825
vt 0.000000 0.857078
vt 0.017037 0.105931
vt 0.066987 0.071461
vt 0.146447 0.041861
vt 0.250000 0.019148
vt 0.370590 0.004870
vt 0.500000 0.000000
vt 0.629409 0.004870
vt 0.614746 0.004318
vt 0.750000 0.019148
vt 0.853553 0.041861
vt 0.933013 0.071461
vt 0.982963 0.105931
vt 1.000000 0.142922
vt 1.000000 0.857078
vt 1.000000 0.774913
vt 0.982963 0.894069
vt 0.933013 0.928539
vt 0.853553 0.958139
vt 0.750000 0.980852
vt 0.629409 0.995130
vt 0.514606 0.999450
vt 0.500000 1.000000
vt 0.370590 0.995130
vt 0.250000 0.980852
vt 0.146447 0.958139
vt 0.066987 0.928539
vt 0.017037 0.894069
vt 0.000000 0.142922
vt 0.000000 0.857078
vt 0.017037 0.105931
vt 0.066987 0.071461
vt 0.146447 0.041861
vt 0.250000 0.019148
vt 0.370590 0.004870
vt 0.500000 0.000000
vt 0.629409 0.004870
vt 0.750000 0.019148
vt 0.853553 0.041861
vt 0.933013 0.071461
vt 0.982963 0.105931
vt 1.000000 0.142922
vt 0.998271 0.139168
vt 1.000000 0.857078
vt 1.000000 0.784597
vt 0.982963 0.894069
vt 0.933013 0.928539
vt 0.853553 0.958139
vt 0.750000 0.980852
vt 0.629409 0.995130
vt 0.500000 1.000000
vt 0.370590 0.995130
vt 0.250000 0.980852
vt 0.146447 0.958139
vt 0.066987 0.928539
vt 0.017037 0.894069
vt 0.000000 0.142922
vt 0.000000 0.216699
vt 0.000000 0.857078
vt 0.017037 0.105931
vt 0.066987 0.071461
vt 0.146447 0.041861
vt 0.250000 0.019148
vt 0.370590 0.004870
vt 0.500000 0.000000
vt 0.629409 0.004870
vt 0.750000 0.019148
vt 0.853553 0.041861
vt 0.933013 0.071461
vt 0.982963 0.105931
vt 1.000000 0.142922
vt 1.000000 0.857078
vt 0.982963 0.894069
vt 0.933013 0.928539
vt 0.853553 0.958139
vt 0.750000 0.980852
vt 0.629409 0.995130
vt 0.500000 1.000000
vt 0.370590 0.995130
vt 0.250000 0.980852
vt 0.146447 0.958139
vt 0.066987 0.928539
vt 0.017037 0.894069
vt 0.000000 0.142922
vt 0.000000 0.857078
vt 0.017037 0.105931
vt 0.066987 0.071461
vt 0.146447 0.041861
vt 0.250000 0.019148
vt 0.370590 0.004870
vt 0.500000 0.000000
vt 0.629409 0.004870
vt 0.750000 0.019148
vt 0.853553 0.041861
vt 0.933013 0.071461
vt 0.982963 0.105931
vt 1.000000 0.142922
vt 1.000000 0.857078
vt 1.000000 0.780040
vt 0.982963 0.894069
vt 0.933013 0.928539
vt 0.853553 0.958139
vt 0.750000 0.980852
vt 0.629409 0.995130
vt 0.500000 1.000000
vt 0.370590 0.995130
vt 0.250000 0.980852
vt 0.146447 0.958139
vt 0.066987 0.928539
vt 0.017037 0.894069
vt 0.001760 0.860900
vt 0.000000 0.857078
vt 0.000000 0.142922
vt 0.017037 0.105931
vt 0.066987 0.071461
vt 0.146447 0.041861
vt 0.250000 0.019148
vt 0.370590 0.004870
vt 0.500000 0.000000
vt 0.485382 0.000550
vt 0.629409 0.004870
vt 0.750000 0.019148
vt 0.853553 0.041861
vt 0.933013 0.071461
vt 0.982963 0.105931
vt 1.000000 0.142922
vt 1.000000 0.857078
vt 0.982963 0.894069
vt 0.933013 0.928539
vt 0.853553 0.958139
vt 0.750000 0.980852
vt 0.629409 0.995130
vt 0.500000 1.000000
vt 0.370591 0.995130
vt 0.250000 0.980852
vt 0.146447 0.958139
vt 0.066987 0.928539
vt 0.017037 0.894069
vt 0.000000 0.857078
vt 0.000000 0.142922
vt 0.017037 0.105931
vt 0.066987 0.071461
vt 0.146447 0.041861
vt 0.250000 0.019148
vt 0.370591 0.004870
vt 0.500000 0.000000
vt 0.629409 0.004870
vt 0.750000 0.019148
vt 0.853553 0.041861
vt 0.933013 0.071461
vt 0.982963 0.105931
vt 1.000000 0.142922
vt 1.000000 0.857078
vt 0.982963 0.894069
vt 0.933013 0.928539
vt 0.853553 0.958139
vt 0.750000 0.980852
vt 0.629410 0.995130
vt 0.500000 1.000000
vt 0.385148 0.995678
vt 0.370590 0.995130
vt 0.250000 0.980852
vt 0.146447 0.958139
vt 0.066987 0.928539
vt 0.017037 0.894069
vt 0.000000 0.142922
vt 0.000000 0.857078
vt 0.017037 0.105931
vt 0.002009 0.138560
vt 0.066987 0.071461
vt 0.146447 0.041861
vt 0.250000 0.019148
vt 0.370591 0.004870
vt 0.500000 0.000000
vt 0.629409 0.004870
vt 0.750000 0.019148
vt 0.853553 0.041861
vt 0.933013 0.071461
vt 0.982963 0.105931
vt 1.000000 0.142922
vt 1.000000 0.857078
vt 1.000000 0.769623
vt 0.982963 0.894069
vt 0.933013 0.928539
vt 0.853553 0.958139
vt 0.750000 0.980852
vt 0.629409 0.995130
vt 0.500000 1.000000
vt 0.370591 0.995130
vt 0.250000 0.980852
vt 0.146447 0.958139
vt 0.066987 0.928539
vt 0.017037 0.894069
vt 0.000000 0.142922
vt 0.000000 0.857078
vt 0.017037 0.105931
vt 0.066987 0.071461
vt 0.146447 0.041861
vt 0.250000 0.019148
vt 0.370590 0.004870
vt 0.500000 0.000000
vt 0.629409 0.004870
vt 0.750000 0.019148
vt 0.853553 0.041861
vt 0.933013 0.071461
vt 0.982963 0.105931
vt 1.000000 0.142922
vt 1.000000 0.857078
vt 1.000000 0.769624
vt 0.982963 0.894069
vt 0.933013 0.928539
vt 0.853553 0.958139
vt 0.750000 0.980852
vt 0.629409 0.995130
vt 0.500000 1.000000
vt 0.370590 0.995130
vt 0.250000 0.980852
vt 0.146447 0.958139
vt 0.066987 0.928539
vt 0.017037 0.894069
vt 0.000000 0.857078
vt 0.000000 0.142922
vt 0.017037 0.105931
vt 0.066987 0.071461
vt 0.146447 0.041861
vt 0.250000 0.019148
vt 0.370591 0.004870
vt 0.500000 0.000000
vt 0.629409 0.004870
vt 0.750000 0.019148
vt 0.853553 0.041861
vt 0.933013 0.071461
vt 0.982963 0.105931
vt 1.000000 0.142922
vt 1.000000 0.857078
vt 0.982963 0.894069
vt 0.933013 0.928539
vt 0.853553 0.958139
vt 0.750000 0.980852
vt 0.629409 0.995130
vt 0.500000 1.000000
vt 0.370590 0.995130
vt 0.250000 0.980852
vt 0.146447 0.958139
vt 0.066987 0.928539
vt 0.017037 0.894069
vt 0.000000 0.857078
vt 0.000000 0.142922
vt 0.017037 0.105931
vt 0.066987 0.071461
vt 0.146447 0.041861
vt 0.250000 0.019148
vt 0.370590 0.004870
vt 0.500000 0.000000
vt 0.629409 0.004870
vt 0.750000 0.019148
vt 0.853553 0.041861
vt 0.933013 0.071461
vt 0.982963 0.105931
vt 1.000000 0.142922
vt 1.000000 0.857078
vt 0.982963 0.894069
vt 0.933013 0.928539
vt 0.853553 0.958139
vt 0.750000 0.980852
vt 0.629410 0.995130
vt 0.500000 1.000000
vt 0.370590 0.995130
vt 0.250000 0.980852
vt 0.146447 0.958139
vt 0.066987 0.928539
vt 0.017037 0.894069
vt 0.000000 0.142922
vt 0.000000 0.857078
vt 0.017037 0.105931
vt 0.066987 0.071461
vt 0.146447 0.041861
vt 0.250000 0.019148
vt 0.370590 0.004870
vt 0.500000 0.000000
vt 0.629410 0.004870
vt 0.750000 0.019148
vt 0.853553 0.041861
vt 0.933013 0.071461
vt 0.982963 0.105931
vt 1.000000 0.142922
vt 0.997797 0.138139
vt 1.000000 0.857078
vt 1.000000 0.764741
vt 0.997797 0.861861
vt 0.982963 0.894069
vt 0.933013 0.928539
vt 0.853553 0.958139
vt 0.750000 0.980852
vt 0.629410 0.995130
vt 0.500000 1.000000
vt 0.370590 0.995130
vt 0.250000 0.980852
vt 0.146447 0.958139
vt 0.066987 0.928539
vt 0.017037 0.894069
vt 0.000000 0.142922
vt 0.000000 0.237123
vt 0.000000 0.857078
vt 0.017037 0.105931
vt 0.002248 0.138041
vt 0.066987 0.071461
vt 0.146447 0.041861
vt 0.250000 0.019148
vt 0.370591 0.004870
vt 0.500000 0.000000
vt 0.629409 0.004870
vt 0.750000 0.019148
vt 0.853553 0.041861
vt 0.933013 0.071461
vt 0.982963 0.105931
vt 1.000000 0.142922
vt 1.000000 0.857078
vt 0.982963 0.894069
vt 0.933013 0.928539
vt 0.853553 0.958139
vt 0.750000 0.980852
vt 0.629409 0.995130
vt 0.500000 1.000000
vt 0.370590 0.995130
vt 0.250000 0.980852
vt 0.146447 0.958139
vt 0.066987 0.928539
vt 0.017037 0.894069
vt 0.000000 0.142922
vt 0.000000 0.857078
vt 0.017037 0.105931
vt 0.066987 0.071461
vt 0.146447 0.041861
vt 0.250000 0.019148
vt 0.370590 0.004870
vt 0.500000 0.000000
vt 0.629409 0.004870
vt 0.750000 0.019148
vt 0.853553 0.041861
vt 0.933013 0.071461
vt 0.982963 0.105931
vt 1.000000 0.142922
vt 1.000000 0.857078
vt 1.000000 0.759616
vt 0.982963 0.894069
vt 0.933013 0.928539
vt 0.853553 0.958139
vt 0.750000 0.980852
vt 0.629409 0.995130
vt 0.500000 1.000000
vt 0.370590 0.995130
vt 0.250000 0.980852
vt 0.146447 0.958139
vt 0.066987 0.928539
vt 0.017037 0.894069
vt 0.002247 0.861958
vt 0.000000 0.142922
vt 0.000000 0.242087
vt 0.000000 0.857078
vt 0.017037 0.105931
vt 0.066987 0.071461
vt 0.146447 0.041861
vt 0.250000 0.019148
vt 0.370590 0.004870
vt 0.500000 0.000000
vt 0.629409 0.004870
vt 0.750000 0.019148
vt 0.853553 0.041861
vt 0.933013 0.071461
vt 0.982963 0.105931
vt 1.000000 0.142922
vt 1.000000 0.857078
vt 0.982963 0.894069
vt 0.933013 0.928539
vt 0.853553 0.958139
vt 0.750000 0.980852
vt 0.629409 0.995130
vt 0.500000 1.000000
vt 0.370590 0.995130
vt 0.250000 0.980852
vt 0.146447 0.958139
vt 0.066987 0.928539
vt 0.017037 0.894069
vt 0.500000 0.000000
vt 0.370590 0.006144
vt 0.250000 0.024158
vt 0.146447 0.052814
vt 0.066987 0.090159
vt 0.017037 0.133649
vt 0.000000 0.180319
vt 0.000000 0.819681
vt 0.017037 0.866351
vt 0.066987 0.909841
vt 0.146447 0.947186
vt 0.250000 0.975842
vt 0.370590 0.993856
vt 0.500000 1.000000
vt 0.629410 0.993856
vt 0.750000 0.975842
vt 0.853553 0.947186
vt 0.933013 0.909841
vt 0.982963 0.866351
vt 1.000000 0.819681
vt 1.000000 0.180319
vt 0.982963 0.133649
vt 0.933013 0.090159
vt 0.853553 0.052814
vt 0.750000 0.024158
vt 0.629410 0.006144
vt 0.000000 0.819681
vt 0.000000 0.180319
vt 0.017037 0.133649
vt 0.066987 0.090159
vt 0.146447 0.052814
vt 0.250000 0.024158
vt 0.370590 0.006144
vt 0.500000 0.000000
vt 0.629410 0.006144
vt 0.750000 0.024158
vt 0.853553 0.052814
vt 0.933013 0.090159
vt 0.982963 0.133649
vt 1.000000 0.180319
vt 1.000000 0.819681
vt 0.982963 0.866351
vt 0.933013 0.909841
vt 0.853553 0.947186
vt 0.750000 0.975842
vt 0.629410 0.993856
vt 0.500000 1.000000
vt 0.370590 0.993856
vt 0.250000 0.975842
vt 0.146447 0.947186
vt 0.066987 0.909841
vt 0.017037 0.866351
vt 0.512251 0.134226
vt 0.513186 0.134135
vt 0.514058 0.133869
vt 0.514807 0.133445
vt 0.515381 0.132893
vt 0.515742 0.132250
vt 0.515865 0.131560
vt 0.515865 0.122108
vt 0.515742 0.121418
vt 0.515381 0.120775
vt 0.514807 0.120223
vt 0.514058 0.119800
vt 0.513186 0.119533
vt 0.512251 0.119443
vt 0.500000 0.000000
vt 0.370590 0.006144
vt 0.250000 0.024158
vt 0.146447 0.052814
vt 0.066987 0.090159
vt 0.017037 0.133649
vt 0.000000 0.180319
vt 0.000000 0.819681
vt 0.017037 0.866351
vt 0.066987 0.909841
vt 0.146447 0.947186
vt 0.250000 0.975842
vt 0.370590 0.993856
vt 0.500000 1.000000
vt 0.629410 0.993856
vt 0.750000 0.975842
vt 0.853553 0.947186
vt 0.933013 0.909841
vt 0.982963 0.866351
vt 1.000000 0.819681
vt 1.000000 0.180319
vt 0.982963 0.133649
vt 0.933013 0.090159
vt 0.853553 0.052814
vt 0.750000 0.024158
vt 0.629410 0.006144
vt 0.000000 0.819681
vt 0.000000 0.180319
vt 0.017037 0.133649
vt 0.066987 0.090159
vt 0.146447 0.052814
vt 0.250000 0.024158
vt 0.370590 0.006144
vt 0.500000 0.000000
vt 0.629410 0.006144
vt 0.750000 0.024158
vt 0.853553 0.052814
vt 0.933013 0.090159
vt 0.982963 0.133649
vt 1.000000 0.180318
vt 1.000000 0.819681
vt 0.982963 0.866351
vt 0.933013 0.909841
vt 0.853553 0.947186
vt 0.750000 0.975842
vt 0.629410 0.993856
vt 0.500000 1.000000
vt 0.370590 0.993856
vt 0.250000 0.975842
vt 0.146447 0.947186
vt 0.066987 0.909841
vt 0.017037 0.866351
vt 0.506422 0.122108
vt 0.508636 0.122108
vt 0.508636 0.131560
vt 0.506422 0.131560
vt 0.500000 0.000000
vt 0.370590 0.006144
vt 0.250000 0.024158
vt 0.146447 0.052814
vt 0.066987 0.090159
vt 0.017037 0.133649
vt 0.000000 0.180319
vt 0.000000 0.819681
vt 0.017037 0.866351
vt 0.066987 0.909841
vt 0.146447 0.947186
vt 0.250000 0.975842
vt 0.370590 0.993856
vt 0.500000 1.000000
vt 0.629410 0.993856
vt 0.750000 0.975842
vt 0.853553 0.947186
vt 0.933013 0.909841
vt 0.982963 0.866351
vt 1.000000 0.819681
vt 1.000000 0.180319
vt 0.982963 0.133649
vt 0.933013 0.090159
vt 0.853553 0.052814
vt 0.750000 0.024158
vt 0.629410 0.006144
vt 0.000000 0.819681
vt 0.000000 0.180319
vt 0.017037 0.133649
vt 0.066987 0.090159
vt 0.146447 0.052814
vt 0.250000 0.024158
vt 0.370590 0.006144
vt 0.500000 0.000000
vt 0.629410 0.006144
vt 0.750000 0.024158
vt 0.853553 0.052814
vt 0.933013 0.090159
vt 0.982963 0.133649
vt 1.000000 0.180319
vt 1.000000 0.819681
vt 0.982963 0.866351
vt 0.933013 0.909841
vt 0.853553 0.947186
vt 0.750000 0.975842
vt 0.629410 0.993856
vt 0.500000 1.000000
vt 0.370590 0.993856
vt 0.250000 0.975842
vt 0.146447 0.947186
vt 0.066987 0.909841
vt 0.017037 0.866351
vt 0.496225 0.122108
vt 0.499193 0.122108
vt 0.499193 0.131560
vt 0.496224 0.131560
vt 0.500000 0.000000
vt 0.370590 0.006144
vt 0.250000 0.024158
vt 0.146447 0.052814
vt 0.066987 0.090159
vt 0.017037 0.133649
vt 0.000000 0.180319
vt 0.000000 0.819681
vt 0.017037 0.866351
vt 0.066987 0.909841
vt 0.146447 0.947186
vt 0.250000 0.975842
vt 0.370590 0.993856
vt 0.500000 1.000000
vt 0.629410 0.993856
vt 0.750000 0.975842
vt 0.853553 0.947186
vt 0.933013 0.909841
vt 0.982963 0.866351
vt 1.000000 0.819681
vt 1.000000 0.180319
vt 0.982963 0.133649
vt 0.933013 0.090159
vt 0.853553 0.052814
vt 0.750000 0.024158
vt 0.629410 0.006144
vt 0.000000 0.819681
vt 0.000000 0.180319
vt 0.017037 0.133649
vt 0.066987 0.090159
vt 0.146447 0.052814
vt 0.250000 0.024158
vt 0.370590 0.006144
vt 0.500000 0.000000
vt 0.629410 0.006144
vt 0.750000 0.024158
vt 0.853553 0.052814
vt 0.933013 0.090159
vt 0.982963 0.133649
vt 1.000000 0.180319
vt 1.000000 0.819681
vt 0.982963 0.866351
vt 0.933013 0.909841
vt 0.853553 0.947186
vt 0.750000 0.975842
vt 0.629410 0.993856
vt 0.500000 1.000000
vt 0.370590 0.993856
vt 0.250000 0.975842
vt 0.146447 0.947186
vt 0.066987 0.909841
vt 0.017037 0.866351
vt 0.488995 0.122108
vt 0.488995 0.131560
vt 0.485271 0.131560
vt 0.485271 0.122108
vt 0.500000 0.000000
vt 0.370590 0.006144
vt 0.250000 0.024158
vt 0.146447 0.052814
vt 0.066987 0.090159
vt 0.017037 0.133649
vt 0.000000 0.180319
vt 0.000000 0.819681
vt 0.017037 0.866351
vt 0.066987 0.909841
vt 0.146447 0.947186
vt 0.250000 0.975842
vt 0.370590 0.993856
vt 0.500000 1.000000
vt 0.629410 0.993856
vt 0.750000 0.975842
vt 0.853553 0.947186
vt 0.933013 0.909841
vt 0.982963 0.866351
vt 1.000000 0.819681
vt 1.000000 0.180319
vt 0.982963 0.133649
vt 0.933013 0.090159
vt 0.853553 0.052814
vt 0.750000 0.024158
vt 0.629410 0.006144
vt 0.000000 0.819681
vt 0.000000 0.180319
vt 0.017037 0.133649
vt 0.066987 0.090159
vt 0.146447 0.052814
vt 0.250000 0.024158
vt 0.370590 0.006144
vt 0.500000 0.000000
vt 0.629410 0.006144
vt 0.750000 0.024158
vt 0.853553 0.052814
vt 0.933013 0.090159
vt 0.982963 0.133649
vt 1.000000 0.180319
vt 1.000000 0.819681
vt 0.982963 0.866352
vt 0.933013 0.909841
vt 0.853553 0.947186
vt 0.750000 0.975842
vt 0.629410 0.993856
vt 0.500000 1.000000
vt 0.370590 0.993856
vt 0.250000 0.975842
vt 0.146447 0.947186
vt 0.066987 0.909841
vt 0.017037 0.866351
vt 0.500000 0.000000
vt 0.370590 0.006144
vt 0.250000 0.024158
vt 0.146447 0.052814
vt 0.066987 0.090159
vt 0.017037 0.133649
vt 0.000000 0.180319
vt 0.000000 0.819681
vt 0.017037 0.866351
vt 0.066987 0.909841
vt 0.146447 0.947186
vt 0.250000 0.975842
vt 0.370590 0.993856
vt 0.500000 1.000000
vt 0.629410 0.993856
vt 0.750000 0.975842
vt 0.853553 0.947186
vt 0.933013 0.909841
vt 0.982963 0.866351
vt 1.000000 0.819681
vt 1.000000 0.180319
vt 0.982963 0.133649
vt 0.933013 0.090159
vt 0.853553 0.052814
vt 0.750000 0.024158
vt 0.629410 0.006144
vt 0.000000 0.819681
vt 0.000000 0.180319
vt 0.017037 0.133649
vt 0.066987 0.090159
vt 0.146447 0.052814
vt 0.250000 0.024158
vt 0.370590 0.006144
vt 0.500000 0.000000
vt 0.629410 0.006144
vt 0.750000 0.024158
vt 0.853553 0.052814
vt 0.933013 0.090159
vt 0.982963 0.133649
vt 1.000000 0.180319
vt 1.000000 0.819681
vt 0.982963 0.866351
vt 0.933013 0.909841
vt 0.853553 0.947186
vt 0.750000 0.975842
vt 0.629410 0.993856
vt 0.500000 1.000000
vt 0.370590 0.993856
vt 0.250000 0.975842
vt 0.146447 0.947186
vt 0.066987 0.909841
vt 0.017037 0.866351
vt 0.452358 0.122108
vt 0.452358 0.131560
vt 0.448255 0.131560
vt 0.448255 0.122108
vt 0.500000 0.000000
vt 0.370590 0.006144
vt 0.250000 0.024158
vt 0.146447 0.052814
vt 0.066987 0.090159
vt 0.017037 0.133649
vt 0.000000 0.180319
vt 0.000000 0.819681
vt 0.017037 0.866351
vt 0.066987 0.909841
vt 0.146447 0.947186
vt 0.250000 0.975842
vt 0.370590 0.993856
vt 0.500000 1.000000
vt 0.629410 0.993856
vt 0.750000 0.975842
vt 0.853553 0.947186
vt 0.933013 0.909841
vt 0.982963 0.866351
vt 1.000000 0.819681
vt 1.000000 0.180319
vt 0.982963 0.133649
vt 0.933013 0.090159
vt 0.853553 0.052814
vt 0.750000 0.024158
vt 0.629410 0.006144
vt 0.000000 0.819681
vt 0.000000 0.180319
vt 0.017037 0.133649
vt 0.066987 0.090159
vt 0.146447 0.052814
vt 0.250000 0.024158
vt 0.370590 0.006144
vt 0.500000 0.000000
vt 0.629410 0.006144
vt 0.750000 0.024158
vt 0.853553 0.052814
vt 0.933013 0.090159
vt 0.982963 0.133649
vt 1.000000 0.180319
vt 1.000000 0.819681
vt 0.982963 0.866351
vt 0.933013 0.909841
vt 0.853553 0.947186
vt 0.750000 0.975842
vt 0.629410 0.993856
vt 0.500000 1.000000
vt 0.370590 0.993856
vt 0.250000 0.975842
vt 0.146447 0.947186
vt 0.066987 0.909841
vt 0.017037 0.866351
vt 0.441026 0.122108
vt 0.441026 0.131560
vt 0.438057 0.131560
vt 0.438057 0.122108
vt 0.500000 0.000000
vt 0.370590 0.006144
vt 0.250000 0.024158
vt 0.146447 0.052814
vt 0.066987 0.090159
vt 0.017037 0.133649
vt 0.000000 0.180319
vt 0.000000 0.819681
vt 0.017037 0.866351
vt 0.066987 0.909841
vt 0.146447 0.947186
vt 0.250000 0.975842
vt 0.370590 0.993856
vt 0.500000 1.000000
vt 0.629410 0.993856
vt 0.750000 0.975842
vt 0.853553 0.947186
vt 0.933013 0.909841
vt 0.982963 0.866351
vt 1.000000 0.819681
vt 1.000000 0.180319
vt 0.982963 0.133649
vt 0.933013 0.090159
vt 0.853553 0.052814
vt 0.750000 0.024158
vt 0.629410 0.006144
vt 0.000000 0.819681
vt 0.000000 0.180319
vt 0.017037 0.133649
vt 0.066987 0.090159
vt 0.146447 0.052814
vt 0.250000 0.024158
vt 0.370590 0.006144
vt 0.500000 0.000000
vt 0.629410 0.006144
vt 0.750000 0.024158
vt 0.853553 0.052814
vt 0.933013 0.090159
vt 0.982963 0.133649
vt 1.000000 0.180319
vt 1.000000 0.819681
vt 0.982963 0.866351
vt 0.933013 0.909841
vt 0.853553 0.947186
vt 0.750000 0.975842
vt 0.629410 0.993856
vt 0.500000 1.000000
vt 0.370590 0.993856
vt 0.250000 0.975842
vt 0.146447 0.947186
vt 0.066987 0.909841
vt 0.017037 0.866351
vt 0.427859 0.131560
vt 0.430828 0.131560
vt 0.430951 0.132250
vt 0.431312 0.132893
vt 0.431887 0.133445
vt 0.432636 0.133869
vt 0.433507 0.134135
vt 0.434443 0.134226
vt 0.435378 0.134135
vt 0.436250 0.133869
vt 0.436998 0.133445
vt 0.437573 0.132893
vt 0.437934 0.132250
vt 0.441149 0.132250
vt 0.441510 0.132893
vt 0.442085 0.133445
vt 0.442833 0.133869
vt 0.443705 0.134135
vt 0.444641 0.134226
vt 0.445576 0.134135
vt 0.446448 0.133869
vt 0.447197 0.133445
vt 0.447771 0.132893
vt 0.448132 0.132250
vt 0.452481 0.132250
vt 0.452842 0.132893
vt 0.453416 0.133445
vt 0.454165 0.133869
vt 0.455037 0.134135
vt 0.455972 0.134226
vt 0.511315 0.119533
vt 0.510443 0.119800
vt 0.509695 0.120223
vt 0.509120 0.120775
vt 0.508759 0.121418
vt 0.506299 0.121418
vt 0.505938 0.120775
vt 0.505364 0.120223
vt 0.504615 0.119800
vt 0.503743 0.119533
vt 0.502808 0.119443
vt 0.501872 0.119533
vt 0.501001 0.119800
vt 0.500252 0.120223
vt 0.499678 0.120775
vt 0.499317 0.121418
vt 0.496101 0.121418
vt 0.495740 0.120775
vt 0.495166 0.120223
vt 0.494417 0.119800
vt 0.493545 0.119533
vt 0.492610 0.119443
vt 0.491674 0.119533
vt 0.490803 0.119800
vt 0.490054 0.120223
vt 0.489480 0.120775
vt 0.489118 0.121418
vt 0.485148 0.121418
vt 0.484786 0.120775
vt 0.484212 0.120223
vt 0.483464 0.119800
vt 0.482592 0.119533
vt 0.481656 0.119443
vt 0.480721 0.119533
vt 0.479849 0.119800
vt 0.479100 0.120223
vt 0.478526 0.120776
vt 0.478165 0.121418
vt 0.478042 0.122108
vt 0.459587 0.122108
vt 0.459464 0.121418
vt 0.459102 0.120775
vt 0.458528 0.120223
vt 0.457779 0.119800
vt 0.456908 0.119533
vt 0.455972 0.119443
vt 0.455036 0.119533
vt 0.454165 0.119800
vt 0.453416 0.120223
vt 0.452842 0.120775
vt 0.452481 0.121418
vt 0.448132 0.121418
vt 0.447771 0.120775
vt 0.447197 0.120223
vt 0.446448 0.119800
vt 0.445576 0.119533
vt 0.444641 0.119443
vt 0.443705 0.119533
vt 0.442834 0.119800
vt 0.442085 0.120223
vt 0.441510 0.120775
vt 0.441150 0.121418
vt 0.437934 0.121418
vt 0.437573 0.120775
vt 0.436998 0.120223
vt 0.436250 0.119800
vt 0.435378 0.119533
vt 0.434443 0.119443
vt 0.433507 0.119534
vt 0.432635 0.119800
vt 0.431887 0.120223
vt 0.431312 0.120775
vt 0.430951 0.121418
vt 0.430828 0.122108
vt 0.427859 0.122108
vt 0.427736 0.121418
vt 0.427375 0.120775
vt 0.426800 0.120223
vt 0.426052 0.119800
vt 0.425180 0.119534
vt 0.424245 0.119443
vt 0.423309 0.119533
vt 0.422437 0.119800
vt 0.421689 0.120223
vt 0.421114 0.120775
vt 0.420753 0.121418
vt 0.420630 0.122108
vt 0.420630 0.131560
vt 0.420753 0.132250
vt 0.421114 0.132893
vt 0.421689 0.133445
vt 0.422437 0.133869
vt 0.423309 0.134135
vt 0.424244 0.134226
vt 0.425180 0.134135
vt 0.426052 0.133869
vt 0.426800 0.133445
vt 0.427375 0.132893
vt 0.427736 0.132250
vt 0.968750 1.000000
vt 1.000000 1.000000
vt 1.000000 0.751057
vt 0.968750 0.751929
vt 0.937500 1.000000
vt 0.937500 0.752769
vt 0.906250 1.000000
vt 0.906250 0.753542
vt 0.875000 1.000000
vt 0.906251 0.753542
vt 0.874999 0.754220
vt 0.843750 1.000000
vt 0.843751 0.754776
vt 0.812500 1.000000
vt 0.812499 0.755190
vt 0.781250 1.000000
vt 0.781251 0.755444
vt 0.750000 1.000000
vt 0.781250 0.755444
vt 0.750000 0.755530
vt 0.718750 0.755444
vt 0.718750 1.000000
vt 0.687500 0.755190
vt 0.687500 1.000000
vt 0.656250 0.754776
vt 0.656250 1.000000
vt 0.625000 0.754220
vt 0.625000 1.000000
vt 0.593750 0.753541
vt 0.593750 1.000000
vt 0.562500 0.752769
vt 0.562500 1.000000
vt 0.531250 0.751929
vt 0.531250 1.000000
vt 0.500000 0.751057
vt 0.500000 1.000000
vt 0.468750 0.750184
vt 0.468750 1.000000
vt 0.437501 0.749345
vt 0.437500 1.000000
vt 0.406250 0.748572
vt 0.406250 1.000000
vt 0.375001 0.747895
vt 0.375000 1.000000
vt 0.406249 0.748571
vt 0.343750 0.747338
vt 0.343750 1.000000
vt 0.312500 0.746925
vt 0.312500 1.000000
vt 0.281250 1.000000
vt 0.281250 0.746670
vt 0.250000 1.000000
vt 0.250000 0.746584
vt 0.218750 0.746670
vt 0.218750 1.000000
vt 0.187500 0.746925
vt 0.187500 1.000000
vt 0.156250 0.747338
vt 0.156250 1.000000
vt 0.124999 0.747895
vt 0.125000 1.000000
vt 0.093748 0.748572
vt 0.093750 1.000000
vt 0.062500 0.749345
vt 0.062500 1.000000
vt 0.250000 0.490000
vt 0.296822 0.485388
vt 0.341844 0.471731
vt 0.383337 0.449553
vt 0.419706 0.419706
vt 0.449553 0.383337
vt 0.471731 0.341844
vt 0.485388 0.296822
vt 0.490000 0.250000
vt 0.485388 0.203178
vt 0.471731 0.158156
vt 0.449553 0.116663
vt 0.419706 0.080294
vt 0.383337 0.050447
vt 0.341844 0.028269
vt 0.296822 0.014612
vt 0.250000 0.010000
vt 0.203178 0.014612
vt 0.158156 0.028269
vt 0.116663 0.050447
vt 0.080294 0.080294
vt 0.050447 0.116663
vt 0.028269 0.158156
vt 0.014611 0.203179
vt 0.010000 0.250000
vt 0.014612 0.296822
vt 0.028269 0.341844
vt 0.050447 0.383337
vt 0.080295 0.419706
vt 0.116663 0.449553
vt 0.158156 0.471731
vt 0.203179 0.485389
vt 0.031250 1.000000
vt 0.031250 0.750184
vt 0.000000 1.000000
vt 0.000000 0.751057
vt 0.474283 0.125158
vt 0.478042 0.131560
vt 0.474283 0.128031
vt 0.474656 0.127948
vt 0.474999 0.127812
vt 0.475300 0.127630
vt 0.475547 0.127408
vt 0.475731 0.127155
vt 0.475844 0.126880
vt 0.475882 0.126595
vt 0.475844 0.126309
vt 0.475731 0.126034
vt 0.475547 0.125781
vt 0.475300 0.125559
vt 0.474999 0.125377
vt 0.474656 0.125242
vt 0.968750 1.000000
vt 1.000000 1.000000
vt 1.000000 0.773915
vt 0.968750 0.774788
vt 0.937500 1.000000
vt 0.937500 0.775627
vt 0.906250 1.000000
vt 0.906249 0.776400
vt 0.875000 1.000000
vt 0.875000 0.777078
vt 0.843750 1.000000
vt 0.843749 0.777634
vt 0.812500 1.000000
vt 0.843750 0.777633
vt 0.812500 0.778047
vt 0.781250 1.000000
vt 0.781249 0.778302
vt 0.750000 1.000000
vt 0.750001 0.778387
vt 0.718749 0.778302
vt 0.718750 1.000000
vt 0.687500 0.778046
vt 0.687500 1.000000
vt 0.718750 0.778301
vt 0.656250 0.777633
vt 0.656250 1.000000
vt 0.625000 0.777078
vt 0.625000 1.000000
vt 0.593750 0.776401
vt 0.593750 1.000000
vt 0.562500 0.775627
vt 0.562500 1.000000
vt 0.531250 0.774788
vt 0.531250 1.000000
vt 0.500000 0.773915
vt 0.500000 1.000000
vt 0.468750 0.773042
vt 0.468750 1.000000
vt 0.437500 0.772203
vt 0.437500 1.000000
vt 0.468749 0.773042
vt 0.406250 0.771429
vt 0.406250 1.000000
vt 0.375000 0.770752
vt 0.375000 1.000000
vt 0.406251 0.771429
vt 0.343750 0.770195
vt 0.343750 1.000000
vt 0.312501 0.769783
vt 0.312500 1.000000
vt 0.343749 0.770195
vt 0.281250 1.000000
vt 0.281250 0.769528
vt 0.250000 1.000000
vt 0.250000 0.769442
vt 0.218750 0.769528
vt 0.218750 1.000000
vt 0.187500 0.769783
vt 0.187500 1.000000
vt 0.156250 0.770196
vt 0.156250 1.000000
vt 0.125000 0.770752
vt 0.125000 1.000000
vt 0.093750 0.771429
vt 0.093750 1.000000
vt 0.062499 0.772203
vt 0.062500 1.000000
vt 0.250000 0.490000
vt 0.296822 0.485388
vt 0.341844 0.471731
vt 0.383337 0.449553
vt 0.419706 0.419706
vt 0.449553 0.383337
vt 0.471731 0.341844
vt 0.485388 0.296822
vt 0.490000 0.250000
vt 0.485388 0.203178
vt 0.471731 0.158156
vt 0.449553 0.116663
vt 0.419706 0.080294
vt 0.383337 0.050447
vt 0.341844 0.028269
vt 0.296822 0.014612
vt 0.250000 0.010000
vt 0.203178 0.014612
vt 0.158156 0.028269
vt 0.116663 0.050447
vt 0.080294 0.080294
vt 0.050447 0.116663
vt 0.028269 0.158156
vt 0.014611 0.203179
vt 0.010000 0.250000
vt 0.014612 0.296822
vt 0.028269 0.341844
vt 0.050447 0.383337
vt 0.080295 0.419706
vt 0.116663 0.449553
vt 0.158156 0.471731
vt 0.203179 0.485389
vt 0.031250 1.000000
vt 0.031250 0.773042
vt 0.000000 1.000000
vt 0.000000 0.773915
vt 0.506299 0.132250
vt 0.508759 0.132250
vt 0.509120 0.132893
vt 0.509695 0.133445
vt 0.510443 0.133869
vt 0.511315 0.134135
vt 0.456908 0.134135
vt 0.457779 0.133869
vt 0.458528 0.133445
vt 0.459102 0.132893
vt 0.459463 0.132250
vt 0.459587 0.131560
vt 0.463360 0.125158
vt 0.462988 0.125242
vt 0.462645 0.125377
vt 0.462344 0.125559
vt 0.462097 0.125781
vt 0.461913 0.126034
vt 0.461800 0.126309
vt 0.461762 0.126595
vt 0.461800 0.126880
vt 0.461913 0.127155
vt 0.462097 0.127408
vt 0.462344 0.127630
vt 0.462645 0.127812
vt 0.462988 0.127948
vt 0.463360 0.128031
vt 0.463748 0.128059
vt 0.464135 0.128031
vt 0.464508 0.127948
vt 0.464851 0.127812
vt 0.465152 0.127630
vt 0.465399 0.127408
vt 0.465582 0.127155
vt 0.465696 0.126880
vt 0.465734 0.126595
vt 0.471910 0.126595
vt 0.471948 0.126880
vt 0.472061 0.127155
vt 0.472245 0.127408
vt 0.472492 0.127630
vt 0.472793 0.127812
vt 0.473136 0.127948
vt 0.473509 0.128031
vt 0.473896 0.128059
vt 0.478165 0.132250
vt 0.478526 0.132893
vt 0.479100 0.133445
vt 0.479849 0.133869
vt 0.480721 0.134135
vt 0.481656 0.134226
vt 0.482592 0.134135
vt 0.483464 0.133869
vt 0.484212 0.133445
vt 0.484786 0.132893
vt 0.485148 0.132250
vt 0.489118 0.132250
vt 0.489480 0.132893
vt 0.490054 0.133445
vt 0.490802 0.133869
vt 0.491674 0.134135
vt 0.492610 0.134226
vt 0.493545 0.134135
vt 0.494417 0.133869
vt 0.495166 0.133445
vt 0.495740 0.132893
vt 0.496101 0.132250
vt 0.499317 0.132250
vt 0.499678 0.132893
vt 0.500252 0.133445
vt 0.501001 0.133869
vt 0.501872 0.134135
vt 0.502808 0.134226
vt 0.503743 0.134135
vt 0.504615 0.133869
vt 0.505364 0.133445
vt 0.505938 0.132893
vt 0.473896 0.125130
vt 0.473509 0.125158
vt 0.473136 0.125242
vt 0.472793 0.125377
vt 0.472492 0.125559
vt 0.472245 0.125781
vt 0.472061 0.126034
vt 0.471948 0.126309
vt 0.465695 0.126309
vt 0.465583 0.126034
vt 0.465399 0.125781
vt 0.465152 0.125559
vt 0.464851 0.125377
vt 0.464508 0.125242
vt 0.464135 0.125158
vt 0.463748 0.125130
vt 0.625000 0.000000
vt 0.375000 0.000000
vt 0.375000 0.250000
vt 0.625000 0.250000
vt 0.625000 0.375769
vt 0.375000 0.373931
vt 0.375000 0.876137
vt 0.375000 1.000000
vt 0.625000 1.000000
vt 0.625000 0.874197
vt 0.248931 0.500000
vt 0.125000 0.500000
vt 0.125000 0.750000
vt 0.248863 0.750000
vt 0.749197 0.750000
vt 0.875000 0.750000
vt 0.875000 0.500000
vt 0.749231 0.500000
vt 0.623724 0.001014
vt 0.375975 0.001005
vt 0.382635 0.007866
vt 0.615112 0.007857
vt 0.367410 0.974978
vt 0.377718 0.998079
vt 0.622347 0.998079
vt 0.632656 0.974978
vt 0.849907 0.760337
vt 0.873151 0.749861
vt 0.873151 0.500139
vt 0.849907 0.489663
vt 0.632656 0.275022
vt 0.622347 0.251921
vt 0.377718 0.251921
vt 0.367410 0.275022
vt 0.126849 0.749861
vt 0.126095 0.749527
vt 0.126044 0.749880
vt 0.126823 0.750219
vt 0.125000 0.749052
vt 0.125000 0.749405
vt 0.126005 0.750454
vt 0.126729 0.750782
vt 0.125000 0.749600
vt 0.378326 0.000948
vt 0.378279 0.000585
vt 0.376878 0.000576
vt 0.376970 0.000948
vt 0.378110 0.000000
vt 0.376808 0.000000
vt 0.375000 0.000595
vt 0.375000 0.000948
vt 0.376045 0.000000
vt 0.376388 0.998096
vt 0.376641 0.998839
vt 0.377983 0.998803
vt 0.374218 0.998271
vt 0.374546 0.998995
vt 0.376808 1.000000
vt 0.378110 1.000000
vt 0.374737 0.999419
vt 0.622066 0.998803
vt 0.623398 0.998839
vt 0.623660 0.998096
vt 0.621328 1.000000
vt 0.622551 1.000000
vt 0.625616 0.998639
vt 0.625923 0.997959
vt 0.623179 1.000000
vt 0.621674 0.000948
vt 0.622903 0.000948
vt 0.622814 0.000576
vt 0.621568 0.000585
vt 0.625000 0.000948
vt 0.625000 0.000595
vt 0.622551 0.000000
vt 0.621328 0.000000
vt 0.625000 0.000400
vt 0.873092 0.750257
vt 0.873785 0.749957
vt 0.873834 0.749558
vt 0.872959 0.750923
vt 0.873639 0.750616
vt 0.875000 0.749405
vt 0.875000 0.749052
vt 0.873988 0.750458
vt 0.126849 0.500139
vt 0.126823 0.499781
vt 0.126044 0.500120
vt 0.126095 0.500473
vt 0.126729 0.499218
vt 0.126005 0.499546
vt 0.125000 0.500595
vt 0.125000 0.500948
vt 0.125581 0.499737
vt 0.377983 0.251197
vt 0.376641 0.251161
vt 0.376388 0.251904
vt 0.378110 0.250000
vt 0.376808 0.250000
vt 0.374546 0.251005
vt 0.374218 0.251729
vt 0.376045 0.250000
vt 0.378326 0.249052
vt 0.376970 0.249052
vt 0.376878 0.249424
vt 0.378279 0.249415
vt 0.375000 0.249052
vt 0.375000 0.249405
vt 0.375000 0.249600
vt 0.873834 0.500442
vt 0.873785 0.500043
vt 0.873092 0.499743
vt 0.875000 0.500947
vt 0.875000 0.500595
vt 0.873639 0.499384
vt 0.872959 0.499077
vt 0.875000 0.500400
vt 0.621674 0.249052
vt 0.621567 0.249415
vt 0.622813 0.249424
vt 0.622903 0.249052
vt 0.621328 0.250000
vt 0.622551 0.250000
vt 0.625000 0.249405
vt 0.625000 0.249052
vt 0.623179 0.250000
vt 0.623660 0.251904
vt 0.623398 0.251161
vt 0.622066 0.251197
vt 0.625923 0.252041
vt 0.625616 0.251361
vt 0.625458 0.251012
vt 0.376542 0.000620
vt 0.375440 0.000612
vt 0.374819 0.000974
vt 0.377541 0.000000
vt 0.376543 0.000000
vt 0.373758 0.000600
vt 0.373061 0.000938
vt 0.375897 0.000000
vt 0.624164 0.001000
vt 0.623671 0.000625
vt 0.623024 0.000626
vt 0.625000 0.000968
vt 0.625000 0.000616
vt 0.622976 -0.000000
vt 0.621986 0.000000
vt 0.625000 0.000406
vt 0.377705 0.249127
vt 0.376579 0.249127
vt 0.376513 0.249450
vt 0.377591 0.249461
vt 0.375000 0.249127
vt 0.375000 0.249441
vt 0.375000 0.249629
vt 0.623672 0.249127
vt 0.623239 0.249461
vt 0.623928 0.249470
vt 0.624371 0.249127
vt 0.625000 0.249452
vt 0.625000 0.249127
vt 0.623767 0.250000
vt 0.150093 0.489663
vt 0.150841 0.488874
vt 0.150729 0.488677
vt 0.149958 0.489333
vt 0.151942 0.487833
vt 0.151942 0.487824
vt 0.150611 0.488417
vt 0.149797 0.488785
vt 0.151942 0.487819
vt 0.387574 0.239969
vt 0.386628 0.239635
vt 0.385339 0.239358
vt 0.386379 0.239558
vt 0.384015 0.239097
vt 0.383972 0.239097
vt 0.383610 0.239089
vt 0.383610 0.239081
vt 0.384005 0.239097
vt 0.366004 0.274958
vt 0.364569 0.275706
vt 0.365509 0.275757
vt 0.363785 0.274797
vt 0.363417 0.275611
vt 0.363247 0.276942
vt 0.363297 0.276942
vt 0.363189 0.276115
vt 0.849804 0.489226
vt 0.849173 0.488515
vt 0.849217 0.488636
vt 0.849683 0.488550
vt 0.849115 0.488293
vt 0.848058 0.487815
vt 0.848058 0.487815
vt 0.848782 0.488142
vt 0.634359 0.275757
vt 0.635291 0.275778
vt 0.634114 0.275118
vt 0.636665 0.276942
vt 0.636965 0.276942
vt 0.636707 0.275884
vt 0.636450 0.275317
vt 0.637185 0.276942
vt 0.615224 0.239969
vt 0.614758 0.239784
vt 0.614204 0.239460
vt 0.614400 0.239635
vt 0.613836 0.239097
vt 0.613836 0.239097
vt 0.613651 0.239097
vt 0.613399 0.239097
vt 0.613836 0.239097
vt 0.150093 0.760337
vt 0.149958 0.760667
vt 0.150730 0.761348
vt 0.150841 0.761161
vt 0.149797 0.761215
vt 0.150609 0.761582
vt 0.151942 0.762185
vt 0.151942 0.762185
vt 0.151108 0.761808
vt 0.365692 0.974243
vt 0.364650 0.974293
vt 0.366004 0.975042
vt 0.363545 0.973058
vt 0.363370 0.973058
vt 0.363418 0.974391
vt 0.363785 0.975203
vt 0.363337 0.973058
vt 0.383027 0.008309
vt 0.383396 0.008548
vt 0.383185 0.008251
vt 0.383610 0.008871
vt 0.383610 0.008871
vt 0.383751 0.008871
vt 0.383795 0.008871
vt 0.383610 0.008871
vt 0.849216 0.761432
vt 0.849172 0.761525
vt 0.849804 0.760774
vt 0.848058 0.762185
vt 0.848058 0.762185
vt 0.849113 0.761708
vt 0.849683 0.761450
vt 0.848058 0.762185
vt 0.614238 0.008245
vt 0.614113 0.008430
vt 0.614676 0.008050
vt 0.613252 0.008871
vt 0.613573 0.008871
vt 0.613836 0.008871
vt 0.613836 0.008871
vt 0.613816 0.008871
vt 0.634114 0.974882
vt 0.635235 0.974222
vt 0.634243 0.974243
vt 0.636450 0.974683
vt 0.636708 0.974113
vt 0.636872 0.973058
vt 0.636490 0.973058
vt 0.636860 0.973776
vt 0.375584 0.000974
vt 0.375000 0.000938
vt 0.623084 0.000626
vt 0.622420 0.000000
vt 0.383559 0.008251
vt 0.384223 0.008871
vt 0.463253 0.121434
vt 0.460487 0.121401
vt 0.460368 0.122005
vt 0.460020 0.122568
vt 0.459466 0.123052
vt 0.458745 0.123423
vt 0.457904 0.123656
vt 0.457002 0.123735
vt 0.456100 0.123656
vt 0.455260 0.123423
vt 0.454538 0.123052
vt 0.453985 0.122568
vt 0.453636 0.122005
vt 0.453518 0.121401
vt 0.453518 0.109735
vt 0.453636 0.109131
vt 0.453985 0.108568
vt 0.454538 0.108085
vt 0.455260 0.107714
vt 0.456100 0.107480
vt 0.457002 0.107401
vt 0.457904 0.107480
vt 0.458745 0.107714
vt 0.459466 0.108085
vt 0.460020 0.108568
vt 0.460368 0.109131
vt 0.460487 0.109735
vt 0.460487 0.120196
vt 0.463253 0.120250
vt 0.463372 0.119645
vt 0.463720 0.119082
vt 0.464274 0.118599
vt 0.464996 0.118228
vt 0.465836 0.117995
vt 0.466738 0.117915
vt 0.467640 0.117995
vt 0.468480 0.118228
vt 0.469202 0.118599
vt 0.469756 0.119082
vt 0.470104 0.119645
vt 0.470223 0.120250
vt 0.470223 0.131915
vt 0.470104 0.132519
vt 0.469756 0.133082
vt 0.469202 0.133566
vt 0.468480 0.133937
vt 0.467640 0.134170
vt 0.466738 0.134250
vt 0.465836 0.134170
vt 0.464996 0.133937
vt 0.464274 0.133566
vt 0.463720 0.133082
vt 0.463372 0.132519
vt 0.463265 0.131977
vt 0.460487 0.131111
vt 0.460487 0.142776
vt 0.460368 0.143380
vt 0.460020 0.143943
vt 0.459466 0.144427
vt 0.458745 0.144798
vt 0.457904 0.145031
vt 0.457002 0.145111
vt 0.456100 0.145031
vt 0.455260 0.144798
vt 0.454538 0.144427
vt 0.453985 0.143943
vt 0.453636 0.143380
vt 0.453518 0.142776
vt 0.453518 0.132369
vt 0.449416 0.132519
vt 0.449067 0.133082
vt 0.448514 0.133566
vt 0.447792 0.133937
vt 0.446952 0.134170
vt 0.446050 0.134250
vt 0.446502 0.136357
vt 0.446604 0.136366
vt 0.447444 0.136599
vt 0.448166 0.136970
vt 0.448720 0.137454
vt 0.449068 0.138017
vt 0.449187 0.138621
vt 0.449187 0.150286
vt 0.449068 0.150891
vt 0.448720 0.151454
vt 0.448166 0.151937
vt 0.447444 0.152308
vt 0.446604 0.152541
vt 0.445702 0.152621
vt 0.444800 0.152541
vt 0.443960 0.152308
vt 0.443238 0.151937
vt 0.442684 0.151454
vt 0.442336 0.150891
vt 0.442217 0.150286
vt 0.442217 0.138621
vt 0.442336 0.138017
vt 0.442684 0.137454
vt 0.443238 0.136970
vt 0.443960 0.136599
vt 0.444800 0.136366
vt 0.445702 0.136286
vt 0.445250 0.134179
vt 0.445148 0.134170
vt 0.444307 0.133937
vt 0.443586 0.133566
vt 0.443032 0.133082
vt 0.442684 0.132519
vt 0.442565 0.131915
vt 0.438234 0.131111
vt 0.438234 0.142776
vt 0.438115 0.143380
vt 0.437767 0.143943
vt 0.437213 0.144427
vt 0.436492 0.144798
vt 0.435651 0.145031
vt 0.434749 0.145111
vt 0.433847 0.145031
vt 0.433007 0.144798
vt 0.432285 0.144427
vt 0.431732 0.143943
vt 0.431383 0.143380
vt 0.431265 0.142776
vt 0.431265 0.132539
vt 0.427684 0.132519
vt 0.427336 0.133082
vt 0.426782 0.133566
vt 0.426060 0.133937
vt 0.425220 0.134170
vt 0.424318 0.134250
vt 0.423970 0.136286
vt 0.424872 0.136366
vt 0.425713 0.136599
vt 0.426434 0.136970
vt 0.426988 0.137454
vt 0.427336 0.138017
vt 0.427455 0.138621
vt 0.427455 0.150286
vt 0.427336 0.150891
vt 0.426988 0.151454
vt 0.426434 0.151937
vt 0.425713 0.152308
vt 0.424872 0.152541
vt 0.423970 0.152621
vt 0.423970 0.099197
vt 0.424872 0.099277
vt 0.425713 0.099510
vt 0.426434 0.099881
vt 0.426988 0.100365
vt 0.427336 0.100928
vt 0.427455 0.101532
vt 0.427455 0.113197
vt 0.431265 0.111164
vt 0.431265 0.109735
vt 0.431383 0.109131
vt 0.431731 0.108568
vt 0.432285 0.108085
vt 0.433007 0.107714
vt 0.433847 0.107480
vt 0.434749 0.107401
vt 0.435651 0.107480
vt 0.436492 0.107714
vt 0.437213 0.108085
vt 0.437767 0.108568
vt 0.438115 0.109131
vt 0.438234 0.109735
vt 0.438234 0.121401
vt 0.438220 0.121472
vt 0.442565 0.121592
vt 0.442565 0.120250
vt 0.442684 0.119645
vt 0.443032 0.119082
vt 0.443586 0.118599
vt 0.444307 0.118228
vt 0.445148 0.117995
vt 0.445948 0.117924
vt 0.445702 0.115532
vt 0.444800 0.115452
vt 0.443960 0.115219
vt 0.443238 0.114848
vt 0.442684 0.114365
vt 0.442336 0.113802
vt 0.442217 0.113197
vt 0.442217 0.101532
vt 0.442336 0.100928
vt 0.442684 0.100365
vt 0.443238 0.099881
vt 0.443960 0.099510
vt 0.444800 0.099277
vt 0.445702 0.099197
vt 0.446604 0.099277
vt 0.447444 0.099510
vt 0.448166 0.099881
vt 0.448720 0.100365
vt 0.449068 0.100928
vt 0.449187 0.101532
vt 0.449187 0.113197
vt 0.449068 0.113802
vt 0.448720 0.114365
vt 0.448166 0.114848
vt 0.447444 0.115219
vt 0.446604 0.115452
vt 0.445804 0.115523
vt 0.446050 0.117915
vt 0.446952 0.117995
vt 0.447792 0.118228
vt 0.448514 0.118599
vt 0.449067 0.119082
vt 0.449416 0.119645
vt 0.449534 0.120250
vt 0.449534 0.130626
vt 0.453636 0.130506
vt 0.453985 0.129943
vt 0.454538 0.129460
vt 0.455260 0.129089
vt 0.456100 0.128856
vt 0.457002 0.128776
vt 0.457904 0.128856
vt 0.458745 0.129089
vt 0.459466 0.129460
vt 0.460020 0.129943
vt 0.460368 0.130506
vt 0.460475 0.131048
vt 0.463253 0.131915
vt 0.416834 0.121481
vt 0.420833 0.121758
vt 0.420834 0.120250
vt 0.420849 0.120172
vt 0.416850 0.119862
vt 0.416850 0.121401
vt 0.410000 0.130506
vt 0.406245 0.130295
vt 0.406245 0.131915
vt 0.406126 0.132519
vt 0.409881 0.132703
vt 0.409881 0.131111
vt 0.449534 0.131915
vt 0.453518 0.131111
vt 0.431265 0.131111
vt 0.431383 0.130506
vt 0.431731 0.129943
vt 0.432285 0.129460
vt 0.433007 0.129089
vt 0.433847 0.128856
vt 0.434749 0.128776
vt 0.435651 0.128856
vt 0.436492 0.129089
vt 0.437213 0.129460
vt 0.437767 0.129943
vt 0.438115 0.130506
vt 0.438115 0.122005
vt 0.437767 0.122568
vt 0.437213 0.123052
vt 0.436492 0.123423
vt 0.435651 0.123656
vt 0.434749 0.123735
vt 0.433847 0.123656
vt 0.433007 0.123423
vt 0.432285 0.123052
vt 0.431732 0.122568
vt 0.431383 0.122005
vt 0.431265 0.121401
vt 0.427336 0.113802
vt 0.426988 0.114365
vt 0.426434 0.114848
vt 0.425713 0.115219
vt 0.424872 0.115452
vt 0.423970 0.115532
vt 0.423069 0.115452
vt 0.422228 0.115219
vt 0.421506 0.114848
vt 0.420953 0.114365
vt 0.420605 0.113802
vt 0.420486 0.113197
vt 0.420486 0.101532
vt 0.420605 0.100928
vt 0.420953 0.100365
vt 0.421506 0.099881
vt 0.422228 0.099510
vt 0.423069 0.099277
vt 0.423069 0.152541
vt 0.422228 0.152308
vt 0.421506 0.151937
vt 0.420953 0.151454
vt 0.420605 0.150891
vt 0.420486 0.150286
vt 0.420486 0.138621
vt 0.420605 0.138017
vt 0.420953 0.137454
vt 0.421506 0.136970
vt 0.422228 0.136599
vt 0.423069 0.136366
vt 0.423416 0.134170
vt 0.422576 0.133937
vt 0.421854 0.133566
vt 0.421300 0.133082
vt 0.420952 0.132519
vt 0.420849 0.131993
vt 0.416850 0.131111
vt 0.416850 0.142776
vt 0.416731 0.143380
vt 0.416383 0.143943
vt 0.415829 0.144427
vt 0.415108 0.144798
vt 0.414267 0.145031
vt 0.413365 0.145111
vt 0.412464 0.145031
vt 0.411623 0.144798
vt 0.410901 0.144427
vt 0.410348 0.143943
vt 0.410000 0.143380
vt 0.409881 0.142776
vt 0.405778 0.133082
vt 0.405225 0.133566
vt 0.404503 0.133937
vt 0.403662 0.134170
vt 0.402761 0.134250
vt 0.401859 0.134170
vt 0.401018 0.133937
vt 0.400297 0.133566
vt 0.399743 0.133082
vt 0.399395 0.132519
vt 0.399276 0.131915
vt 0.399276 0.120250
vt 0.399395 0.119645
vt 0.399743 0.119082
vt 0.400297 0.118599
vt 0.401018 0.118228
vt 0.401859 0.117995
vt 0.402761 0.117915
vt 0.403662 0.117995
vt 0.404503 0.118228
vt 0.405225 0.118599
vt 0.405778 0.119082
vt 0.406126 0.119645
vt 0.406245 0.120250
vt 0.410348 0.129943
vt 0.410901 0.129460
vt 0.411623 0.129089
vt 0.412464 0.128856
vt 0.413365 0.128776
vt 0.414267 0.128856
vt 0.415108 0.129089
vt 0.415829 0.129460
vt 0.416383 0.129943
vt 0.416731 0.130506
vt 0.416834 0.131031
vt 0.420834 0.131915
vt 0.416731 0.122005
vt 0.416383 0.122568
vt 0.415829 0.123052
vt 0.415108 0.123423
vt 0.414267 0.123656
vt 0.413366 0.123735
vt 0.412464 0.123656
vt 0.411623 0.123423
vt 0.410901 0.123052
vt 0.410348 0.122568
vt 0.410000 0.122005
vt 0.409881 0.121401
vt 0.409881 0.109735
vt 0.410000 0.109131
vt 0.410348 0.108568
vt 0.410901 0.108085
vt 0.411623 0.107714
vt 0.412464 0.107480
vt 0.413365 0.107401
vt 0.414267 0.107480
vt 0.415108 0.107714
vt 0.415830 0.108085
vt 0.416383 0.108568
vt 0.416731 0.109131
vt 0.416850 0.109735
vt 0.420952 0.119645
vt 0.421300 0.119082
vt 0.421854 0.118599
vt 0.422576 0.118228
vt 0.423416 0.117995
vt 0.424318 0.117915
vt 0.425220 0.117995
vt 0.426060 0.118228
vt 0.426782 0.118599
vt 0.427336 0.119082
vt 0.427684 0.119645
vt 0.427803 0.120250
vt 0.427803 0.131915
vt 0.384555 0.232554
vt 0.380586 0.023895
vt 0.853553 0.853553
vt 0.750000 0.933013
vt 0.629409 0.982963
vt 0.500000 1.000000
vt 0.370590 0.982963
vt 0.250000 0.933013
vt 0.146447 0.853553
vt 0.066987 0.750000
vt 0.017037 0.629409
vt 0.000000 0.500000
vt 0.000000 0.000000
vt 1.000000 0.000000
vt 1.000000 0.500000
vt 0.982963 0.629409
vt 0.933013 0.750000
vt 1.000000 0.000000
vt 0.000000 0.000000
vt 0.000000 0.299206
vt 0.000000 0.500000
vt 1.000000 0.500000
vt 0.982963 0.629409
vt 0.933013 0.750000
vt 0.853553 0.853553
vt 0.750000 0.933013
vt 0.629409 0.982963
vt 0.500000 1.000000
vt 0.370590 0.982963
vt 0.250000 0.933013
vt 0.146447 0.853553
vt 0.066987 0.750000
vt 0.017037 0.629409
vt 0.379003 0.005711
vt 0.379019 0.007538
vt 0.376251 0.005711
vt 0.370590 0.982963
vt 0.500000 1.000000
vt 0.629409 0.982963
vt 0.750000 0.933013
vt 0.853553 0.853553
vt 0.933013 0.750000
vt 0.982963 0.629409
vt 1.000000 0.500000
vt 1.000000 0.000000
vt 0.000000 0.000000
vt 0.000000 0.500000
vt 0.017037 0.629409
vt 0.066987 0.750000
vt 0.146447 0.853553
vt 0.250000 0.933013
vt 0.000000 0.000000
vt 1.000000 0.000000
vt 0.000000 0.500000
vt 1.000000 0.500000
vt 0.982963 0.629409
vt 0.933013 0.750000
vt 0.853553 0.853553
vt 0.749997 0.933015
vt 0.629409 0.982963
vt 0.500000 1.000000
vt 0.370590 0.982963
vt 0.249998 0.933012
vt 0.146444 0.853552
vt 0.066985 0.749997
vt 0.017036 0.629407
vt 0.383788 0.241723
vt 0.384483 0.242355
vt 0.385040 0.243092
vt 0.385389 0.243882
vt 0.386189 0.246935
vt 0.378345 0.246935
vt 0.379822 0.232554
vt 0.377410 0.023895
vt 0.379031 0.008764
vt 0.378993 0.009554
vt 0.378863 0.010290
vt 0.378650 0.010923
vt 0.378369 0.011408
vt 0.378039 0.011713
vt 0.377681 0.011817
vt 0.377322 0.011713
vt 0.376985 0.011408
vt 0.376694 0.010923
vt 0.376469 0.010290
vt 0.376325 0.009554
vt 0.376272 0.008764
vt 0.378289 0.243882
vt 0.378390 0.243092
vt 0.378711 0.242355
vt 0.379216 0.241723
vt 0.379862 0.241238
vt 0.380604 0.240933
vt 0.381399 0.240829
vt 0.382212 0.240933
vt 0.383018 0.241238
vn 0.7080 0.6849 -0.1722
vn 0.7080 0.6849 0.1722
vn 0.7498 0.6415 0.1619
vn 0.7498 0.6415 -0.1619
vn -0.1138 -0.0292 -0.9931
vn -0.1118 0.0152 -0.9936
vn -0.0938 0.0235 -0.9953
vn -0.1055 0.0412 -0.9936
vn -0.0392 0.0380 -0.9985
vn -0.0289 0.0489 -0.9984
vn 0.0289 0.0489 -0.9984
vn 0.0393 0.0380 -0.9985
vn 0.1055 0.0412 -0.9936
vn 0.0938 0.0235 -0.9953
vn 0.1118 0.0152 -0.9936
vn 0.1138 -0.0292 -0.9931
vn 0.1298 -0.0367 0.9909
vn 0.1111 0.0151 0.9937
vn 0.0939 0.0235 0.9953
vn 0.1055 0.0412 0.9936
vn 0.0393 0.0380 0.9985
vn 0.0289 0.0489 0.9984
vn -0.0289 0.0489 0.9984
vn -0.0392 0.0380 0.9985
vn -0.1055 0.0412 0.9936
vn -0.0938 0.0235 0.9953
vn -0.1118 0.0152 0.9936
vn -0.1138 -0.0290 0.9931
vn 0.9590 0.2650 -0.1003
vn 0.9590 0.2651 0.1003
vn 0.9654 0.2413 0.0993
vn 0.9654 0.2413 -0.0993
vn 0.7102 0.6870 -0.1538
vn 0.7102 0.6870 0.1539
vn 0.9934 0.1143 -0.0119
vn 0.9927 0.0575 0.1063
vn 0.9932 0.0657 -0.0959
vn 0.9799 0.1754 -0.0949
vn 0.9801 0.1754 0.0934
vn 0.9961 0.0872 -0.0112
vn 0.9970 0.0735 0.0224
vn 0.9915 0.1277 0.0238
vn -0.9590 0.2651 0.1002
vn -0.9590 0.2650 -0.1002
vn -0.9654 0.2413 -0.0993
vn -0.9654 0.2413 0.0993
vn 0.0000 0.9747 -0.2234
vn 0.0000 0.9747 0.2234
vn -0.9799 0.1754 -0.0949
vn -0.9799 0.1754 0.0949
vn -0.7102 0.6870 0.1539
vn -0.7102 0.6870 -0.1539
vn -0.7080 0.6849 -0.1722
vn -0.7080 0.6849 0.1722
vn -0.7498 0.6415 -0.1619
vn -0.7498 0.6415 0.1619
vn 0.2107 0.9647 0.1581
vn -0.1075 0.9675 0.2290
vn -0.1075 0.9675 -0.2290
vn 0.2107 0.9647 -0.1581
vn 0.1270 -0.0154 0.9918
vn 0.1042 -0.0259 0.9942
vn 0.1134 0.0525 0.9922
vn 0.1206 0.0369 0.9920
vn 0.3264 -0.9359 -0.1326
vn 0.1937 -0.9485 -0.2506
vn 0.0811 -0.9967 -0.0002
vn 0.4071 -0.9134 0.0000
vn 0.1206 0.0369 -0.9920
vn 0.1288 0.0537 -0.9902
vn 0.1324 -0.0252 -0.9909
vn 0.1263 -0.0129 -0.9919
vn 0.1353 0.1818 -0.9740
vn 0.4451 0.1990 -0.8731
vn 0.4570 0.0977 -0.8841
vn 0.1554 0.4259 -0.8913
vn 0.4970 0.4183 -0.7602
vn 0.7630 0.2169 -0.6089
vn 0.7781 0.1280 -0.6149
vn 0.7426 0.3286 -0.5836
vn 0.4587 0.8659 -0.1994
vn 0.6364 0.7514 -0.1744
vn 0.6075 0.6161 -0.5014
vn 0.2906 0.6743 -0.6789
vn 0.8871 0.4483 -0.1104
vn 0.8347 0.4277 -0.3469
vn 0.2248 -0.7149 -0.6621
vn 0.4996 -0.6074 -0.6176
vn 0.6072 -0.7274 -0.3196
vn 0.1527 -0.3814 -0.9117
vn 0.4030 -0.3626 -0.8403
vn 0.7685 -0.3850 -0.5110
vn 0.8280 -0.5228 -0.2026
vn 0.6726 -0.2474 -0.6974
vn 0.4540 0.0016 -0.8910
vn 0.3967 -0.1226 -0.9097
vn 0.1360 -0.1520 -0.9790
vn 0.7546 0.0348 -0.6553
vn 0.7132 -0.0859 -0.6956
vn 0.4426 0.8756 0.1936
vn 0.2682 0.6790 0.6833
vn 0.5798 0.6232 0.5248
vn 0.6279 0.7559 0.1856
vn 0.1341 0.4252 0.8951
vn 0.4589 0.4197 0.7831
vn 0.8185 0.4347 0.3756
vn 0.8827 0.4539 0.1216
vn 0.7118 0.3290 0.6206
vn 0.4126 0.0934 0.9061
vn 0.4007 0.1965 0.8949
vn 0.1172 0.1804 0.9766
vn 0.7385 0.1267 0.6622
vn 0.7290 0.2188 0.6486
vn -0.0337 -0.7479 0.6629
vn -0.1475 -0.6961 0.7026
vn 0.1515 -0.5861 0.7960
vn -0.0163 -0.6213 0.7834
vn 0.4577 -0.5799 0.6740
vn 0.6239 -0.3850 0.6801
vn 0.1512 -0.3711 0.9162
vn 0.0151 -0.3697 0.9290
vn 0.4988 -0.2901 0.8167
vn 0.0718 -0.1614 0.9843
vn 0.2817 -0.1670 0.9449
vn 0.3854 -0.0099 0.9227
vn 0.6246 -0.1145 0.7725
vn 0.7158 0.0325 0.6975
vn -0.9932 0.0666 0.0959
vn -0.9932 -0.0494 0.1054
vn -0.9261 -0.0544 0.3732
vn -0.9327 0.0611 0.3554
vn -0.9503 -0.2815 0.1334
vn -0.8659 -0.2475 0.4346
vn -0.7392 -0.0573 0.6711
vn -0.7441 0.0419 0.6667
vn -0.7266 -0.1777 0.6637
vn -0.2364 -0.9428 0.2352
vn -0.1943 -0.7210 0.6652
vn -0.6107 -0.5199 0.5973
vn -0.4651 -0.8476 0.2554
vn -0.1286 -0.3869 0.9131
vn -0.4621 -0.3097 0.8310
vn -0.9074 -0.4018 0.1235
vn -0.4233 0.0036 0.9060
vn -0.4237 -0.1229 0.8974
vn -0.1156 -0.1573 0.9808
vn -0.9932 0.0666 -0.0959
vn -0.9327 0.0611 -0.3554
vn -0.9261 -0.0544 -0.3732
vn -0.9932 -0.0494 -0.1054
vn -0.7441 0.0419 -0.6667
vn -0.7392 -0.0573 -0.6711
vn -0.8659 -0.2475 -0.4346
vn -0.9503 -0.2815 -0.1334
vn -0.7266 -0.1777 -0.6637
vn -0.1156 -0.1577 -0.9807
vn -0.4237 -0.1229 -0.8974
vn -0.4233 0.0036 -0.9060
vn -0.1286 -0.3865 -0.9133
vn -0.4620 -0.3097 -0.8310
vn -0.2367 -0.9417 -0.2391
vn -0.4651 -0.8476 -0.2554
vn -0.6107 -0.5199 -0.5973
vn -0.1941 -0.7177 -0.6688
vn -0.9074 -0.4018 -0.1235
vn 0.9361 0.0561 0.3472
vn 0.9308 -0.0411 0.3632
vn 0.9912 -0.0532 0.1215
vn 0.7403 0.0359 0.6713
vn 0.7308 -0.0570 0.6803
vn 0.8522 -0.2657 0.4508
vn 0.9442 -0.2880 0.1597
vn 0.7165 -0.1722 0.6760
vn 0.1374 -0.1594 0.9776
vn 0.4117 -0.1086 0.9048
vn 0.4205 -0.0016 0.9073
vn 0.1582 -0.3879 0.9080
vn 0.4678 -0.3198 0.8239
vn 0.5103 -0.6938 0.5081
vn 0.7740 -0.5537 0.3072
vn 0.6138 -0.5130 0.6000
vn 0.3097 -0.6067 0.7321
vn 0.4233 0.0036 -0.9060
vn 0.4237 -0.1229 -0.8974
vn 0.1156 -0.1577 -0.9807
vn 0.7441 0.0419 -0.6667
vn 0.7392 -0.0573 -0.6711
vn 0.4620 -0.3097 -0.8310
vn 0.1286 -0.3865 -0.9133
vn 0.7266 -0.1777 -0.6637
vn 0.9931 -0.0509 -0.1054
vn 0.9261 -0.0544 -0.3732
vn 0.9327 0.0611 -0.3554
vn 0.9504 -0.2810 -0.1333
vn 0.8659 -0.2475 -0.4346
vn 0.2428 -0.9401 -0.2395
vn 0.1941 -0.7177 -0.6688
vn 0.6107 -0.5199 -0.5973
vn 0.4752 -0.8420 -0.2554
vn 0.9083 -0.3996 -0.1235
vn 0.3734 0.1192 0.9200
vn 0.4347 0.2025 0.8775
vn 0.2100 0.1459 0.9668
vn 0.6905 0.1991 0.6954
vn 0.7205 0.2631 0.6416
vn 0.5968 0.3592 0.7175
vn 0.4423 0.3511 0.8253
vn 0.7494 0.3377 0.5696
vn 0.9375 0.3322 0.1036
vn 0.8899 0.3162 0.3288
vn 0.8918 0.2594 0.3706
vn 0.8989 0.4227 0.1156
vn 0.8532 0.4038 0.3302
vn 0.6602 0.5296 0.5325
vn 0.7709 0.4748 0.4246
vn 0.8396 0.5264 0.1338
vn 0.8397 0.5264 -0.1338
vn 0.7709 0.4748 -0.4246
vn 0.6602 0.5296 -0.5325
vn 0.8989 0.4227 -0.1156
vn 0.8532 0.4038 -0.3302
vn 0.5968 0.3592 -0.7175
vn 0.4423 0.3511 -0.8253
vn 0.7493 0.3377 -0.5696
vn 0.8918 0.2594 -0.3706
vn 0.8899 0.3162 -0.3288
vn 0.9375 0.3322 -0.1036
vn 0.6905 0.1991 -0.6954
vn 0.7205 0.2631 -0.6416
vn 0.2100 0.1459 -0.9668
vn 0.4347 0.2025 -0.8775
vn 0.3733 0.1192 -0.9200
vn -0.8397 0.5264 0.1338
vn -0.7709 0.4748 0.4246
vn -0.6602 0.5296 0.5325
vn -0.8989 0.4227 0.1156
vn -0.8532 0.4038 0.3301
vn -0.5968 0.3592 0.7175
vn -0.4423 0.3511 0.8253
vn -0.7494 0.3377 0.5696
vn -0.8918 0.2594 0.3706
vn -0.8899 0.3162 0.3288
vn -0.9375 0.3322 0.1036
vn -0.6905 0.1991 0.6954
vn -0.7205 0.2631 0.6416
vn -0.2100 0.1459 0.9668
vn -0.4347 0.2025 0.8775
vn -0.3734 0.1192 0.9200
vn -0.3733 0.1192 -0.9200
vn -0.4347 0.2025 -0.8775
vn -0.2100 0.1459 -0.9668
vn -0.6905 0.1991 -0.6954
vn -0.7205 0.2631 -0.6416
vn -0.5967 0.3592 -0.7175
vn -0.4423 0.3511 -0.8253
vn -0.7493 0.3377 -0.5696
vn -0.9375 0.3322 -0.1036
vn -0.8899 0.3162 -0.3287
vn -0.8918 0.2594 -0.3706
vn -0.8989 0.4227 -0.1156
vn -0.8532 0.4039 -0.3301
vn -0.6602 0.5296 -0.5325
vn -0.7709 0.4748 -0.4246
vn -0.8397 0.5264 -0.1338
vn 0.7652 0.6186 0.1781
vn 0.7687 0.4535 0.4511
vn 0.6669 0.6005 0.4411
vn 0.9416 0.2972 0.1586
vn 0.8917 0.2742 0.3602
vn 0.7069 0.3383 0.6212
vn 0.6164 0.3272 0.7163
vn 0.8135 0.2876 0.5055
vn 0.9780 0.1236 0.1680
vn 0.9553 0.1827 0.2323
vn 0.9804 0.1816 0.0760
vn 0.8678 0.1486 0.4741
vn 0.8742 0.2292 0.4281
vn 0.2105 0.1616 0.9642
vn 0.6772 0.2315 0.6985
vn 0.5095 0.0930 0.8554
vn 0.8115 -0.4615 0.3585
vn 0.8134 -0.3733 0.4462
vn 0.8687 -0.2299 0.4388
vn 0.9108 -0.3503 0.2187
vn 0.7456 -0.1752 0.6429
vn 0.8257 -0.1703 0.5377
vn 0.9432 -0.0738 0.3238
vn 0.9833 -0.0963 0.1543
vn 0.8928 -0.1165 0.4351
vn 0.5807 0.0024 0.8141
vn 0.8157 -0.1032 0.5692
vn 0.5644 -0.0647 0.8230
vn 0.9308 0.0173 0.3650
vn 0.9429 -0.0646 0.3268
vn 0.9989 0.0057 0.0456
vn 0.9855 -0.0029 0.1699
vn 0.9889 0.0617 0.1353
vn 0.6669 0.6005 -0.4411
vn 0.7687 0.4535 -0.4511
vn 0.7652 0.6186 -0.1781
vn 0.6164 0.3272 -0.7162
vn 0.7069 0.3383 -0.6211
vn 0.8917 0.2742 -0.3601
vn 0.9416 0.2972 -0.1586
vn 0.8135 0.2876 -0.5055
vn 0.5096 0.0930 -0.8554
vn 0.6772 0.2315 -0.6984
vn 0.2105 0.1616 -0.9641
vn 0.8678 0.1486 -0.4741
vn 0.8742 0.2292 -0.4280
vn 0.9804 0.1816 -0.0760
vn 0.9554 0.1827 -0.2322
vn 0.9780 0.1236 -0.1680
vn 0.8115 -0.4615 -0.3585
vn 0.9108 -0.3503 -0.2187
vn 0.8687 -0.2299 -0.4388
vn 0.8134 -0.3733 -0.4462
vn 0.9833 -0.0963 -0.1543
vn 0.9432 -0.0738 -0.3238
vn 0.8258 -0.1703 -0.5377
vn 0.7456 -0.1752 -0.6429
vn 0.8928 -0.1165 -0.4351
vn 0.9889 0.0617 -0.1353
vn 0.9855 -0.0029 -0.1699
vn 0.9989 0.0057 -0.0455
vn 0.9309 0.0173 -0.3650
vn 0.9429 -0.0646 -0.3268
vn 0.5644 -0.0647 -0.8229
vn 0.8157 -0.1032 -0.5691
vn 0.5808 0.0024 -0.8141
vn 0.8618 -0.4957 0.1079
vn 0.6714 -0.7411 -0.0007
vn 0.0517 -0.9987 -0.0004
vn 0.1765 -0.9730 0.1487
vn 0.4859 -0.8740 0.0000
vn -0.0001 -0.8913 0.4534
vn 0.1022 0.1876 -0.9769
vn 0.1647 0.1593 -0.9734
vn 0.2029 0.4036 -0.8921
vn 0.3581 0.3464 -0.8670
vn 0.1814 0.5037 -0.8446
vn 0.4576 0.4426 -0.7712
vn 0.6762 0.6540 -0.3392
vn 0.1647 0.1593 0.9734
vn 0.3582 0.3464 0.8670
vn 0.4576 0.4426 0.7712
vn 0.6762 0.6540 0.3392
vn 0.3673 0.0918 -0.9256
vn 0.6817 0.1704 -0.7115
vn 0.8947 0.2236 -0.3867
vn 0.4066 0.0638 0.9114
vn 0.3673 0.0918 0.9255
vn 0.7173 0.1232 0.6858
vn 0.6817 0.1704 0.7115
vn 0.9153 0.1648 0.3674
vn 0.8947 0.2236 0.3868
vn 0.4074 0.0639 -0.9110
vn 0.7170 0.1231 -0.6862
vn 0.9145 0.1647 -0.3696
vn -0.1022 0.1876 0.9769
vn -0.1647 0.1593 0.9734
vn -0.2030 0.4037 0.8921
vn -0.3582 0.3464 0.8670
vn -0.1814 0.5037 0.8446
vn -0.4576 0.4426 0.7712
vn -0.6762 0.6540 0.3392
vn -0.6761 0.6540 0.3392
vn -0.1647 0.1593 -0.9734
vn -0.3582 0.3464 -0.8670
vn -0.4576 0.4426 -0.7712
vn -0.6761 0.6540 -0.3392
vn -0.3673 0.0918 0.9256
vn -0.6817 0.1704 0.7115
vn -0.8947 0.2236 0.3867
vn -0.4074 0.0639 -0.9110
vn -0.3673 0.0918 -0.9256
vn -0.7170 0.1231 -0.6862
vn -0.6817 0.1704 -0.7115
vn -0.9145 0.1647 -0.3696
vn -0.8947 0.2236 -0.3868
vn 0.0000 0.8985 0.4390
vn 0.1814 0.5037 0.8446
vn 0.2029 0.4037 0.8921
vn 0.1022 0.1876 0.9769
vn -0.9145 0.1647 0.3696
vn -0.7170 0.1231 0.6861
vn -0.4073 0.0639 0.9110
vn -0.1022 0.1876 -0.9769
vn -0.2029 0.4036 -0.8921
vn -0.1814 0.5037 -0.8446
vn 0.0000 0.8985 -0.4390
vn 0.6761 0.6540 0.3392
vn 0.1006 -0.7923 0.6017
vn 0.0886 -0.6548 0.7506
vn 0.0578 -0.3892 0.9193
vn 0.0268 -0.1865 0.9821
vn -0.0994 0.8939 0.4371
vn -0.0577 0.5191 0.8528
vn -0.0439 0.3949 0.9177
vn -0.0994 0.8939 -0.4371
vn -0.0577 0.5191 -0.8528
vn -0.0439 0.3949 -0.9177
vn 0.0994 -0.8939 -0.4371
vn 0.0577 -0.5191 -0.8528
vn 0.0440 -0.3960 -0.9172
vn 0.0194 -0.1746 -0.9845
vn 0.5767 -0.8170 0.0000
vn 0.9920 0.1263 0.0000
vn 0.1260 -0.9899 -0.0654
vn 0.1260 -0.9899 0.0654
vn 0.1263 -0.9920 0.0000
vn 0.1220 -0.9582 0.2588
vn 0.1220 -0.9583 0.2585
vn 0.1094 -0.8591 0.5000
vn 0.1094 -0.8594 0.4994
vn 0.0893 -0.7014 0.7071
vn 0.0894 -0.7021 0.7064
vn 0.0631 -0.4960 0.8660
vn 0.0633 -0.4970 0.8654
vn 0.0327 -0.2568 0.9659
vn 0.0328 -0.2580 0.9656
vn 0.0000 -0.0000 1.0000
vn 0.0002 -0.0013 1.0000
vn -0.0327 0.2568 0.9659
vn -0.0325 0.2555 0.9663
vn -0.0165 0.1295 0.9914
vn -0.0631 0.4960 0.8660
vn -0.0630 0.4950 0.8666
vn -0.0893 0.7014 0.7071
vn -0.0892 0.7008 0.7078
vn -0.1094 0.8591 0.5000
vn -0.1093 0.8588 0.5006
vn -0.1220 0.9582 0.2588
vn -0.1220 0.9581 0.2591
vn -0.1260 0.9899 0.0654
vn -0.1260 0.9899 -0.0654
vn -0.1263 0.9920 0.0000
vn -0.1220 0.9582 -0.2588
vn -0.1220 0.9581 -0.2591
vn -0.1094 0.8591 -0.5000
vn -0.1093 0.8588 -0.5006
vn -0.0893 0.7014 -0.7071
vn -0.0892 0.7008 -0.7078
vn -0.0631 0.4960 -0.8660
vn -0.0630 0.4950 -0.8666
vn -0.0327 0.2567 -0.9659
vn -0.0325 0.2555 -0.9663
vn -0.0165 0.1295 -0.9914
vn 0.0000 -0.0000 -1.0000
vn 0.0002 -0.0013 -1.0000
vn 0.0327 -0.2567 -0.9659
vn 0.0328 -0.2580 -0.9656
vn 0.0631 -0.4960 -0.8660
vn 0.0633 -0.4970 -0.8654
vn 0.0893 -0.7014 -0.7071
vn 0.0894 -0.7021 -0.7064
vn 0.1094 -0.8591 -0.5000
vn 0.1094 -0.8594 -0.4994
vn 0.1220 -0.9582 -0.2588
vn 0.1220 -0.9583 -0.2585
vn 0.0893 -0.7015 0.7071
vn -0.1220 0.9581 0.2592
vn -0.1252 0.9835 0.1305
vn -0.1220 0.9581 -0.2592
vn 0.0893 -0.7015 -0.7071
vn 0.0633 -0.4970 -0.8655
vn 0.0633 -0.4970 0.8655
vn 0.1252 -0.9835 -0.1305
vn 0.0327 -0.2567 0.9659
vn 0.0165 -0.1295 0.9914
vn -0.0327 0.2568 -0.9659
vn 0.0327 -0.2568 -0.9659
vn 0.0165 -0.1295 -0.9914
vn 0.1252 -0.9835 0.1305
vn -0.0327 0.2567 0.9659
vn -0.0893 0.7015 -0.7071
vn -0.1260 0.9899 0.0655
vn -0.1260 0.9899 -0.0655
vn -0.1252 0.9835 -0.1305
vn -0.0893 0.7015 0.7071
vn -0.9937 0.1123 -0.0000
vn -0.1120 -0.9916 0.0654
vn -0.1120 -0.9916 -0.0654
vn -0.1084 -0.9598 -0.2588
vn -0.1084 -0.9599 -0.2586
vn -0.0972 -0.8606 -0.5000
vn -0.0972 -0.8608 -0.4996
vn -0.0794 -0.7026 -0.7071
vn -0.0794 -0.7031 -0.7066
vn -0.0561 -0.4968 -0.8660
vn -0.0562 -0.4975 -0.8656
vn -0.0291 -0.2572 -0.9659
vn -0.0292 -0.2581 -0.9657
vn -0.0001 -0.0009 -1.0000
vn 0.0291 0.2572 -0.9659
vn 0.0290 0.2563 -0.9662
vn 0.0561 0.4968 -0.8660
vn 0.0560 0.4961 -0.8664
vn 0.0794 0.7026 -0.7071
vn 0.0793 0.7022 -0.7076
vn 0.0972 0.8606 -0.5000
vn 0.0972 0.8603 -0.5004
vn 0.1084 0.9598 -0.2588
vn 0.1084 0.9598 -0.2591
vn 0.1120 0.9916 -0.0654
vn 0.1120 0.9915 -0.0654
vn 0.1120 0.9916 0.0654
vn 0.1120 0.9915 0.0654
vn 0.1084 0.9598 0.2588
vn 0.1084 0.9598 0.2591
vn 0.0972 0.8606 0.5000
vn 0.0972 0.8603 0.5004
vn 0.0794 0.7026 0.7071
vn 0.0793 0.7022 0.7076
vn 0.0561 0.4968 0.8660
vn 0.0560 0.4961 0.8664
vn 0.0291 0.2572 0.9659
vn 0.0290 0.2563 0.9662
vn -0.0001 -0.0009 1.0000
vn -0.0291 -0.2572 0.9659
vn -0.0292 -0.2581 0.9657
vn -0.0561 -0.4968 0.8660
vn -0.0562 -0.4975 0.8656
vn -0.0794 -0.7026 0.7071
vn -0.0794 -0.7031 0.7066
vn -0.0972 -0.8606 0.5000
vn -0.0972 -0.8608 0.4996
vn -0.1084 -0.9598 0.2588
vn -0.1084 -0.9599 0.2586
vn -0.9949 0.1008 0.0000
vn 0.0972 0.8605 -0.5000
vn 0.0972 0.8605 0.5000
vn -0.0972 -0.8605 -0.5000
vn -0.0562 -0.4976 -0.8656
vn -0.0562 -0.4976 0.8656
vn -0.0972 -0.8605 0.5000
vn 0.0231 0.1937 0.9808
vn -0.0001 -0.0011 1.0000
vn 0.0230 0.1926 0.9810
vn 0.0454 0.3800 0.9239
vn 0.0453 0.3790 0.9243
vn 0.0659 0.5517 0.8315
vn 0.0658 0.5509 0.8320
vn 0.0839 0.7021 0.7071
vn 0.0838 0.7016 0.7077
vn 0.0986 0.8256 0.5556
vn 0.0986 0.8253 0.5561
vn 0.1096 0.9174 0.3827
vn 0.1096 0.9172 0.3831
vn 0.1163 0.9739 0.1951
vn 0.1163 0.9738 0.1953
vn 0.1186 0.9929 -0.0000
vn 0.1163 0.9738 -0.1953
vn 0.1163 0.9739 -0.1951
vn 0.1096 0.9172 -0.3831
vn 0.1096 0.9174 -0.3827
vn 0.0986 0.8253 -0.5561
vn 0.0986 0.8256 -0.5556
vn 0.0838 0.7016 -0.7077
vn 0.0839 0.7021 -0.7071
vn 0.0658 0.5509 -0.8320
vn 0.0659 0.5516 -0.8315
vn 0.0453 0.3790 -0.9243
vn 0.0454 0.3800 -0.9239
vn 0.0230 0.1926 -0.9810
vn 0.0231 0.1937 -0.9808
vn -0.0001 -0.0011 -1.0000
vn -0.0233 -0.1948 -0.9806
vn -0.0231 -0.1937 -0.9808
vn -0.0455 -0.3809 -0.9235
vn -0.0454 -0.3800 -0.9239
vn -0.0660 -0.5524 -0.8310
vn -0.0659 -0.5517 -0.8315
vn -0.0839 -0.7027 -0.7065
vn -0.0839 -0.7021 -0.7071
vn -0.0987 -0.8259 -0.5551
vn -0.0986 -0.8256 -0.5556
vn -0.1096 -0.9175 -0.3823
vn -0.1096 -0.9174 -0.3827
vn -0.1163 -0.9739 -0.1951
vn -0.1163 -0.9739 -0.1949
vn -0.1186 -0.9929 -0.0000
vn -0.1163 -0.9739 0.1949
vn -0.1163 -0.9739 0.1951
vn -0.1096 -0.9175 0.3823
vn -0.1096 -0.9174 0.3827
vn -0.0987 -0.8259 0.5551
vn -0.0986 -0.8256 0.5556
vn -0.0839 -0.7027 0.7065
vn -0.0839 -0.7021 0.7071
vn -0.0660 -0.5524 0.8309
vn -0.0659 -0.5517 0.8315
vn -0.0455 -0.3809 0.9235
vn -0.0454 -0.3800 0.9239
vn -0.9929 0.1186 -0.0000
vn -0.0231 -0.1937 0.9808
vn -0.0233 -0.1948 0.9806
vn -0.0659 -0.5516 -0.8315
vn 0.9934 0.1147 0.0000
vn -0.1147 0.9934 -0.0000
vn 0.1147 -0.9934 -0.0000
vn 0.9908 0.0232 -0.1334
vn 0.9864 0.1440 -0.0795
vn 0.9923 0.1231 -0.0118
vn 0.9964 0.0843 -0.0128
vn 0.1358 0.0402 -0.9899
vn 0.1089 0.0532 -0.9926
vn 0.1180 -0.0280 -0.9926
vn 0.1413 -0.0117 -0.9899
vn 0.2250 -0.9659 -0.1279
vn 0.3277 -0.9166 -0.2290
vn 0.3277 -0.9166 0.2290
vn 0.2242 -0.9660 0.1287
vn 0.1249 -0.0131 0.9921
vn 0.1180 -0.0280 0.9926
vn 0.1090 0.0532 0.9926
vn 0.1198 0.0382 0.9921
vn 0.1184 0.9662 -0.2290
vn 0.3502 0.9038 -0.2461
vn 0.5219 0.6248 -0.5807
vn 0.1071 0.7468 -0.6564
vn 0.8132 0.5700 -0.1177
vn 0.8754 0.4661 -0.1278
vn 0.8033 0.4197 -0.4226
vn 0.4124 0.3987 -0.8191
vn 0.0837 0.4107 -0.9079
vn 0.6823 0.3259 -0.6544
vn 0.9848 0.1439 -0.0971
vn 0.9239 0.1364 -0.3576
vn 0.8958 0.2477 -0.3689
vn 0.9610 0.2565 -0.1036
vn 0.7357 0.1154 -0.6675
vn 0.7149 0.2116 -0.6665
vn 0.0957 0.1810 -0.9788
vn 0.3999 0.2103 -0.8921
vn 0.4161 0.0855 -0.9053
vn 0.4247 0.0079 -0.9053
vn 0.4363 -0.1174 -0.8921
vn 0.1331 -0.1556 -0.9788
vn 0.7430 0.0488 -0.6675
vn 0.7439 -0.0496 -0.6665
vn 0.4899 -0.2984 -0.8191
vn 0.1718 -0.3823 -0.9079
vn 0.7372 -0.1682 -0.6544
vn 0.9924 0.0758 -0.0971
vn 0.9938 -0.0393 -0.1036
vn 0.9284 -0.0450 -0.3689
vn 0.9313 0.0697 -0.3576
vn 0.9564 -0.2626 -0.1278
vn 0.8758 -0.2332 -0.4226
vn 0.2685 -0.7050 -0.6564
vn 0.6463 -0.4950 -0.5807
vn 0.5401 -0.8048 -0.2461
vn 0.9185 -0.3776 -0.1177
vn 0.1184 0.9662 0.2290
vn 0.1071 0.7468 0.6564
vn 0.5219 0.6248 0.5807
vn 0.3502 0.9037 0.2461
vn 0.0837 0.4107 0.9079
vn 0.4124 0.3987 0.8191
vn 0.8132 0.5700 0.1177
vn 0.8033 0.4197 0.4226
vn 0.8754 0.4661 0.1278
vn 0.6823 0.3259 0.6544
vn 0.4161 0.0855 0.9053
vn 0.3999 0.2103 0.8921
vn 0.0957 0.1810 0.9788
vn 0.7356 0.1154 0.6675
vn 0.7148 0.2116 0.6665
vn 0.9848 0.1439 0.0971
vn 0.9610 0.2565 0.1036
vn 0.8958 0.2477 0.3689
vn 0.9239 0.1364 0.3576
vn 0.5401 -0.8048 0.2461
vn 0.6463 -0.4950 0.5807
vn 0.2685 -0.7050 0.6564
vn 0.9184 -0.3776 0.1177
vn 0.9564 -0.2626 0.1278
vn 0.8758 -0.2332 0.4226
vn 0.4899 -0.2984 0.8191
vn 0.1718 -0.3823 0.9079
vn 0.7372 -0.1682 0.6544
vn 0.9924 0.0758 0.0971
vn 0.9313 0.0697 0.3576
vn 0.9284 -0.0450 0.3689
vn 0.9938 -0.0393 0.1036
vn 0.7430 0.0488 0.6675
vn 0.7439 -0.0496 0.6665
vn 0.1331 -0.1556 0.9788
vn 0.4363 -0.1174 0.8921
vn 0.4248 0.0079 0.9053
vn 0.9425 0.1468 -0.3002
vn 0.9288 0.2357 -0.2861
vn 0.9646 0.2491 -0.0871
vn 0.9712 -0.1726 -0.1645
vn 0.9008 -0.1052 -0.4214
vn 0.9399 0.0471 -0.3381
vn 0.9850 0.1449 0.0939
vn 0.9629 0.2514 0.0981
vn 0.9174 0.2405 0.3172
vn 0.9287 0.1483 0.3400
vn 0.9913 0.0443 0.1239
vn 0.9191 0.0542 0.3904
vn 0.8488 -0.1166 0.5157
vn 0.9631 -0.1766 0.2029
vn 0.4816 0.8716 0.0915
vn 0.7655 0.6203 0.1710
vn 0.7666 0.4675 0.4401
vn 0.6637 0.6083 0.4353
vn 0.9407 0.3042 0.1504
vn 0.8924 0.2893 0.3463
vn 0.7070 0.3497 0.6148
vn 0.6149 0.3345 0.7142
vn 0.8136 0.3020 0.4968
vn 0.9922 0.1238 0.0115
vn 0.9777 0.1351 0.1609
vn 0.9560 0.1964 0.2179
vn 0.9792 0.1912 0.0680
vn 0.8703 0.1582 0.4663
vn 0.8752 0.2410 0.4195
vn 0.2094 0.1641 0.9640
vn 0.6782 0.2398 0.6946
vn 0.5073 0.0976 0.8562
vn 0.8575 -0.3302 0.3946
vn 0.8403 -0.2860 0.4605
vn 0.8512 -0.1010 0.5151
vn 0.8889 -0.1437 0.4350
vn 0.7080 -0.1577 0.6884
vn 0.7700 -0.1056 0.6292
vn 0.8645 0.1001 0.4926
vn 0.8310 0.2474 0.4983
vn 0.8239 0.0104 0.5666
vn 0.5391 0.0050 0.8422
vn 0.7214 -0.0830 0.6876
vn 0.2724 -0.1240 0.9542
vn 0.8499 0.0354 0.5258
vn 0.8613 0.0084 0.5081
vn 0.1022 0.5143 0.8515
vn 0.8134 0.2874 0.5057
vn 0.8893 0.1521 0.4314
vn 0.9678 0.0995 0.2313
vn 0.4840 0.8707 -0.0873
vn 0.6771 0.5987 -0.4279
vn 0.7772 0.4476 -0.4423
vn 0.7735 0.6105 -0.1704
vn 0.6222 0.3277 -0.7110
vn 0.7113 0.3329 -0.6191
vn 0.8949 0.2659 -0.3584
vn 0.9439 0.2914 -0.1551
vn 0.8200 0.2756 -0.5016
vn 0.5367 0.0979 -0.8381
vn 0.6766 0.2277 -0.7002
vn 0.2130 0.1627 -0.9634
vn 0.8712 0.1503 -0.4673
vn 0.8748 0.2223 -0.4305
vn 0.9801 0.1819 -0.0795
vn 0.9547 0.1765 -0.2394
vn 0.9785 0.1275 -0.1620
vn 0.8795 -0.2836 -0.3822
vn 0.9021 -0.0784 -0.4243
vn 0.8639 -0.0586 -0.5003
vn 0.8607 -0.2473 -0.4450
vn 0.8235 0.3012 -0.4808
vn 0.8665 0.1496 -0.4763
vn 0.7829 -0.0798 -0.6170
vn 0.7237 -0.1430 -0.6751
vn 0.8338 0.0486 -0.5500
vn 0.3072 0.5258 -0.7932
vn 0.9713 0.1014 -0.2152
vn 0.8642 0.0451 -0.5010
vn 0.8654 0.0319 -0.5000
vn 0.8866 0.1875 -0.4228
vn 0.8069 0.3345 -0.4868
vn 0.2792 -0.1216 -0.9525
vn 0.7288 -0.0699 -0.6812
vn 0.5707 0.0111 -0.8211
vn 0.0992 -0.8873 0.4503
vn 0.0583 -0.5173 0.8538
vn 0.0445 -0.3949 0.9177
vn -0.1074 0.9688 0.2235
vn -0.0981 0.8875 0.4503
vn -0.0567 0.5175 0.8538
vn -0.0433 0.3954 0.9175
vn 0.9980 0.0566 0.0274
vn -0.1074 0.9688 -0.2235
vn -0.0981 0.8875 -0.4503
vn -0.0567 0.5175 -0.8538
vn -0.0433 0.3954 -0.9175
vn 0.0992 -0.8873 -0.4503
vn 0.0583 -0.5173 -0.8538
vn 0.0445 -0.3949 -0.9176
vn 0.9924 -0.1234 -0.0000
vn 0.9916 -0.1291 -0.0000
vn 0.9078 -0.4194 -0.0000
vn 0.9054 -0.4246 -0.0000
vn 0.6874 -0.7263 -0.0000
vn 0.6835 -0.7299 -0.0000
vn 0.9939 0.1104 0.0000
vn 0.9938 0.1112 -0.0000
vn 0.9944 0.1059 -0.0000
vn 0.1059 -0.9944 0.0000
vn 0.1056 -0.9922 0.0660
vn -0.1056 0.9922 0.0660
vn -0.1059 0.9944 0.0000
vn -0.1022 0.9599 0.2609
vn -0.1022 0.9599 0.2610
vn -0.0915 0.8593 0.5032
vn -0.0915 0.8592 0.5034
vn -0.0745 0.7001 0.7101
vn -0.0745 0.6999 0.7103
vn -0.0526 0.4941 0.8678
vn -0.0526 0.4938 0.8680
vn -0.0272 0.2556 0.9664
vn -0.0272 0.2552 0.9665
vn -0.0000 0.0004 1.0000
vn 0.0271 -0.2548 0.9666
vn 0.0272 -0.2552 0.9665
vn 0.0526 -0.4938 0.8680
vn 0.0525 -0.4935 0.8682
vn 0.0745 -0.6999 0.7103
vn 0.0745 -0.6997 0.7106
vn 0.0915 -0.8592 0.5034
vn 0.0915 -0.8591 0.5036
vn 0.1022 -0.9599 0.2610
vn 0.1022 -0.9599 0.2611
vn 0.9938 0.1111 -0.0000
vn 0.1056 -0.9922 -0.0660
vn -0.1057 0.9922 -0.0660
vn -0.1022 0.9599 -0.2610
vn -0.1022 0.9599 -0.2609
vn -0.0915 0.8592 -0.5034
vn -0.0915 0.8593 -0.5032
vn -0.0745 0.6999 -0.7103
vn -0.0745 0.7001 -0.7101
vn -0.0526 0.4938 -0.8680
vn -0.0526 0.4941 -0.8678
vn -0.0272 0.2552 -0.9665
vn -0.0272 0.2556 -0.9664
vn -0.0000 0.0004 -1.0000
vn 0.0272 -0.2552 -0.9665
vn 0.0271 -0.2547 -0.9666
vn 0.0526 -0.4938 -0.8680
vn 0.0525 -0.4934 -0.8682
vn 0.0745 -0.6999 -0.7103
vn 0.0745 -0.6997 -0.7106
vn 0.0915 -0.8592 -0.5034
vn 0.0915 -0.8591 -0.5036
vn 0.1022 -0.9599 -0.2610
vn 0.1022 -0.9599 -0.2612
vn 0.9938 0.1110 0.0001
vn 0.9939 0.1105 0.0003
vn 0.9938 0.1109 0.0001
usemtl Material.003
s 1
f 1015/1/1 1020/2/2 911/3/3 938/4/4
f 843/5/5 986/6/6 1051/7/7 996/8/8 1031/9/9 991/10/10 928/11/11 1016/12/12 940/13/13 1036/14/14 933/15/15 880/16/16
f 862/17/17 899/18/18 1041/19/19 909/20/20 1021/21/21 904/22/22 957/23/23 1026/24/24 969/25/25 1046/26/26 962/27/27 825/28/28
f 939/29/29 910/30/30 1040/31/31 1035/32/32
f 929/33/33 905/34/34 1020/2/2 1015/1/1
f 1095/35/35 861/36/36 881/37/37 934/38/38 900/39/39 1113/40/40 1076/41/41 1056/42/42
f 968/43/43 997/44/44 1050/45/45 1045/46/46
f 929/33/47 992/47/47 958/48/48 905/34/48
f 1045/46/46 1050/45/45 987/49/49 963/50/50
f 958/48/51 992/47/52 1030/51/53 1025/52/54
f 1025/52/54 1030/51/53 998/53/55 967/54/56
f 1055/55/57 785/56/58 749/57/59 1093/58/60
f 1075/59/61 806/60/62 786/61/63 1057/62/64
f 900/39/39 861/36/36 1095/35/35 1113/40/40
f 1035/32/32 1040/31/31 900/39/39 934/38/38
f 1112/63/65 767/64/66 804/65/67 1074/66/68
f 1094/67/69 748/68/70 768/69/71 1114/70/72
f 748/68/70 756/71/73 759/72/74 758/73/75
f 756/71/73 757/74/76 760/75/77 759/72/74
f 758/73/75 759/72/74 754/76/78 751/77/79
f 759/72/74 760/75/77 755/78/80 754/76/78
f 749/57/81 761/79/82 764/80/83 763/81/84
f 761/79/82 762/82/85 765/83/86 764/80/83
f 763/81/84 764/80/83 760/84/77 757/85/76
f 764/80/83 765/83/86 755/86/80 760/84/77
f 767/64/66 775/87/87 778/88/88 777/89/89
f 775/87/87 776/90/90 779/91/91 778/88/88
f 777/89/89 778/88/88 773/92/92 770/93/93
f 778/88/88 779/91/91 774/94/94 773/92/92
f 768/69/71 780/95/95 783/96/96 782/97/97
f 780/95/95 781/98/98 784/99/99 783/96/96
f 782/97/97 783/96/96 779/100/91 776/101/90
f 783/96/96 784/99/99 774/102/94 779/100/91
f 785/56/100 788/103/101 791/104/102 790/105/103
f 788/103/101 789/106/104 792/107/105 791/104/102
f 790/105/103 791/104/102 803/108/106 800/109/107
f 791/104/102 792/107/105 793/110/108 803/108/106
f 786/61/63 794/111/109 797/112/110 796/113/111
f 794/111/109 795/114/112 798/115/113 797/112/110
f 796/113/111 797/112/110 792/116/105 789/117/104
f 797/112/110 798/115/113 793/118/108 792/116/105
f 804/65/114 807/119/115 810/120/116 809/121/117
f 807/119/118 808/122/118 811/123/119 810/120/116
f 809/121/117 810/120/116 822/124/120 819/125/121
f 810/120/116 811/123/119 812/126/122 822/124/120
f 806/60/62 818/127/123 821/128/124 820/129/125
f 818/127/123 819/130/121 822/131/120 821/128/124
f 820/129/125 821/128/124 817/132/126 814/133/127
f 821/128/124 822/131/120 812/134/122 817/132/126
f 823/135/128 826/136/129 829/137/130 828/138/131
f 826/136/129 827/139/132 830/140/133 829/137/130
f 828/138/131 829/137/130 841/141/134 838/142/135
f 829/137/130 830/140/133 831/143/136 841/141/134
f 824/144/137 832/145/138 835/146/139 834/147/140
f 832/145/138 833/148/141 836/149/142 835/146/139
f 834/147/143 835/146/139 830/150/133 827/151/132
f 835/146/139 836/149/142 831/152/136 830/150/133
f 825/28/28 837/153/144 840/154/145 839/155/146
f 837/153/144 838/156/135 841/157/134 840/154/145
f 839/155/146 840/154/145 836/158/142 833/159/141
f 840/154/145 841/157/134 831/160/136 836/158/142
f 842/161/147 845/162/148 848/163/149 847/164/150
f 845/162/148 846/165/151 849/166/152 848/163/149
f 847/164/150 848/163/149 860/167/153 857/168/154
f 848/163/149 849/166/152 850/169/155 860/167/153
f 843/5/5 851/170/156 854/171/157 853/172/158
f 851/170/156 852/173/159 855/174/160 854/171/157
f 853/172/158 854/171/157 849/166/152 846/165/151
f 854/171/157 855/174/160 850/175/155 849/166/152
f 844/176/161 856/177/162 859/178/163 858/179/164
f 856/177/165 857/180/154 860/181/153 859/178/163
f 858/179/164 859/178/163 855/182/160 852/183/159
f 859/178/163 860/181/153 850/184/155 855/182/160
f 861/36/36 864/185/166 867/186/167 866/187/168
f 864/185/166 865/188/169 868/189/170 867/186/167
f 866/187/168 867/186/167 879/190/171 876/191/172
f 867/186/167 868/189/170 869/192/173 879/190/171
f 862/17/17 870/193/174 873/194/175 872/195/176
f 870/193/174 871/196/177 874/197/178 873/194/175
f 872/195/176 873/194/175 868/189/170 865/188/169
f 873/194/175 874/197/178 869/192/173 868/189/170
f 863/198/179 875/199/180 878/200/181 877/201/182
f 875/199/180 876/191/172 879/190/171 878/200/181
f 877/201/182 878/200/181 874/202/178 871/203/177
f 878/200/181 879/190/171 869/192/173 874/202/178
f 880/16/16 883/204/183 886/205/184 885/206/185
f 883/204/183 884/207/186 887/208/187 886/205/184
f 885/206/185 886/205/184 898/209/188 895/210/189
f 886/205/184 887/208/187 888/211/190 898/209/188
f 881/37/37 889/212/191 892/213/192 891/214/193
f 889/212/191 890/215/194 893/216/195 892/213/192
f 891/214/193 892/213/192 887/208/187 884/207/186
f 892/213/192 893/216/195 888/211/190 887/208/187
f 882/217/196 894/218/197 897/219/198 896/220/199
f 894/218/197 895/221/189 898/222/188 897/219/198
f 896/220/200 897/219/198 893/216/195 890/215/194
f 897/219/198 898/222/188 888/211/190 893/216/195
f 909/20/20 912/223/201 915/224/202 914/225/203
f 912/223/201 913/226/204 916/227/205 915/224/202
f 914/225/203 915/224/202 927/228/206 924/229/207
f 915/224/202 916/227/205 917/230/208 927/228/206
f 910/30/30 918/231/209 921/232/210 920/233/211
f 918/231/209 919/234/212 922/235/213 921/232/210
f 920/233/211 921/232/210 916/227/205 913/226/204
f 921/232/210 922/235/213 917/230/208 916/227/205
f 911/3/3 923/236/214 926/237/215 925/238/216
f 923/236/214 924/239/207 927/240/206 926/237/215
f 925/238/216 926/237/215 922/235/213 919/234/212
f 926/237/215 927/240/206 917/230/208 922/235/213
f 938/4/4 941/241/217 944/242/218 943/243/219
f 941/241/217 942/244/220 945/245/221 944/242/218
f 943/243/219 944/242/218 956/246/222 953/247/223
f 944/242/218 945/245/221 946/248/224 956/246/222
f 939/29/29 947/249/225 950/250/226 949/251/227
f 947/249/225 948/252/228 951/253/229 950/250/226
f 949/251/227 950/250/226 945/245/221 942/244/220
f 950/250/226 951/253/229 946/248/224 945/245/221
f 940/13/13 952/254/230 955/255/231 954/256/232
f 952/254/230 953/257/223 956/258/222 955/255/231
f 954/256/232 955/255/231 951/253/229 948/252/228
f 955/255/231 956/258/222 946/248/224 951/253/229
f 967/54/56 970/259/233 973/260/234 972/261/235
f 970/259/233 971/262/236 974/263/237 973/260/234
f 972/261/235 973/260/234 985/264/238 982/265/239
f 973/260/234 974/263/237 975/266/240 985/264/238
f 968/43/43 976/267/241 979/268/242 978/269/243
f 976/267/241 977/270/244 980/271/245 979/268/242
f 978/269/243 979/268/242 974/272/237 971/273/236
f 979/268/242 980/271/245 975/274/240 974/272/237
f 969/25/25 981/275/246 984/276/247 983/277/248
f 981/275/246 982/278/239 985/279/238 984/276/247
f 983/277/248 984/276/247 980/280/245 977/281/244
f 984/276/247 985/279/238 975/282/240 980/280/245
f 996/8/8 999/283/249 1002/284/250 1001/285/251
f 999/283/249 1000/286/252 1003/287/253 1002/284/250
f 1001/285/251 1002/284/250 1014/288/254 1011/289/255
f 1002/284/250 1003/287/253 1004/290/256 1014/288/254
f 997/44/44 1005/291/257 1008/292/258 1007/293/259
f 1005/291/257 1006/294/260 1009/295/261 1008/292/258
f 1007/293/259 1008/292/258 1003/296/253 1000/297/252
f 1008/292/258 1009/295/261 1004/298/256 1003/296/253
f 998/53/55 1010/299/262 1013/300/263 1012/301/264
f 1010/299/262 1011/302/255 1014/303/254 1013/300/263
f 1012/301/264 1013/300/263 1009/304/261 1006/305/260
f 1013/300/263 1014/303/254 1004/306/256 1009/304/261
f 1055/55/57 1058/307/265 1061/308/266 1060/309/267
f 1058/307/265 1059/310/268 1062/311/269 1061/308/266
f 1060/309/267 1061/308/266 1073/312/270 1070/313/271
f 1061/308/266 1062/311/269 1063/314/272 1073/312/270
f 1056/42/42 1064/315/273 1067/316/274 1066/317/275
f 1064/315/273 1065/318/276 1068/319/277 1067/316/274
f 1066/317/275 1067/316/274 1062/320/269 1059/321/268
f 1067/316/274 1068/319/277 1063/322/272 1062/320/269
f 1057/62/64 1069/323/278 1072/324/279 1071/325/280
f 1069/323/278 1070/326/271 1073/327/270 1072/324/279
f 1071/325/280 1072/324/279 1068/328/277 1065/329/276
f 1072/324/279 1073/327/270 1063/330/272 1068/328/277
f 1074/66/281 1077/331/282 1080/332/283 1079/333/284
f 1077/331/282 1078/334/285 1081/335/286 1080/332/283
f 1079/333/284 1080/332/283 1092/336/287 1089/337/288
f 1080/332/283 1081/335/286 1082/338/289 1092/336/287
f 1075/59/61 1083/339/290 1086/340/291 1085/341/292
f 1083/339/290 1084/342/293 1087/343/294 1086/340/291
f 1085/341/292 1086/340/291 1081/344/286 1078/345/285
f 1086/340/291 1087/343/294 1082/346/289 1081/344/286
f 1076/41/41 1088/347/295 1091/348/296 1090/349/297
f 1088/347/295 1089/350/288 1092/351/287 1091/348/296
f 1090/349/297 1091/348/296 1087/352/294 1084/353/293
f 1091/348/296 1092/351/287 1082/354/289 1087/352/294
f 1093/58/60 1096/355/298 1099/356/299 1098/357/300
f 1096/355/298 1097/358/301 1100/359/302 1099/356/299
f 1098/357/300 1099/356/299 1111/360/303 1108/361/304
f 1099/356/299 1100/359/302 1101/362/305 1111/360/303
f 1094/67/69 1102/363/306 1105/364/307 1104/365/308
f 1102/363/306 1103/366/309 1106/367/310 1105/364/307
f 1104/365/308 1105/364/307 1100/368/302 1097/369/301
f 1105/364/307 1106/367/310 1101/370/305 1100/368/302
f 1095/35/35 1107/371/311 1110/372/312 1109/373/313
f 1107/371/311 1108/374/304 1111/375/303 1110/372/312
f 1109/373/313 1110/372/312 1106/376/310 1103/377/309
f 1110/372/312 1111/375/303 1101/378/305 1106/376/310
f 1112/63/314 1115/379/315 1118/380/316 1117/381/317
f 1115/379/315 1116/382/318 1119/383/319 1118/380/316
f 1117/381/317 1118/380/316 1130/384/320 1127/385/321
f 1118/380/316 1119/383/319 1120/386/322 1130/384/320
f 1113/40/40 1121/387/323 1124/388/324 1123/389/325
f 1121/387/323 1122/390/326 1125/391/327 1124/388/324
f 1123/389/325 1124/388/324 1119/392/319 1116/393/318
f 1124/388/324 1125/391/327 1120/394/322 1119/392/319
f 1114/70/72 1126/395/328 1129/396/329 1128/397/330
f 1126/395/328 1127/398/321 1130/399/320 1129/396/329
f 1128/397/330 1129/396/329 1125/400/327 1122/401/326
f 1129/396/329 1130/399/320 1120/402/322 1125/400/327
f 800/109/107 762/82/85 761/79/82 790/105/103
f 790/105/103 761/79/82 749/57/81 785/56/100
f 751/77/79 781/98/98 780/95/95 758/73/75
f 758/73/75 780/95/95 768/69/71 748/68/70
f 770/93/93 808/122/331 807/119/332 777/89/89
f 777/89/333 807/119/333 804/65/67 767/64/66
f 814/133/127 795/114/112 794/111/109 820/129/125
f 820/129/125 794/111/109 786/61/63 806/60/62
f 844/176/161 824/144/137 834/147/140 856/177/162
f 856/177/165 834/147/143 827/151/132 857/180/154
f 857/168/154 827/139/132 826/136/129 847/164/150
f 847/164/150 826/136/129 823/135/128 842/161/147
f 882/217/196 844/176/161 858/179/164 894/218/197
f 894/218/197 858/179/164 852/183/159 895/221/189
f 895/210/189 852/173/159 851/170/156 885/206/185
f 885/206/185 851/170/156 843/5/5 880/16/16
f 863/198/334 882/217/196 896/220/199 875/199/335
f 875/199/180 896/220/200 890/215/194 876/191/172
f 876/191/172 890/215/194 889/212/191 866/187/168
f 866/187/168 889/212/191 881/37/37 861/36/36
f 824/144/137 863/198/334 877/201/336 832/145/138
f 832/145/138 877/201/182 871/203/177 833/148/141
f 833/159/141 871/196/177 870/193/174 839/155/146
f 839/155/146 870/193/174 862/17/17 825/28/28
f 1016/12/12 928/11/11 930/403/337 1019/404/338
f 1019/404/338 930/403/337 931/405/339 1018/406/340
f 1018/407/340 931/408/339 932/409/341 1017/410/342
f 1017/410/343 932/409/343 929/33/33 1015/1/1
f 1021/21/21 909/20/20 914/225/203 1024/411/344
f 1024/411/344 914/225/203 924/229/207 1023/412/345
f 1023/413/345 924/239/207 923/236/214 1022/414/346
f 1022/414/347 923/236/214 911/3/3 1020/2/2
f 910/30/30 939/29/29 949/251/227 918/231/209
f 918/231/209 949/251/227 942/244/220 919/234/212
f 919/234/212 942/244/220 941/241/217 925/238/216
f 925/238/216 941/241/217 938/4/4 911/3/3
f 1036/14/14 940/13/13 954/256/232 1039/415/348
f 1039/415/348 954/256/232 948/252/228 1038/416/349
f 1038/416/349 948/252/228 947/249/225 1037/417/350
f 1037/417/350 947/249/225 939/29/29 1035/32/32
f 1041/19/19 899/18/18 901/418/351 1044/419/352
f 1044/419/352 901/418/351 902/420/353 1043/421/354
f 1043/421/354 902/420/353 903/422/355 1042/423/356
f 1042/423/356 903/422/355 900/39/39 1040/31/31
f 880/16/16 933/15/15 935/424/357 883/204/183
f 883/204/183 935/424/357 936/425/358 884/207/186
f 884/207/186 936/425/358 937/426/359 891/214/193
f 891/214/193 937/426/359 934/38/38 881/37/37
f 899/18/18 862/17/17 872/195/176 901/418/351
f 901/418/351 872/195/176 865/188/169 902/420/353
f 902/420/353 865/188/169 864/185/166 903/422/355
f 903/422/355 864/185/166 861/36/36 900/39/39
f 1026/24/24 957/23/23 959/427/360 1029/428/361
f 1029/428/361 959/427/360 960/429/362 1028/430/363
f 1028/431/363 960/432/362 961/433/364 1027/434/365
f 1027/434/366 961/433/367 958/48/51 1025/52/54
f 1031/9/9 996/8/8 1001/285/251 1034/435/368
f 1034/435/368 1001/285/251 1011/289/255 1033/436/369
f 1033/437/369 1011/302/255 1010/299/262 1032/438/370
f 1032/438/371 1010/299/262 998/53/55 1030/51/53
f 997/44/44 968/43/43 978/269/243 1005/291/257
f 1005/291/257 978/269/243 971/273/236 1006/294/260
f 1006/305/260 971/262/236 970/259/233 1012/301/264
f 1012/301/264 970/259/233 967/54/56 998/53/55
f 1046/26/26 969/25/25 983/277/248 1049/439/372
f 1049/439/372 983/277/248 977/281/244 1048/440/373
f 1048/441/373 977/270/244 976/267/241 1047/442/374
f 1047/442/374 976/267/241 968/43/43 1045/46/46
f 1051/7/7 986/6/6 988/443/375 1054/444/376
f 1054/444/376 988/443/375 989/445/377 1053/446/378
f 1053/446/378 989/445/377 990/447/379 1052/448/380
f 1052/448/380 990/447/379 987/49/49 1050/45/45
f 905/34/48 958/48/48 961/449/381 908/450/381
f 908/450/382 961/449/364 960/451/362 907/452/383
f 907/453/383 960/454/362 959/427/360 906/455/384
f 906/455/384 959/427/360 957/23/23 904/22/22
f 963/50/50 823/135/128 828/138/131 966/456/385
f 966/456/385 828/138/131 838/142/135 965/457/386
f 965/458/386 838/156/135 837/153/144 964/459/387
f 964/459/387 837/153/144 825/28/28 962/27/27
f 986/6/6 843/5/5 853/172/158 988/443/375
f 988/443/375 853/172/158 846/165/151 989/445/377
f 989/445/377 846/165/151 845/162/148 990/447/379
f 990/447/379 845/162/148 842/161/147 987/49/49
f 928/11/11 991/10/10 993/460/388 930/403/337
f 930/403/337 993/460/388 994/461/389 931/462/339
f 931/463/339 994/464/389 995/465/390 932/466/341
f 932/466/391 995/465/391 992/47/47 929/33/47
f 940/13/13 1016/12/12 1019/404/338 952/254/230
f 952/254/230 1019/404/338 1018/406/340 953/257/223
f 953/247/223 1018/407/340 1017/410/342 943/243/219
f 943/243/219 1017/410/343 1015/1/1 938/4/4
f 904/22/22 1021/21/21 1024/411/344 906/455/384
f 906/455/384 1024/411/344 1023/412/345 907/467/383
f 907/468/383 1023/413/345 1022/414/346 908/469/382
f 908/469/392 1022/414/347 1020/2/2 905/34/34
f 969/25/25 1026/24/24 1029/428/361 981/275/246
f 981/275/246 1029/428/361 1028/430/363 982/278/239
f 982/265/239 1028/431/363 1027/434/365 972/261/235
f 972/261/235 1027/434/366 1025/52/54 967/54/56
f 991/10/10 1031/9/9 1034/435/368 993/460/388
f 993/460/388 1034/435/368 1033/436/369 994/470/389
f 994/471/389 1033/437/369 1032/438/370 995/472/390
f 995/472/371 1032/438/371 1030/51/53 992/47/52
f 933/15/15 1036/14/14 1039/415/348 935/424/357
f 935/424/357 1039/415/348 1038/416/349 936/425/358
f 936/425/358 1038/416/349 1037/417/350 937/426/359
f 937/426/359 1037/417/350 1035/32/32 934/38/38
f 909/20/20 1041/19/19 1044/419/352 912/223/201
f 912/223/201 1044/419/352 1043/421/354 913/226/204
f 913/226/204 1043/421/354 1042/423/356 920/233/211
f 920/233/211 1042/423/356 1040/31/31 910/30/30
f 962/27/27 1046/26/26 1049/439/372 964/459/387
f 964/459/387 1049/439/372 1048/440/373 965/473/386
f 965/474/386 1048/441/373 1047/442/374 966/475/385
f 966/475/385 1047/442/374 1045/46/46 963/50/50
f 996/8/8 1051/7/7 1054/444/376 999/283/249
f 999/283/249 1054/444/376 1053/446/378 1000/286/252
f 1000/297/252 1053/446/378 1052/448/380 1007/293/259
f 1007/293/259 1052/448/380 1050/45/45 997/44/44
f 1074/66/393 804/65/114 809/121/117 1077/331/394
f 1077/331/394 809/121/117 819/125/121 1078/334/395
f 1078/345/395 819/130/121 818/127/123 1085/341/396
f 1085/341/396 818/127/123 806/60/62 1075/59/61
f 785/56/58 1055/55/57 1060/309/397 788/103/397
f 788/103/101 1060/309/398 1070/313/399 789/106/104
f 789/117/104 1070/326/399 1069/323/278 796/113/111
f 796/113/111 1069/323/278 1057/62/64 786/61/63
f 1056/42/42 1076/41/41 1090/349/297 1064/315/273
f 1064/315/273 1090/349/297 1084/353/293 1065/318/276
f 1065/329/276 1084/342/293 1083/339/290 1071/325/280
f 1071/325/280 1083/339/290 1075/59/61 1057/62/64
f 1093/58/60 749/57/59 763/81/400 1096/355/400
f 1096/355/401 763/81/84 757/85/76 1097/358/402
f 1097/369/402 757/74/76 756/71/73 1104/365/308
f 1104/365/308 756/71/73 748/68/70 1094/67/69
f 767/64/66 1112/63/65 1117/381/403 775/87/87
f 775/87/87 1117/381/404 1127/385/405 776/90/90
f 776/101/90 1127/398/405 1126/395/406 782/97/97
f 782/97/97 1126/395/406 1114/70/72 768/69/71
f 1113/40/40 1095/35/35 1109/373/313 1121/387/323
f 1121/387/323 1109/373/313 1103/377/309 1122/390/326
f 1122/401/326 1103/366/309 1102/363/306 1128/397/330
f 1128/397/330 1102/363/306 1094/67/69 1114/70/72
f 1095/35/35 1056/42/42 1066/317/275 1107/371/311
f 1107/371/311 1066/317/275 1059/321/268 1108/374/304
f 1108/361/304 1059/310/268 1058/307/265 1098/357/300
f 1098/357/300 1058/307/265 1055/55/57 1093/58/60
f 1076/41/41 1113/40/40 1123/389/325 1088/347/295
f 1088/347/295 1123/389/325 1116/393/318 1089/350/288
f 1089/337/288 1116/382/318 1115/379/315 1079/333/284
f 1079/333/407 1115/379/407 1112/63/65 1074/66/68
f 323/476/408 322/477/408 320/478/408 328/479/408 329/480/408 330/481/408 331/482/408 332/483/408 327/484/408 314/485/408 315/486/408 316/487/408 317/488/408 318/489/408 319/490/408 307/491/408 309/492/408 310/493/408 311/494/408 312/495/408 313/496/408 308/497/408 321/498/408 326/499/408 325/500/408 324/501/408
f 335/502/408 336/503/408 337/504/408 338/505/408 339/506/408 334/507/408 347/508/408 352/509/408 351/510/408 350/511/408 349/512/408 348/513/408 346/514/408 354/515/408 355/516/408 356/517/408 357/518/408 358/519/408 353/520/408 340/521/408 341/522/408 342/523/408 343/524/408 344/525/408 345/526/408 333/527/408
f 361/528/408 362/529/408 363/530/408 364/531/408 365/532/408 360/533/408 373/534/408 378/535/408 377/536/408 376/537/408 375/538/408 374/539/408 372/540/408 380/541/408 381/542/408 382/543/408 383/544/408 384/545/408 379/546/408 366/547/408 367/548/408 368/549/408 369/550/408 370/551/408 371/552/408 359/553/408
f 401/554/408 400/555/408 398/556/408 406/557/408 407/558/408 408/559/408 409/560/408 410/561/408 405/562/408 392/563/408 393/564/408 394/565/408 395/566/408 396/567/408 397/568/408 385/569/408 387/570/408 388/571/408 389/572/408 390/573/408 391/574/408 386/575/408 399/576/408 404/577/408 403/578/408 402/579/408
f 427/580/408 426/581/408 424/582/408 432/583/408 433/584/408 434/585/408 435/586/408 436/587/408 431/588/408 418/589/408 419/590/408 420/591/408 421/592/408 422/593/408 423/594/408 411/595/408 413/596/408 414/597/408 415/598/408 416/599/408 417/600/408 412/601/408 425/602/408 430/603/408 429/604/408 428/605/408
f 453/606/408 452/607/408 450/608/408 458/609/408 459/610/408 460/611/408 461/612/408 462/613/408 457/614/408 444/615/408 445/616/408 446/617/408 447/618/408 448/619/408 449/620/408 437/621/408 439/622/408 440/623/408 441/624/408 442/625/408 443/626/408 438/627/408 451/628/408 456/629/408 455/630/408 454/631/408
f 479/632/408 478/633/408 476/634/408 484/635/408 485/636/408 486/637/408 487/638/408 488/639/408 483/640/408 470/641/408 471/642/408 472/643/408 473/644/408 474/645/408 475/646/408 463/647/408 465/648/408 466/649/408 467/650/408 468/651/408 469/652/408 464/653/408 477/654/408 482/655/408 481/656/408 480/657/408
f 505/658/408 504/659/408 502/660/408 510/661/408 511/662/408 512/663/408 513/664/408 514/665/408 509/666/408 496/667/408 497/668/408 498/669/408 499/670/408 500/671/408 501/672/408 489/673/408 491/674/408 492/675/408 493/676/408 494/677/408 495/678/408 490/679/408 503/680/408 508/681/408 507/682/408 506/683/408
f 517/684/408 518/685/408 519/686/408 520/687/408 521/688/408 516/689/408 529/690/408 534/691/408 533/692/408 532/693/408 531/694/408 530/695/408 528/696/408 536/697/408 537/698/408 538/699/408 539/700/408 540/701/408 535/702/408 522/703/408 523/704/408 524/705/408 525/706/408 526/707/408 527/708/408 515/709/408
f 558/710/408 557/711/408 556/712/408 554/713/408 562/714/408 563/715/408 564/716/408 565/717/408 566/718/408 561/719/408 548/720/408 549/721/408 550/722/408 551/723/408 552/724/408 553/725/408 541/726/408 543/727/408 544/728/408 545/729/408 546/730/408 547/731/408 542/732/408 555/733/408 560/734/408 559/735/408
f 584/736/408 583/737/408 582/738/408 580/739/408 588/740/408 589/741/408 590/742/408 591/743/408 592/744/408 587/745/408 574/746/408 575/747/408 576/748/408 577/749/408 578/750/408 579/751/408 567/752/408 569/753/408 570/754/408 571/755/408 572/756/408 573/757/408 568/758/408 581/759/408 586/760/408 585/761/408
f 595/762/408 596/763/408 597/764/408 598/765/408 599/766/408 594/767/408 607/768/408 612/769/408 611/770/408 610/771/408 609/772/408 608/773/408 606/774/408 614/775/408 615/776/408 616/777/408 617/778/408 618/779/408 613/780/408 600/781/408 601/782/408 602/783/408 603/784/408 604/785/408 605/786/408 593/787/408
f 635/788/408 634/789/408 632/790/408 640/791/408 641/792/408 642/793/408 643/794/408 644/795/408 639/796/408 626/797/408 627/798/408 628/799/408 629/800/408 630/801/408 631/802/408 619/803/408 621/804/408 622/805/408 623/806/408 624/807/408 625/808/408 620/809/408 633/810/408 638/811/408 637/812/408 636/813/408
f 647/814/408 648/815/408 649/816/408 650/817/408 651/818/408 646/819/408 659/820/408 664/821/408 663/822/408 662/823/408 661/824/408 660/825/408 658/826/408 666/827/408 667/828/408 668/829/408 669/830/408 670/831/408 665/832/408 652/833/408 653/834/408 654/835/408 655/836/408 656/837/408 657/838/408 645/839/408
f 321/498/409 308/497/410 1232/840/410 1233/841/411 1240/842/409
f 313/496/412 1246/843/413 1232/840/410 308/497/410
f 313/496/412 312/495/414 1254/844/415 1246/843/413
f 312/495/414 311/494/416 1264/845/417 1254/844/415
f 311/494/416 310/493/418 1277/846/419 1264/845/417
f 310/493/418 309/492/420 1287/847/421 1277/846/419
f 1287/847/421 309/492/420 307/491/422 1302/848/423
f 1302/848/423 307/491/422 319/490/424 1319/849/425 1318/850/426
f 1319/849/425 319/490/424 318/489/427 1332/851/428
f 318/489/427 317/488/429 1351/852/430 1332/851/428
f 1351/852/430 317/488/429 316/487/431 1359/853/432
f 1359/853/432 316/487/431 315/486/433 1229/854/434
f 1229/854/434 315/486/433 314/485/435 1245/855/435
f 314/485/435 327/484/436 1238/856/436 1237/857/437 1245/855/435
f 1238/856/436 327/484/436 332/483/438 1252/858/439
f 332/483/438 331/482/440 1260/859/441 1252/858/439
f 331/482/440 330/481/442 1272/860/443 1260/859/441
f 330/481/442 329/480/444 1281/861/445 1272/860/443
f 329/480/444 328/479/446 1294/862/447 1281/861/445
f 1309/863/448 1294/862/447 328/479/446 320/478/449 1308/864/450
f 1308/864/450 320/478/449 322/477/451 1328/865/452
f 1328/865/452 322/477/451 323/476/453 1341/866/454
f 1341/866/454 323/476/453 324/501/455 1350/867/456
f 1350/867/456 324/501/455 325/500/457 1365/868/458
f 1365/868/458 325/500/457 326/499/459 1373/869/460
f 1373/869/460 326/499/459 321/498/409 1240/842/409
f 347/508/409 334/507/410 1399/870/410 1305/871/409
f 339/506/412 1415/872/413 1399/870/410 334/507/410
f 339/506/412 338/505/414 1423/873/415 1415/872/413
f 337/504/461 1439/874/417 1423/873/415 338/505/414
f 337/504/461 336/503/418 1231/875/419 1439/874/417
f 336/503/418 335/502/420 1225/876/421 1231/875/419
f 1225/876/421 335/502/420 333/527/422 1242/877/423
f 1242/877/423 333/527/422 345/526/424 1259/878/425
f 1259/878/425 345/526/424 344/525/427 1273/879/428
f 1273/879/428 344/525/427 343/524/429 1283/880/430
f 1283/880/430 343/524/429 342/523/431 1295/881/432
f 342/523/431 341/522/433 1314/882/462 1295/881/432
f 1314/882/462 341/522/433 340/521/435 1325/883/435 1324/884/463
f 340/521/435 353/520/436 1340/885/436 1339/886/437 1325/883/435
f 1340/885/436 353/520/436 358/519/438 1356/887/464
f 358/519/438 357/518/440 1364/888/441 1356/887/464
f 1364/888/441 357/518/440 356/517/442 1374/889/443
f 356/517/442 355/516/444 1381/890/445 1374/889/443
f 355/516/444 354/515/446 1395/891/447 1381/890/445
f 1395/891/447 354/515/446 346/514/449 1407/892/450
f 1407/892/450 346/514/449 348/513/451 1424/893/452
f 1424/893/452 348/513/451 349/512/453 1434/894/454
f 1434/894/454 349/512/453 350/511/465 1286/895/456
f 1286/895/456 350/511/465 351/510/457 1291/896/458
f 1291/896/458 351/510/457 352/509/459 1298/897/460
f 1298/897/460 352/509/459 347/508/409 1305/871/409
f 373/534/409 360/533/410 1316/898/410 1317/899/411 1303/900/409
f 365/532/412 1336/901/413 1316/898/410 360/533/410
f 365/532/412 364/531/414 1346/902/415 1336/901/413
f 363/530/416 1362/903/417 1346/902/415 364/531/414
f 363/530/416 362/529/418 1369/904/419 1362/903/417
f 362/529/418 361/528/420 1378/905/421 1369/904/419
f 1378/905/421 361/528/420 359/553/422 1393/906/423
f 1393/906/423 359/553/422 371/552/424 1405/907/425
f 1405/907/425 371/552/424 370/551/427 1418/908/428
f 1418/908/428 370/551/427 369/550/429 1432/909/430
f 1432/909/430 369/550/429 368/549/431 1440/910/432
f 1440/910/432 368/549/431 367/548/433 1454/911/462
f 1454/911/462 367/548/433 366/547/435 1469/912/435
f 366/547/435 379/546/436 1480/913/436 1469/912/435
f 1480/913/436 379/546/436 384/545/438 1487/914/464
f 384/545/438 383/544/440 1207/915/441 1487/914/464
f 383/544/440 382/543/442 1211/916/443 1207/915/441
f 1211/916/443 382/543/442 381/542/444 1215/917/445
f 381/542/444 380/541/446 1219/918/447 1215/917/445
f 1219/918/447 380/541/446 372/540/449 1226/919/450
f 1226/919/450 372/540/449 374/539/451 1244/920/452
f 1244/920/452 374/539/451 375/538/453 1251/921/466
f 1251/921/466 375/538/453 376/537/455 1263/922/456
f 1263/922/456 376/537/455 377/536/457 1276/923/458
f 1276/923/458 377/536/457 378/535/459 1288/924/460
f 1288/924/460 378/535/459 373/534/409 1303/900/409
f 399/576/409 386/575/410 1315/925/410 1323/926/409
f 391/574/412 1335/927/413 1315/925/410 386/575/410
f 391/574/412 390/573/414 1344/928/415 1335/927/413
f 390/573/414 389/572/416 1353/929/417 1344/928/415
f 389/572/416 388/571/418 1368/930/467 1353/929/417
f 388/571/418 387/570/420 1377/931/421 1368/930/467
f 1377/931/421 387/570/420 385/569/422 1391/932/423
f 1391/932/423 385/569/422 397/568/424 1406/933/425
f 1406/933/425 397/568/424 396/567/427 1419/934/428
f 1419/934/428 396/567/427 395/566/429 1429/935/430
f 395/566/429 394/565/431 1445/936/432 1429/935/430
f 1445/936/432 394/565/431 393/564/433 1451/937/434
f 1451/937/434 393/564/433 392/563/435 1465/938/435
f 392/563/435 405/562/436 1478/939/436 1476/940/437 1465/938/435
f 1478/939/436 405/562/436 410/561/438 1493/941/439
f 410/561/438 409/560/440 1496/942/441 1493/941/439
f 409/560/440 408/559/442 1503/943/443 1496/942/441
f 408/559/442 407/558/444 1511/944/445 1503/943/443
f 407/558/444 406/557/446 1519/945/447 1511/944/445
f 1519/945/447 406/557/446 398/556/449 1528/946/450
f 1528/946/450 398/556/449 400/555/451 1538/947/452
f 1538/947/452 400/555/451 401/554/453 1548/948/454
f 1548/948/454 401/554/453 402/579/455 1555/949/456
f 1555/949/456 402/579/455 403/578/457 1563/950/458
f 1563/950/458 403/578/457 404/577/459 1571/951/460
f 1576/952/468 1571/951/460 404/577/459 399/576/409 1323/926/409
f 1329/953/409 425/602/409 412/601/410 1227/954/410
f 412/601/410 417/600/412 1241/955/413 1227/954/410
f 417/600/412 416/599/414 1234/956/415 1241/955/413
f 415/598/416 1247/957/417 1234/956/415 416/599/414
f 415/598/416 414/597/418 1256/958/467 1247/957/417
f 414/597/418 413/596/469 1265/959/421 1256/958/467
f 1265/959/421 413/596/469 411/595/422 1279/960/423 1278/961/470
f 1279/960/423 411/595/422 423/594/424 1292/962/425
f 1292/962/425 423/594/424 422/593/427 1306/963/428
f 1306/963/428 422/593/427 421/592/429 1321/964/430
f 1321/964/430 421/592/429 420/591/431 1334/965/432
f 420/591/431 419/590/433 1352/966/462 1334/965/432
f 1352/966/462 419/590/433 418/589/435 1361/967/435
f 1361/967/435 418/589/435 431/588/436 1370/968/436
f 1370/968/436 431/588/436 436/587/438 1388/969/464
f 436/587/438 435/586/440 1394/970/441 1388/969/464
f 1394/970/441 435/586/440 434/585/442 1410/971/443
f 434/585/442 433/584/444 1416/972/445 1410/971/443
f 1416/972/445 433/584/444 432/583/471 1431/973/447
f 1431/973/447 432/583/471 424/582/449 1270/974/450
f 1270/974/450 424/582/449 426/581/472 1261/975/452
f 1261/975/452 426/581/472 427/580/453 1275/976/466
f 1275/976/466 427/580/453 428/605/455 1293/977/456
f 1293/977/456 428/605/455 429/604/457 1299/978/458
f 1299/978/458 429/604/457 430/603/459 1320/979/460
f 1320/979/460 430/603/459 425/602/409 1329/953/409
f 1349/980/409 451/628/409 438/627/410 1343/981/410
f 443/626/412 1360/982/413 1343/981/410 438/627/410
f 443/626/412 442/625/414 1366/983/415 1360/982/413
f 441/624/416 1379/984/417 1366/983/415 442/625/414
f 441/624/416 440/623/418 1386/985/467 1379/984/417
f 439/622/420 1403/986/421 1386/985/467 440/623/418
f 1403/986/421 439/622/420 437/621/422 1413/987/423
f 1413/987/423 437/621/422 449/620/424 1427/988/425
f 1427/988/425 449/620/424 448/619/427 1438/989/428
f 448/619/427 447/618/429 1455/990/430 1438/989/428
f 1455/990/430 447/618/429 446/617/431 1462/991/432
f 446/617/431 445/616/433 1210/992/462 1462/991/432
f 1210/992/462 445/616/433 444/615/435 1213/993/435
f 1213/993/435 444/615/435 457/614/436 1217/994/436
f 457/614/436 462/613/438 1221/995/464 1217/994/436
f 462/613/438 461/612/440 1230/996/441 1221/995/464
f 1230/996/441 461/612/440 460/611/442 1249/997/443
f 460/611/442 459/610/444 1255/998/445 1249/997/443
f 459/610/444 458/609/446 1267/999/447 1255/998/445
f 1267/999/447 458/609/446 450/608/449 1284/1000/450
f 1301/1001/473 1284/1000/450 450/608/449 452/607/472 1300/1002/452
f 1300/1002/452 452/607/472 453/606/453 1313/1003/454
f 1313/1003/454 453/606/453 454/631/455 1331/1004/456
f 1331/1004/456 454/631/455 455/630/457 1347/1005/458
f 1347/1005/458 455/630/457 456/629/459 1367/1006/460
f 1367/1006/460 456/629/459 451/628/409 1349/980/409
f 477/654/409 464/653/410 1382/1007/410 1222/1008/409
f 469/652/412 1401/1009/413 1396/1010/474 1382/1007/410 464/653/410
f 469/652/412 468/651/414 1408/1011/415 1401/1009/413
f 468/651/414 467/650/416 1420/1012/417 1408/1011/415
f 467/650/416 466/649/418 1228/1013/467 1420/1012/417
f 466/649/418 465/648/420 1224/1014/421 1228/1013/467
f 1224/1014/421 465/648/420 463/647/422 1236/1015/423
f 1236/1015/423 463/647/422 475/646/424 1253/1016/425
f 1253/1016/425 475/646/424 474/645/427 1269/1017/428
f 1269/1017/428 474/645/427 473/644/429 1282/1018/430
f 1282/1018/430 473/644/429 472/643/431 1296/1019/432
f 1296/1019/432 472/643/431 471/642/433 1311/1020/434
f 1311/1020/434 471/642/433 470/641/435 1327/1021/435
f 470/641/435 483/640/436 1338/1022/436 1337/1023/437 1327/1021/435
f 1338/1022/436 483/640/436 488/639/438 1355/1024/464
f 488/639/438 487/638/440 1363/1025/441 1355/1024/464
f 487/638/440 486/637/442 1372/1026/443 1363/1025/441
f 486/637/442 485/636/444 1383/1027/445 1372/1026/443
f 485/636/444 484/635/471 1397/1028/447 1383/1027/445
f 1397/1028/447 484/635/471 476/634/449 1409/1029/450
f 1409/1029/450 476/634/449 478/633/472 1425/1030/452
f 1425/1030/452 478/633/472 479/632/453 1435/1031/454
f 1435/1031/454 479/632/453 480/657/455 1209/1032/456
f 1209/1032/456 480/657/455 481/656/457 1214/1033/458
f 1214/1033/458 481/656/457 482/655/459 1220/1034/460
f 1220/1034/460 482/655/459 477/654/409 1222/1008/409
f 503/680/409 490/679/410 1235/1035/410 1243/1036/409
f 495/678/412 1250/1037/413 1235/1035/410 490/679/410
f 495/678/412 494/677/414 1258/1038/415 1250/1037/413
f 494/677/414 493/676/461 1271/1039/417 1258/1038/415
f 492/675/418 1289/1040/467 1271/1039/417 493/676/461
f 492/675/418 491/674/420 1297/1041/421 1289/1040/467
f 1297/1041/421 491/674/420 489/673/422 1312/1042/423
f 1312/1042/423 489/673/422 501/672/424 1330/1043/425
f 1330/1043/425 501/672/424 500/671/427 1345/1044/428
f 1345/1044/428 500/671/427 499/670/429 1357/1045/430
f 499/670/429 498/669/431 1376/1046/432 1357/1045/430
f 1376/1046/432 498/669/431 497/668/433 1384/1047/434
f 1384/1047/434 497/668/433 496/667/435 1398/1048/435
f 496/667/435 509/666/436 1412/1049/436 1411/1050/437 1398/1048/435
f 509/666/436 514/665/438 1426/1051/439 1412/1049/436
f 1426/1051/439 514/665/438 513/664/440 1262/1052/441
f 513/664/440 512/663/442 1257/1053/443 1262/1052/441
f 512/663/442 511/662/444 1268/1054/445 1257/1053/443
f 511/662/444 510/661/446 1280/1055/447 1268/1054/445
f 1280/1055/447 510/661/446 502/660/449 1290/1056/450
f 1290/1056/450 502/660/449 504/659/451 1307/1057/452
f 1307/1057/452 504/659/451 505/658/453 1322/1058/454
f 1322/1058/454 505/658/453 506/683/455 1333/1059/456
f 1333/1059/456 506/683/455 507/682/457 1348/1060/458
f 1348/1060/458 507/682/457 508/681/459 1358/1061/460
f 1358/1061/460 508/681/459 503/680/409 1243/1036/409
f 1380/1062/409 529/690/409 516/689/410 1385/1063/410
f 516/689/410 521/688/412 1390/1064/413 1385/1063/410
f 521/688/412 520/687/414 1402/1065/415 1390/1064/413
f 519/686/416 1417/1066/417 1402/1065/415 520/687/414
f 519/686/416 518/685/418 1428/1067/419 1417/1066/417
f 518/685/418 517/684/469 1436/1068/421 1428/1067/419
f 1436/1068/421 517/684/469 515/709/422 1448/1069/423
f 1448/1069/423 515/709/422 527/708/475 1208/1070/425
f 1208/1070/425 527/708/475 526/707/427 1212/1071/428
f 526/707/427 525/706/429 1216/1072/430 1212/1071/428
f 1216/1072/430 525/706/429 524/705/431 1218/1073/432
f 1218/1073/432 524/705/431 523/704/433 1223/1074/434
f 1223/1074/434 523/704/433 522/703/435 1239/1075/435
f 522/703/435 535/702/436 1248/1076/436 1239/1075/435
f 1248/1076/436 535/702/436 540/701/438 1266/1077/464
f 540/701/438 539/700/440 1274/1078/441 1266/1077/464
f 539/700/440 538/699/442 1285/1079/443 1274/1078/441
f 1285/1079/443 538/699/442 537/698/444 1304/1080/445
f 537/698/444 536/697/446 1310/1081/447 1304/1080/445
f 1310/1081/447 536/697/446 528/696/449 1326/1082/450
f 1326/1082/450 528/696/449 530/695/472 1342/1083/452
f 1342/1083/452 530/695/472 531/694/453 1354/1084/466
f 1354/1084/466 531/694/453 532/693/455 1371/1085/456
f 1371/1085/456 532/693/455 533/692/457 1375/1086/458
f 1375/1086/458 533/692/457 534/691/459 1389/1087/460
f 1389/1087/460 534/691/459 529/690/409 1380/1062/409
f 1421/1088/409 555/733/409 542/732/410 1414/1089/410
f 547/731/412 1430/1090/413 1414/1089/410 542/732/410
f 547/731/412 546/730/414 1437/1091/415 1430/1090/413
f 546/730/414 545/729/416 1446/1092/417 1437/1091/415
f 545/729/416 544/728/418 1457/1093/419 1446/1092/417
f 544/728/418 543/727/420 1467/1094/421 1457/1093/419
f 1467/1094/421 543/727/420 541/726/422 1479/1095/423
f 1479/1095/423 541/726/422 553/725/424 1491/1096/425
f 1491/1096/425 553/725/424 552/724/427 1500/1097/428
f 1500/1097/428 552/724/427 551/723/429 1509/1098/430
f 1509/1098/430 551/723/429 550/722/431 1516/1099/432
f 1516/1099/432 550/722/431 549/721/433 1525/1100/462
f 1525/1100/462 549/721/433 548/720/435 1533/1101/435
f 1533/1101/435 548/720/435 561/719/436 1542/1102/436
f 561/719/436 566/718/438 1549/1103/464 1542/1102/436
f 566/718/438 565/717/440 1556/1104/441 1549/1103/464
f 565/717/440 564/716/476 1560/1105/443 1556/1104/441
f 564/716/476 563/715/444 1566/1106/445 1560/1105/443
f 1566/1106/445 563/715/444 562/714/446 1441/1107/447
f 1441/1107/447 562/714/446 554/713/449 1461/1108/450
f 1461/1108/450 554/713/449 556/712/451 1450/1109/452
f 1450/1109/452 556/712/451 557/711/453 1468/1110/454
f 1468/1110/454 557/711/453 558/710/465 1481/1111/456
f 1481/1111/456 558/710/465 559/735/457 1489/1112/458
f 1489/1112/458 559/735/457 560/734/459 1506/1113/460
f 1506/1113/460 560/734/459 555/733/409 1421/1088/409
f 581/759/409 568/758/410 1518/1114/410 1522/1115/409
f 573/757/412 1531/1116/413 1518/1114/410 568/758/410
f 573/757/412 572/756/414 1536/1117/415 1531/1116/413
f 571/755/461 1543/1118/417 1536/1117/415 572/756/414
f 571/755/461 570/754/418 1550/1119/419 1543/1118/417
f 569/753/469 1559/1120/421 1550/1119/419 570/754/418
f 1559/1120/421 569/753/469 567/752/422 1564/1121/423
f 1564/1121/423 567/752/422 579/751/475 1570/1122/425
f 1570/1122/425 579/751/475 578/750/427 1577/1123/428
f 1577/1123/428 578/750/427 577/749/429 1583/1124/430
f 1583/1124/430 577/749/429 576/748/431 1588/1125/432
f 1588/1125/432 576/748/431 575/747/433 1449/1126/462
f 1449/1126/462 575/747/433 574/746/435 1444/1127/477 1443/1128/463
f 574/746/435 587/745/436 1459/1129/478 1458/1130/437 1444/1127/477
f 1473/1131/479 1459/1129/478 587/745/436 592/744/438 1475/1132/439
f 592/744/438 591/743/440 1483/1133/441 1475/1132/439
f 591/743/440 590/742/442 1488/1134/443 1483/1133/441
f 590/742/442 589/741/444 1495/1135/445 1488/1134/443
f 589/741/444 588/740/446 1502/1136/447 1495/1135/445
f 1502/1136/447 588/740/446 580/739/449 1512/1137/450
f 1512/1137/450 580/739/449 582/738/451 1521/1138/452
f 1521/1138/452 582/738/451 583/737/453 1529/1139/466
f 1529/1139/466 583/737/453 584/736/455 1544/1140/456
f 1544/1140/456 584/736/455 585/761/457 1551/1141/458
f 1551/1141/458 585/761/457 586/760/459 1562/1142/460
f 1562/1142/460 586/760/459 581/759/409 1522/1115/409
f 607/768/409 594/767/410 1572/1143/410 1573/1144/411 1484/1145/409
f 599/766/412 1582/1146/413 1581/1147/474 1572/1143/410 594/767/410
f 599/766/412 598/765/414 1586/1148/415 1582/1146/413
f 598/765/414 597/764/461 1387/1149/417 1586/1148/415
f 597/764/461 596/763/418 1400/1150/467 1387/1149/417
f 596/763/418 595/762/420 1392/1151/421 1400/1150/467
f 1392/1151/421 595/762/420 593/787/422 1404/1152/423
f 1404/1152/423 593/787/422 605/786/424 1422/1153/425
f 1422/1153/425 605/786/424 604/785/427 1433/1154/428
f 1433/1154/428 604/785/427 603/784/480 1442/1155/430
f 1442/1155/430 603/784/480 602/783/431 1456/1156/432
f 1456/1156/432 602/783/431 601/782/433 1470/1157/462
f 1470/1157/462 601/782/433 600/781/435 1482/1158/477
f 600/781/435 613/780/436 1485/1159/478 1482/1158/477
f 1485/1159/478 613/780/436 618/779/438 1499/1160/464
f 618/779/438 617/778/440 1505/1161/441 1499/1160/464
f 617/778/440 616/777/442 1513/1162/443 1505/1161/441
f 616/777/442 615/776/444 1517/1163/445 1513/1162/443
f 615/776/444 614/775/446 1524/1164/447 1517/1163/445
f 1524/1164/447 614/775/446 606/774/449 1532/1165/450
f 1532/1165/450 606/774/449 608/773/472 1537/1166/452
f 1537/1166/452 608/773/472 609/772/453 1545/1167/466
f 1545/1167/466 609/772/453 610/771/455 1463/1168/456
f 1463/1168/456 610/771/455 611/770/457 1453/1169/458
f 1453/1169/458 611/770/457 612/769/459 1472/1170/460
f 1472/1170/460 612/769/459 607/768/409 1484/1145/409
f 633/810/409 620/809/410 1492/1171/410 1494/1172/409
f 625/808/412 1501/1173/413 1492/1171/410 620/809/410
f 625/808/412 624/807/414 1508/1174/415 1501/1173/413
f 624/807/414 623/806/416 1515/1175/417 1508/1174/415
f 623/806/416 622/805/418 1526/1176/467 1515/1175/417
f 622/805/418 621/804/420 1534/1177/421 1526/1176/467
f 1534/1177/421 621/804/420 619/803/422 1540/1178/423
f 1540/1178/423 619/803/422 631/802/424 1553/1179/425
f 1553/1179/425 631/802/424 630/801/427 1558/1180/428
f 1558/1180/428 630/801/427 629/800/429 1567/1181/430
f 1567/1181/430 629/800/429 628/799/431 1574/1182/432
f 1574/1182/432 628/799/431 627/798/433 1579/1183/462
f 1579/1183/462 627/798/433 626/797/435 1585/1184/435
f 626/797/435 639/796/436 1590/1185/436 1589/1186/437 1585/1184/435
f 1590/1185/436 639/796/436 644/795/438 1447/1187/464
f 644/795/438 643/794/440 1460/1188/441 1447/1187/464
f 643/794/440 642/793/442 1452/1189/443 1460/1188/441
f 642/793/442 641/792/444 1466/1190/445 1452/1189/443
f 641/792/444 640/791/446 1477/1191/447 1466/1190/445
f 1477/1191/447 640/791/446 632/790/449 1486/1192/450
f 1486/1192/450 632/790/449 634/789/451 1497/1193/452
f 1497/1193/452 634/789/451 635/788/453 1504/1194/466
f 1504/1194/466 635/788/453 636/813/455 1510/1195/456
f 1510/1195/456 636/813/455 637/812/457 1520/1196/458
f 1520/1196/458 637/812/457 638/811/459 1530/1197/460
f 1539/1198/468 1530/1197/460 638/811/459 633/810/409 1494/1172/409
f 659/820/409 646/819/410 1546/1199/410 1547/1200/411 1554/1201/409
f 651/818/412 1557/1202/413 1546/1199/410 646/819/410
f 651/818/412 650/817/414 1561/1203/415 1557/1202/413
f 650/817/414 649/816/461 1568/1204/417 1561/1203/415
f 649/816/461 648/815/418 1575/1205/419 1568/1204/417
f 648/815/418 647/814/469 1580/1206/421 1575/1205/419
f 1580/1206/421 647/814/469 645/839/422 1587/1207/423
f 1587/1207/423 645/839/422 657/838/475 1464/1208/425
f 657/838/475 656/837/427 1471/1209/428 1464/1208/425
f 1471/1209/428 656/837/427 655/836/480 1474/1210/430
f 1474/1210/430 655/836/480 654/835/431 1490/1211/432
f 1490/1211/432 654/835/431 653/834/433 1498/1212/434
f 1498/1212/434 653/834/433 652/833/435 1507/1213/435
f 652/833/435 665/832/436 1514/1214/436 1507/1213/435
f 1514/1214/436 665/832/436 670/831/438 1523/1215/439
f 670/831/438 669/830/440 1527/1216/441 1523/1215/439
f 669/830/440 668/829/442 1535/1217/443 1527/1216/441
f 668/829/442 667/828/444 1541/1218/445 1535/1217/443
f 667/828/444 666/827/446 1552/1219/447 1541/1218/445
f 1552/1219/447 666/827/446 658/826/449 1565/1220/450
f 1565/1220/450 658/826/449 660/825/451 1569/1221/452
f 1569/1221/452 660/825/451 661/824/453 1578/1222/454
f 1578/1222/454 661/824/453 662/823/465 1584/1223/456
f 1584/1223/456 662/823/465 663/822/457 1591/1224/458
f 1591/1224/458 663/822/457 664/821/459 1592/1225/460
f 1592/1225/460 664/821/459 659/820/409 1554/1201/409
f 247/1226/481 249/1227/481 250/1228/481 251/1229/481 252/1230/481 253/1231/481 248/1232/481 261/1233/481 266/1234/481 265/1235/481 264/1236/481 263/1237/481 262/1238/481 260/1239/481 268/1240/481 269/1241/481 270/1242/481 271/1243/481 272/1244/481 267/1245/481 254/1246/481 255/1247/481 256/1248/481 257/1249/481 258/1250/481 259/1251/481
f 1635/1252/482 261/1233/482 248/1232/483 1628/1253/483
f 1628/1253/483 248/1232/483 253/1231/484 1632/1254/485
f 1632/1254/485 253/1231/484 252/1230/486 1630/1255/487
f 1630/1255/487 252/1230/486 251/1229/488 1634/1256/489
f 1634/1256/489 251/1229/488 250/1228/490 1637/1257/491
f 1637/1257/491 250/1228/490 249/1227/492 1639/1258/493
f 1639/1258/493 249/1227/492 247/1226/449 1641/1259/494
f 1641/1259/494 247/1226/449 259/1251/495 1643/1260/496
f 258/1250/497 1646/1261/498 1643/1260/496 259/1251/495
f 1646/1261/498 258/1250/497 257/1249/499 1647/1262/500
f 1647/1262/500 257/1249/499 256/1248/501 1648/1263/502
f 255/1247/503 1652/1264/504 1648/1263/502 256/1248/501
f 1652/1264/504 255/1247/503 254/1246/505 1653/1265/506
f 1653/1265/506 254/1246/505 267/1245/507 1631/1266/508
f 1631/1266/508 267/1245/507 272/1244/509 1629/1267/510
f 1629/1267/510 272/1244/509 271/1243/511 1633/1268/512
f 1633/1268/512 271/1243/511 270/1242/513 1636/1269/514
f 1636/1269/514 270/1242/513 269/1241/515 1638/1270/516
f 1638/1270/516 269/1241/515 268/1240/517 1640/1271/518
f 1640/1271/518 268/1240/517 260/1239/422 1642/1272/519
f 260/1239/422 262/1238/520 1644/1273/521 1642/1272/519
f 1644/1273/521 262/1238/520 263/1237/522 1645/1274/523
f 1645/1274/523 263/1237/522 264/1236/524 1649/1275/525
f 1649/1275/525 264/1236/524 265/1235/526 1650/1276/527
f 1650/1276/527 265/1235/526 266/1234/528 1651/1277/529
f 1651/1277/529 266/1234/528 261/1233/482 1635/1252/482
f 963/50/50 987/49/49 1642/1278/530 1644/1279/530 1645/1280/530 1649/1281/530 1650/1282/530 1651/1283/530 1635/1284/530 1628/1285/530 1632/1286/530 1630/1287/530 1634/1288/530 1637/1289/530 1639/1290/530 1641/1291/530
f 221/1292/481 223/1293/481 224/1294/481 225/1295/481 226/1296/481 227/1297/481 222/1298/481 235/1299/481 240/1300/481 239/1301/481 238/1302/481 237/1303/481 236/1304/481 234/1305/481 242/1306/481 243/1307/481 244/1308/481 245/1309/481 246/1310/481 241/1311/481 228/1312/481 229/1313/481 230/1314/481 231/1315/481 232/1316/481 233/1317/481
f 1659/1318/482 235/1299/482 222/1298/483 1657/1319/483
f 1657/1319/483 222/1298/483 227/1297/484 1660/1320/485
f 1660/1320/485 227/1297/484 226/1296/486 1662/1321/487
f 1662/1321/487 226/1296/486 225/1295/488 1664/1322/489
f 1664/1322/489 225/1295/488 224/1294/490 1666/1323/491
f 1666/1323/491 224/1294/490 223/1293/492 1668/1324/493
f 1668/1324/493 223/1293/492 221/1292/449 1670/1325/494
f 1670/1325/494 221/1292/449 233/1317/495 1673/1326/496
f 232/1316/497 1674/1327/498 1673/1326/496 233/1317/495
f 1674/1327/498 232/1316/497 231/1315/499 1654/1328/500
f 1654/1328/500 231/1315/499 230/1314/501 1655/1329/502
f 229/1313/503 1656/1330/504 1655/1329/502 230/1314/501
f 1656/1330/504 229/1313/503 228/1312/505 1658/1331/506
f 1658/1331/506 228/1312/505 241/1311/507 1661/1332/508
f 1661/1332/508 241/1311/507 246/1310/509 1663/1333/510
f 1663/1333/510 246/1310/509 245/1309/511 1665/1334/512
f 1665/1334/512 245/1309/511 244/1308/513 1667/1335/514
f 1667/1335/514 244/1308/513 243/1307/515 1669/1336/516
f 1669/1336/516 243/1307/515 242/1306/517 1671/1337/518
f 1671/1337/518 242/1306/517 234/1305/422 1672/1338/519
f 234/1305/422 236/1304/520 1675/1339/521 1672/1338/519
f 1675/1339/521 236/1304/520 237/1303/522 1676/1340/523
f 1676/1340/523 237/1303/522 238/1302/524 1677/1341/525
f 1677/1341/525 238/1302/524 239/1301/526 1678/1342/527
f 1678/1342/527 239/1301/526 240/1300/528 1679/1343/529
f 1679/1343/529 240/1300/528 235/1299/482 1659/1318/482
f 1657/1344/530 1653/1345/530 1631/1346/530 1659/1347/530
f 195/1348/481 197/1349/481 198/1350/481 199/1351/481 200/1352/481 201/1353/481 196/1354/481 209/1355/481 214/1356/481 213/1357/481 212/1358/481 211/1359/481 210/1360/481 208/1361/481 216/1362/481 217/1363/481 218/1364/481 219/1365/481 220/1366/481 215/1367/481 202/1368/481 203/1369/481 204/1370/481 205/1371/481 206/1372/481 207/1373/481
f 1685/1374/482 209/1355/482 196/1354/483 1683/1375/483
f 1683/1375/483 196/1354/483 201/1353/484 1686/1376/485
f 1686/1376/485 201/1353/484 200/1352/486 1688/1377/487
f 1688/1377/487 200/1352/486 199/1351/488 1690/1378/489
f 1690/1378/489 199/1351/488 198/1350/490 1692/1379/491
f 1692/1379/491 198/1350/490 197/1349/492 1694/1380/493
f 1694/1380/493 197/1349/492 195/1348/449 1696/1381/494
f 1696/1381/494 195/1348/449 207/1373/495 1699/1382/496
f 206/1372/497 1700/1383/498 1699/1382/496 207/1373/495
f 1700/1383/498 206/1372/497 205/1371/499 1680/1384/500
f 1680/1384/500 205/1371/499 204/1370/501 1681/1385/502
f 203/1369/503 1682/1386/504 1681/1385/502 204/1370/501
f 1682/1386/504 203/1369/503 202/1368/505 1684/1387/506
f 1684/1387/506 202/1368/505 215/1367/507 1687/1388/508
f 1687/1388/508 215/1367/507 220/1366/509 1689/1389/510
f 220/1366/509 219/1365/511 1691/1390/512 1689/1389/510
f 1691/1390/512 219/1365/511 218/1364/513 1693/1391/514
f 1693/1391/514 218/1364/513 217/1363/515 1695/1392/516
f 1695/1392/516 217/1363/515 216/1362/517 1697/1393/518
f 1697/1393/518 216/1362/517 208/1361/422 1698/1394/519
f 208/1361/422 210/1360/520 1701/1395/521 1698/1394/519
f 1701/1395/521 210/1360/520 211/1359/522 1702/1396/523
f 1702/1396/523 211/1359/522 212/1358/524 1703/1397/525
f 1703/1397/525 212/1358/524 213/1357/526 1704/1398/527
f 1704/1398/527 213/1357/526 214/1356/528 1705/1399/529
f 1705/1399/529 214/1356/528 209/1355/482 1685/1374/482
f 1683/1400/530 1658/1401/530 1661/1402/530 1685/1403/530
f 169/1404/481 171/1405/481 172/1406/481 173/1407/481 174/1408/481 175/1409/481 170/1410/481 183/1411/481 188/1412/481 187/1413/481 186/1414/481 185/1415/481 184/1416/481 182/1417/481 190/1418/481 191/1419/481 192/1420/481 193/1421/481 194/1422/481 189/1423/481 176/1424/481 177/1425/481 178/1426/481 179/1427/481 180/1428/481 181/1429/481
f 1711/1430/482 183/1411/482 170/1410/483 1709/1431/483
f 1709/1431/483 170/1410/483 175/1409/484 1712/1432/485
f 1712/1432/485 175/1409/484 174/1408/486 1714/1433/487
f 1714/1433/487 174/1408/486 173/1407/488 1716/1434/489
f 1716/1434/489 173/1407/488 172/1406/490 1718/1435/491
f 1718/1435/491 172/1406/490 171/1405/492 1720/1436/493
f 1720/1436/493 171/1405/492 169/1404/449 1722/1437/494
f 1722/1437/494 169/1404/449 181/1429/495 1725/1438/496
f 180/1428/497 1726/1439/498 1725/1438/496 181/1429/495
f 1726/1439/498 180/1428/497 179/1427/499 1706/1440/500
f 1706/1440/500 179/1427/499 178/1426/501 1707/1441/502
f 177/1425/503 1708/1442/504 1707/1441/502 178/1426/501
f 1708/1442/504 177/1425/503 176/1424/505 1710/1443/506
f 1710/1443/506 176/1424/505 189/1423/507 1713/1444/508
f 1713/1444/508 189/1423/507 194/1422/509 1715/1445/510
f 1715/1445/510 194/1422/509 193/1421/511 1717/1446/512
f 1717/1446/512 193/1421/511 192/1420/513 1719/1447/514
f 1719/1447/514 192/1420/513 191/1419/515 1721/1448/516
f 1721/1448/516 191/1419/515 190/1418/517 1723/1449/518
f 1723/1449/518 190/1418/517 182/1417/422 1724/1450/519
f 182/1417/422 184/1416/520 1727/1451/521 1724/1450/519
f 1727/1451/521 184/1416/520 185/1415/522 1728/1452/523
f 1728/1452/523 185/1415/522 186/1414/524 1729/1453/525
f 1729/1453/525 186/1414/524 187/1413/526 1730/1454/527
f 1730/1454/527 187/1413/526 188/1412/528 1731/1455/529
f 1731/1455/529 188/1412/528 183/1411/482 1711/1430/482
f 1684/1456/530 1687/1457/530 1711/1458/530 1709/1459/530
f 143/1460/481 145/1461/481 146/1462/481 147/1463/481 148/1464/481 149/1465/481 144/1466/481 157/1467/481 162/1468/481 161/1469/481 160/1470/481 159/1471/481 158/1472/481 156/1473/481 164/1474/481 165/1475/481 166/1476/481 167/1477/481 168/1478/481 163/1479/481 150/1480/481 151/1481/481 152/1482/481 153/1483/481 154/1484/481 155/1485/481
f 1736/1486/482 157/1467/482 144/1466/483 1735/1487/483
f 1735/1487/483 144/1466/483 149/1465/484 1738/1488/485
f 1738/1488/485 149/1465/484 148/1464/486 1740/1489/487
f 1740/1489/487 148/1464/486 147/1463/488 1742/1490/489
f 1742/1490/489 147/1463/488 146/1462/490 1744/1491/491
f 1744/1491/491 146/1462/490 145/1461/492 1746/1492/493
f 1746/1492/493 145/1461/492 143/1460/449 1748/1493/494
f 1748/1493/494 143/1460/449 155/1485/495 1750/1494/496
f 154/1484/497 1752/1495/498 1750/1494/496 155/1485/495
f 1752/1495/498 154/1484/497 153/1483/499 1754/1496/500
f 1754/1496/500 153/1483/499 152/1482/531 1732/1497/502
f 151/1481/503 1733/1498/504 1732/1497/502 152/1482/531
f 1733/1498/504 151/1481/503 150/1480/505 1734/1499/506
f 1734/1499/506 150/1480/505 163/1479/507 1737/1500/508
f 1737/1500/508 163/1479/507 168/1478/509 1739/1501/510
f 1739/1501/510 168/1478/509 167/1477/532 1741/1502/512
f 1741/1502/512 167/1477/532 166/1476/513 1743/1503/514
f 1743/1503/514 166/1476/513 165/1475/515 1745/1504/516
f 1745/1504/516 165/1475/515 164/1474/517 1747/1505/518
f 1747/1505/518 164/1474/517 156/1473/422 1749/1506/519
f 156/1473/422 158/1472/520 1751/1507/521 1749/1506/519
f 1751/1507/521 158/1472/520 159/1471/522 1753/1508/523
f 1753/1508/523 159/1471/522 160/1470/524 1755/1509/525
f 1755/1509/525 160/1470/524 161/1469/526 1756/1510/527
f 1756/1510/527 161/1469/526 162/1468/528 1757/1511/529
f 1757/1511/529 162/1468/528 157/1467/482 1736/1486/482
f 117/1512/481 119/1513/481 120/1514/481 121/1515/481 122/1516/481 123/1517/481 118/1518/481 131/1519/481 136/1520/481 135/1521/481 134/1522/481 133/1523/481 132/1524/481 130/1525/481 138/1526/481 139/1527/481 140/1528/481 141/1529/481 142/1530/481 137/1531/481 124/1532/481 125/1533/481 126/1534/481 127/1535/481 128/1536/481 129/1537/481
f 1762/1538/482 131/1519/482 118/1518/483 1761/1539/483
f 1761/1539/483 118/1518/483 123/1517/484 1764/1540/485
f 1764/1540/485 123/1517/484 122/1516/533 1766/1541/487
f 1766/1541/487 122/1516/533 121/1515/488 1768/1542/489
f 1768/1542/489 121/1515/488 120/1514/490 1770/1543/534
f 1770/1543/534 120/1514/490 119/1513/492 1772/1544/493
f 1772/1544/493 119/1513/492 117/1512/449 1774/1545/494
f 1774/1545/494 117/1512/449 129/1537/495 1775/1546/496
f 128/1536/497 1778/1547/498 1775/1546/496 129/1537/495
f 1778/1547/498 128/1536/497 127/1535/499 1779/1548/500
f 1779/1548/500 127/1535/499 126/1534/501 1781/1549/502
f 125/1533/503 1758/1550/504 1781/1549/502 126/1534/501
f 1758/1550/504 125/1533/503 124/1532/505 1759/1551/506
f 1759/1551/506 124/1532/505 137/1531/507 1760/1552/508
f 1760/1552/508 137/1531/507 142/1530/509 1763/1553/510
f 1763/1553/510 142/1530/509 141/1529/511 1765/1554/512
f 1765/1554/512 141/1529/511 140/1528/513 1767/1555/514
f 1767/1555/514 140/1528/513 139/1527/515 1769/1556/516
f 1769/1556/516 139/1527/515 138/1526/517 1771/1557/518
f 1771/1557/518 138/1526/517 130/1525/422 1773/1558/519
f 130/1525/422 132/1524/520 1776/1559/521 1773/1558/519
f 1776/1559/521 132/1524/520 133/1523/522 1777/1560/535
f 1777/1560/535 133/1523/522 134/1522/524 1780/1561/525
f 1780/1561/525 134/1522/524 135/1521/536 1782/1562/527
f 1782/1562/527 135/1521/536 136/1520/528 1783/1563/529
f 1783/1563/529 136/1520/528 131/1519/482 1762/1538/482
f 1734/1564/530 1737/1565/530 1762/1566/530 1761/1567/530
f 91/1568/481 93/1569/481 94/1570/481 95/1571/481 96/1572/481 97/1573/481 92/1574/481 105/1575/481 110/1576/481 109/1577/481 108/1578/481 107/1579/481 106/1580/481 104/1581/481 112/1582/481 113/1583/481 114/1584/481 115/1585/481 116/1586/481 111/1587/481 98/1588/481 99/1589/481 100/1590/481 101/1591/481 102/1592/481 103/1593/481
f 1789/1594/482 105/1575/482 92/1574/483 1787/1595/483
f 1787/1595/483 92/1574/483 97/1573/484 1790/1596/485
f 1790/1596/485 97/1573/484 96/1572/533 1792/1597/487
f 1792/1597/487 96/1572/533 95/1571/488 1795/1598/489
f 1795/1598/489 95/1571/488 94/1570/490 1797/1599/491
f 1797/1599/491 94/1570/490 93/1569/492 1798/1600/493
f 1798/1600/493 93/1569/492 91/1568/449 1800/1601/494
f 1800/1601/494 91/1568/449 103/1593/495 1803/1602/496
f 102/1592/497 1804/1603/498 1803/1602/496 103/1593/495
f 1804/1603/498 102/1592/497 101/1591/499 1805/1604/500
f 1805/1604/500 101/1591/499 100/1590/501 1808/1605/502
f 99/1589/503 1785/1606/504 1808/1605/502 100/1590/501
f 1785/1606/504 99/1589/503 98/1588/505 1784/1607/506
f 1784/1607/506 98/1588/505 111/1587/507 1786/1608/508
f 1786/1608/508 111/1587/507 116/1586/509 1788/1609/510
f 1788/1609/510 116/1586/509 115/1585/511 1791/1610/512
f 1791/1610/512 115/1585/511 114/1584/513 1793/1611/514
f 1793/1611/514 114/1584/513 113/1583/515 1794/1612/516
f 1794/1612/516 113/1583/515 112/1582/517 1796/1613/518
f 1796/1613/518 112/1582/517 104/1581/422 1799/1614/519
f 104/1581/422 106/1580/520 1801/1615/521 1799/1614/519
f 1801/1615/521 106/1580/520 107/1579/522 1802/1616/523
f 1802/1616/523 107/1579/522 108/1578/524 1806/1617/525
f 1806/1617/525 108/1578/524 109/1577/526 1807/1618/527
f 1807/1618/527 109/1577/526 110/1576/528 1809/1619/529
f 1809/1619/529 110/1576/528 105/1575/482 1789/1594/482
f 1759/1620/530 1760/1621/530 1789/1622/530 1787/1623/530
f 65/1624/481 67/1625/481 68/1626/481 69/1627/481 70/1628/481 71/1629/481 66/1630/481 79/1631/481 84/1632/481 83/1633/481 82/1634/481 81/1635/481 80/1636/481 78/1637/481 86/1638/481 87/1639/481 88/1640/481 89/1641/481 90/1642/481 85/1643/481 72/1644/481 73/1645/481 74/1646/481 75/1647/481 76/1648/481 77/1649/481
f 1812/1650/482 79/1631/482 66/1630/483 1810/1651/483
f 1810/1651/483 66/1630/483 71/1629/484 1815/1652/485
f 1815/1652/485 71/1629/484 70/1628/486 1818/1653/487
f 1818/1653/487 70/1628/486 69/1627/488 1820/1654/489
f 1820/1654/489 69/1627/488 68/1626/490 1822/1655/491
f 1822/1655/491 68/1626/490 67/1625/492 1824/1656/493
f 1824/1656/493 67/1625/492 65/1624/449 1826/1657/494
f 1826/1657/494 65/1624/449 77/1649/495 1828/1658/496
f 76/1648/497 1833/1659/498 1828/1658/496 77/1649/495
f 1833/1659/498 76/1648/497 75/1647/499 1834/1660/500
f 1834/1660/500 75/1647/499 74/1646/501 1835/1661/502
f 73/1645/503 1811/1662/504 1835/1661/502 74/1646/501
f 1811/1662/504 73/1645/503 72/1644/505 1816/1663/506
f 1816/1663/506 72/1644/505 85/1643/507 1813/1664/508
f 1813/1664/508 85/1643/507 90/1642/509 1817/1665/510
f 1817/1665/510 90/1642/509 89/1641/511 1819/1666/512
f 1819/1666/512 89/1641/511 88/1640/513 1821/1667/514
f 1821/1667/514 88/1640/513 87/1639/515 1823/1668/516
f 1823/1668/516 87/1639/515 86/1638/517 1825/1669/518
f 1825/1669/518 86/1638/517 78/1637/422 1827/1670/519
f 78/1637/422 80/1636/520 1832/1671/521 1827/1670/519
f 1832/1671/521 80/1636/520 81/1635/522 1829/1672/523
f 1829/1672/523 81/1635/522 82/1634/524 1830/1673/525
f 1830/1673/525 82/1634/524 83/1633/526 1831/1674/527
f 1831/1674/527 83/1633/526 84/1632/528 1814/1675/529
f 1814/1675/529 84/1632/528 79/1631/482 1812/1650/482
f 1812/1676/530 1786/1677/530 1788/1678/530 1791/1679/530 1793/1680/530 1794/1681/530 1796/1682/530 1799/1683/530 1801/1684/530 1802/1685/530 1806/1686/530 1807/1687/530 1809/1688/530 1789/1622/530 1760/1621/530 1763/1689/530 1765/1690/530 1767/1691/530 1769/1692/530 1771/1693/530 1773/1694/530 1776/1695/530 1777/1696/530 1780/1697/530 1782/1698/530 1783/1699/530 1762/1566/530 1737/1565/530 1739/1700/530 1741/1701/530 1743/1702/530 1745/1703/530 1747/1704/530 1749/1705/530 842/161/147 823/135/128 963/50/50 1641/1291/530 1643/1706/530 1646/1707/530 1647/1708/530 1648/1709/530 1652/1710/530 1653/1345/530 1657/1344/530 1660/1711/530 1662/1712/530 1664/1713/530 1666/1714/530 1668/1715/530 1670/1716/530 1673/1717/530 1674/1718/530 1654/1719/530 1655/1720/530 1656/1721/530 1658/1401/530 1683/1400/530 1686/1722/530 1688/1723/530 1690/1724/530 1692/1725/530 1694/1726/530 1696/1727/530 1699/1728/530 1700/1729/530 1680/1730/530 1681/1731/530 1682/1732/530 1684/1456/530 1709/1459/530 1712/1733/530 1714/1734/530 1716/1735/530 1718/1736/530 1720/1737/530 1722/1738/530 1725/1739/530 1726/1740/530 1706/1741/530 1707/1742/530 1708/1743/530 1710/1744/530 1735/1745/530 1738/1746/530 1740/1747/530 1742/1748/530 1744/1749/530 1746/1750/530 1748/1751/530 1750/1752/530 1752/1753/530 1754/1754/530 1732/1755/530 1733/1756/530 1734/1564/530 1761/1567/530 1764/1757/530 1766/1758/530 1768/1759/530 1770/1760/530 1772/1761/530 1774/1762/530 1775/1763/530 1778/1764/530 1779/1765/530 1781/1766/530 1758/1767/530 1759/1620/530 1787/1623/530 1790/1768/530 1792/1769/530 1795/1770/530 1797/1771/530 1798/1772/530 1800/1773/530 1803/1774/530 1804/1775/530 1805/1776/530 1808/1777/530 1785/1778/530 1784/1779/530 1810/1780/530 1815/1781/530 1818/1782/530 1820/1783/530 1822/1784/530 1824/1785/530 1826/1786/530 1828/1787/530 1833/1788/530 1834/1789/530 1835/1790/530 1811/1791/530 1816/1792/530 1813/1793/530 1817/1794/530 1819/1795/530 1821/1796/530 1823/1797/530 1825/1798/530 1827/1799/530 1832/1800/530 1829/1801/530 1830/1802/530 1831/1803/530 1814/1804/530
f 1784/1779/530 1786/1677/530 1812/1676/530 1810/1780/530
f 34/1805/537 33/1806/422 1837/1807/538 1838/1808/539
f 35/1809/540 34/1805/537 1838/1808/539 1840/1810/541
f 36/1811/542 35/1809/540 1840/1810/541 1842/1812/543
f 37/1813/544 36/1811/542 1842/1814/543 1844/1815/545
f 38/1816/546 37/1813/544 1844/1815/545 1846/1817/547
f 39/1818/548 38/1816/546 1846/1817/547 1848/1819/549
f 40/1820/550 39/1818/548 1848/1819/549 1850/1821/551
f 41/1822/552 40/1820/550 1850/1823/551 1852/1824/552
f 1854/1825/553 42/1826/554 41/1822/552 1852/1824/552
f 1856/1827/555 43/1828/556 42/1826/554 1854/1825/553
f 43/1828/556 1856/1827/555 1858/1829/557 44/1830/558
f 44/1830/558 1858/1829/557 1859/1831/559 45/1832/560
f 45/1832/560 1859/1831/559 1861/1833/561 46/1834/562
f 46/1834/562 1861/1833/561 1863/1835/563 47/1836/564
f 1865/1837/565 48/1838/566 47/1836/564 1863/1835/563
f 1867/1839/567 49/1840/449 48/1838/566 1865/1837/565
f 1836/1841/568 50/1842/569 49/1840/449 1867/1839/567
f 1839/1843/570 51/1844/571 50/1842/569 1836/1841/568
f 1841/1845/572 52/1846/573 51/1844/571 1839/1843/570
f 1843/1847/574 53/1848/575 52/1846/573 1841/1849/572
f 1845/1850/576 54/1851/577 53/1848/575 1843/1847/574
f 1847/1852/578 55/1853/579 54/1851/577 1845/1850/576
f 56/1854/580 55/1853/579 1847/1852/578 1849/1855/581
f 57/1856/582 56/1854/580 1849/1855/581 1851/1857/582
f 1853/1858/583 58/1859/584 57/1856/582 1851/1857/582
f 1855/1860/585 59/1861/586 58/1859/584 1853/1858/583
f 1857/1862/587 60/1863/588 59/1861/586 1855/1860/585
f 1860/1864/589 61/1865/590 60/1863/588 1857/1862/587
f 1862/1866/591 62/1867/592 61/1865/590 1860/1864/589
f 1864/1868/593 63/1869/594 62/1867/592 1862/1866/591
f 33/1870/595 34/1871/595 35/1872/595 36/1873/595 37/1874/595 38/1875/595 39/1876/595 40/1877/595 41/1878/595 42/1879/595 43/1880/595 44/1881/595 45/1882/595 46/1883/595 47/1884/595 48/1885/595 49/1886/595 50/1887/595 51/1888/595 52/1889/595 53/1890/595 54/1891/595 55/1892/595 56/1893/595 57/1894/595 58/1895/595 59/1896/595 60/1897/595 61/1898/595 62/1899/595 63/1900/595 64/1901/595
f 64/1902/596 63/1869/594 1864/1868/593 1866/1903/597
f 33/1904/422 64/1902/596 1866/1903/597 1837/1905/538
f 1836/1906/530 1710/1744/530 1713/1907/530 1866/1908/530 1864/1909/530 1862/1910/530 1860/1911/530 1857/1912/530 1855/1913/530 1853/1914/530 1851/1915/530 1849/1916/530 1847/1917/530 1845/1918/530 1843/1919/530 1841/1920/530 1839/1921/530
f 2/1922/537 1/1923/422 1869/1924/538 1871/1925/539
f 3/1926/540 2/1922/537 1871/1925/539 1873/1927/541
f 4/1928/542 3/1926/540 1873/1927/541 1875/1929/543
f 5/1930/544 4/1928/542 1875/1929/543 1877/1931/545
f 6/1932/546 5/1930/544 1877/1931/545 1878/1933/547
f 7/1934/548 6/1932/546 1878/1935/547 1880/1936/549
f 8/1937/550 7/1934/548 1880/1936/549 1882/1938/551
f 9/1939/552 8/1937/550 1882/1938/551 1884/1940/552
f 1886/1941/553 10/1942/554 9/1939/552 1884/1940/552
f 1888/1943/555 11/1944/556 10/1942/554 1886/1945/553
f 11/1944/556 1888/1943/555 1890/1946/557 12/1947/558
f 12/1947/558 1890/1946/557 1892/1948/559 13/1949/560
f 13/1949/560 1892/1948/559 1893/1950/561 14/1951/562
f 14/1951/562 1893/1950/561 1894/1952/563 15/1953/564
f 1895/1954/565 16/1955/566 15/1953/564 1894/1952/563
f 1896/1956/567 17/1957/449 16/1955/566 1895/1954/565
f 1897/1958/568 18/1959/569 17/1957/449 1896/1956/567
f 1898/1960/570 19/1961/571 18/1959/569 1897/1962/568
f 1899/1963/572 20/1964/598 19/1961/571 1898/1960/570
f 1868/1965/574 21/1966/575 20/1964/598 1899/1967/572
f 1870/1968/576 22/1969/577 21/1966/575 1868/1965/574
f 1872/1970/578 23/1971/579 22/1969/577 1870/1972/576
f 24/1973/580 23/1971/579 1872/1970/578 1874/1974/581
f 25/1975/582 24/1973/580 1874/1974/581 1876/1976/582
f 1879/1977/583 26/1978/584 25/1975/582 1876/1976/582
f 1881/1979/585 27/1980/586 26/1978/584 1879/1977/583
f 1883/1981/587 28/1982/588 27/1980/586 1881/1979/585
f 1885/1983/589 29/1984/590 28/1982/588 1883/1981/587
f 1887/1985/591 30/1986/592 29/1984/590 1885/1983/589
f 1889/1987/593 31/1988/594 30/1986/592 1887/1985/591
f 1/1989/595 2/1990/595 3/1991/595 4/1992/595 5/1993/595 6/1994/595 7/1995/595 8/1996/595 9/1997/595 10/1998/595 11/1999/595 12/2000/595 13/2001/595 14/2002/595 15/2003/595 16/2004/595 17/2005/595 18/2006/595 19/2007/595 20/2008/595 21/2009/595 22/2010/595 23/2011/595 24/2012/595 25/2013/595 26/2014/595 27/2015/595 28/2016/595 29/2017/595 30/2018/595 31/2019/595 32/2020/595
f 32/2021/596 31/1988/594 1889/1987/593 1891/2022/597
f 1/2023/422 32/2021/596 1891/2022/597 1869/2024/538
f 1679/2025/530 1659/1347/530 1631/1346/530 1629/2026/530 1633/2027/530 1636/2028/530 1638/2029/530 1640/2030/530 1642/1278/530 987/49/49 842/161/147 1749/1705/530 1751/2031/530 1753/2032/530 1755/2033/530 1756/2034/530 1757/2035/530 1736/2036/530 1735/1745/530 1895/2037/530 1894/2038/530 1893/2039/530 1892/2040/530 1890/2041/530 1888/2042/530 1886/2043/530 1884/2044/530 1882/2045/530 1880/2046/530 1878/2047/530 1877/2048/530 1875/2049/530 1873/2050/530 1871/2051/530 1869/2052/530 1891/2053/530 1889/2054/530 1887/2055/530 1885/2056/530 1883/2057/530 1881/2058/530 1879/2059/530 1876/2060/530 1852/2061/530 1850/2062/530 1848/2063/530 1846/2064/530 1844/2065/530 1842/2066/530 1840/2067/530 1838/2068/530 1837/2069/530 1866/1908/530 1713/1907/530 1715/2070/530 1717/2071/530 1719/2072/530 1721/2073/530 1723/2074/530 1724/2075/530 1727/2076/530 1728/2077/530 1729/2078/530 1730/2079/530 1731/2080/530 1711/1458/530 1687/1457/530 1689/2081/530 1691/2082/530 1693/2083/530 1695/2084/530 1697/2085/530 1698/2086/530 1701/2087/530 1702/2088/530 1703/2089/530 1704/2090/530 1705/2091/530 1685/1403/530 1661/1402/530 1663/2092/530 1665/2093/530 1667/2094/530 1669/2095/530 1671/2096/530 1672/2097/530 1675/2098/530 1676/2099/530 1677/2100/530 1678/2101/530
f 1895/2037/530 1735/1745/530 1710/1744/530 1836/1906/530 1867/2102/530 1865/2103/530 1863/2104/530 1861/2105/530 1859/2106/530 1858/2107/530 1856/2108/530 1854/2109/530 1852/2061/530 1876/2060/530 1874/2110/530 1872/2111/530 1870/2112/530 1868/2113/530 1899/2114/530 1898/2115/530 1897/2116/530 1896/2117/530
usemtl Material.005
s off
f 304/2118/599 303/2119/599 305/2120/599 306/2121/599
f 1594/2122/422 306/2121/422 305/2120/422 1593/2123/422
f 1595/2124/449 303/2125/449 304/2126/449 1596/2127/449
f 1593/2128/600 305/2129/600 303/2130/600 1595/2131/600
f 1596/2132/601 304/2133/601 306/2134/601 1594/2135/601
s 1
f 844/176/161 882/217/196 863/198/334 824/144/137
f 766/2136/602 747/2137/603 1171/2138/604 1189/2139/605
f 1170/2140/606 673/2141/607 690/2142/608 1190/2143/609
f 1188/2144/610 692/2145/611 728/2146/612 1150/2147/613
f 1151/2148/614 730/2149/615 710/2150/616 1133/2151/617
f 671/2152/618 674/2153/619 677/2154/620 676/2155/621
f 674/2153/622 675/2156/623 678/2157/624 677/2154/620
f 676/2155/621 677/2154/620 689/2158/625 686/2159/626
f 677/2154/620 678/2157/624 679/2160/627 689/2158/625
f 672/2161/628 680/2162/629 683/2163/630 682/2164/631
f 680/2162/629 681/2165/632 684/2166/633 683/2163/630
f 682/2164/631 683/2163/630 678/2167/624 675/2168/623
f 683/2163/630 684/2166/633 679/2169/627 678/2167/624
f 673/2141/607 685/2170/634 688/2171/635 687/2172/636
f 685/2170/634 686/2173/626 689/2174/625 688/2171/635
f 687/2172/636 688/2171/635 684/2175/633 681/2176/632
f 688/2171/635 689/2174/625 679/2177/627 684/2175/633
f 690/2142/608 693/2178/637 696/2179/638 695/2180/639
f 693/2178/637 694/2181/640 697/2182/641 696/2179/638
f 695/2180/639 696/2179/638 708/2183/642 705/2184/643
f 696/2179/638 697/2182/641 698/2185/644 708/2183/642
f 691/2186/645 699/2187/646 702/2188/647 701/2189/648
f 699/2187/646 700/2190/649 703/2191/650 702/2188/647
f 701/2189/648 702/2188/647 697/2192/641 694/2193/640
f 702/2188/647 703/2191/650 698/2194/644 697/2192/641
f 692/2145/611 704/2195/651 707/2196/652 706/2197/653
f 704/2195/651 705/2198/643 708/2199/642 707/2196/652
f 706/2197/654 707/2196/652 703/2200/650 700/2201/649
f 707/2196/652 708/2199/642 698/2202/644 703/2200/650
f 709/2203/655 712/2204/656 715/2205/657 714/2206/658
f 712/2204/656 713/2207/659 716/2208/660 715/2205/657
f 714/2206/661 715/2205/657 727/2209/662 724/2210/663
f 715/2205/657 716/2208/660 717/2211/664 727/2209/662
f 710/2150/616 718/2212/665 721/2213/666 720/2214/667
f 718/2212/665 719/2215/668 722/2216/669 721/2213/666
f 720/2214/667 721/2213/666 716/2217/660 713/2218/659
f 721/2213/666 722/2216/669 717/2219/664 716/2217/660
f 711/2220/670 723/2221/671 726/2222/672 725/2223/673
f 723/2221/671 724/2224/663 727/2225/662 726/2222/672
f 725/2223/673 726/2222/672 722/2216/669 719/2215/668
f 726/2222/672 727/2225/662 717/2226/664 722/2216/669
f 728/2146/612 731/2227/674 734/2228/675 733/2229/676
f 731/2227/677 732/2230/678 735/2231/679 734/2228/675
f 733/2229/676 734/2228/675 746/2232/680 743/2233/681
f 734/2228/675 735/2231/679 736/2234/682 746/2232/680
f 729/2235/683 737/2236/684 740/2237/685 739/2238/686
f 737/2236/684 738/2239/687 741/2240/688 740/2237/685
f 739/2238/686 740/2237/685 735/2241/679 732/2242/678
f 740/2237/685 741/2240/688 736/2243/682 735/2241/679
f 730/2149/615 742/2244/689 745/2245/690 744/2246/691
f 742/2244/689 743/2247/681 746/2248/680 745/2245/690
f 744/2246/691 745/2245/690 741/2240/688 738/2239/687
f 745/2245/690 746/2248/680 736/2249/682 741/2240/688
f 747/2137/603 750/2250/692 753/2251/693 752/2252/694
f 750/2250/692 751/2253/79 754/2254/78 753/2251/693
f 752/2252/694 753/2251/693 765/2255/86 762/2256/85
f 753/2251/693 754/2254/78 755/2257/80 765/2255/86
f 766/2136/602 769/2258/695 772/2259/696 771/2260/697
f 769/2258/695 770/2261/93 773/2262/92 772/2259/696
f 771/2260/697 772/2259/696 784/2263/99 781/2264/98
f 772/2259/696 773/2262/92 774/2265/94 784/2263/99
f 787/2266/698 799/2267/699 802/2268/700 801/2269/701
f 799/2267/699 800/2270/107 803/2271/106 802/2268/700
f 801/2269/701 802/2268/700 798/115/113 795/114/112
f 802/2268/700 803/2271/106 793/2272/108 798/115/113
f 805/2273/702 813/2274/703 816/2275/704 815/2276/705
f 813/2274/703 814/133/127 817/132/126 816/2275/704
f 815/2276/705 816/2275/704 811/2277/119 808/2278/331
f 816/2275/704 817/132/126 812/2279/122 811/2277/119
f 1131/2280/706 1134/2281/707 1137/2282/708 1136/2283/709
f 1134/2281/707 1135/2284/710 1138/2285/711 1137/2282/708
f 1136/2283/709 1137/2282/708 1149/2286/712 1146/2287/713
f 1137/2282/708 1138/2285/711 1139/2288/714 1149/2286/712
f 1132/2289/715 1140/2290/716 1143/2291/717 1142/2292/718
f 1140/2290/716 1141/2293/719 1144/2294/720 1143/2291/717
f 1142/2292/718 1143/2291/717 1138/2295/711 1135/2296/710
f 1143/2291/717 1144/2294/720 1139/2297/714 1138/2295/711
f 1133/2151/617 1145/2298/721 1148/2299/722 1147/2300/723
f 1145/2298/721 1146/2301/713 1149/2302/712 1148/2299/722
f 1147/2300/723 1148/2299/722 1144/2303/720 1141/2304/719
f 1148/2299/722 1149/2302/712 1139/2305/714 1144/2303/720
f 1150/2147/724 1153/2306/725 1156/2307/726 1155/2308/727
f 1153/2306/725 1154/2309/728 1157/2310/729 1156/2307/726
f 1155/2308/727 1156/2307/726 1168/2311/730 1165/2312/731
f 1156/2307/726 1157/2310/729 1158/2313/732 1168/2311/730
f 1151/2148/614 1159/2314/733 1162/2315/734 1161/2316/735
f 1159/2314/733 1160/2317/736 1163/2318/737 1162/2315/734
f 1161/2316/735 1162/2315/734 1157/2319/729 1154/2320/728
f 1162/2315/734 1163/2318/737 1158/2321/732 1157/2319/729
f 1152/2322/738 1164/2323/738 1167/2324/738 1166/2325/738
f 1164/2323/739 1165/2326/731 1168/2327/730 1167/2324/740
f 1166/2325/741 1167/2324/740 1163/2328/737 1160/2329/736
f 1167/2324/740 1168/2327/730 1158/2330/732 1163/2328/737
f 1169/2331/742 1172/2332/743 1175/2333/744 1174/2334/745
f 1172/2332/743 1173/2335/746 1176/2336/747 1175/2333/744
f 1174/2334/745 1175/2333/744 1187/2337/748 1184/2338/749
f 1175/2333/744 1176/2336/747 1177/2339/750 1187/2337/748
f 1170/2140/606 1178/2340/751 1181/2341/752 1180/2342/753
f 1178/2340/751 1179/2343/754 1182/2344/755 1181/2341/752
f 1180/2342/753 1181/2341/752 1176/2345/747 1173/2346/746
f 1181/2341/752 1182/2344/755 1177/2347/750 1176/2345/747
f 1171/2138/604 1183/2348/756 1186/2349/757 1185/2350/758
f 1183/2348/756 1184/2351/749 1187/2352/748 1186/2349/757
f 1185/2350/758 1186/2349/757 1182/2353/755 1179/2354/754
f 1186/2349/757 1187/2352/748 1177/2355/750 1182/2353/755
f 1188/2144/759 1191/2356/760 1194/2357/761 1193/2358/762
f 1191/2356/760 1192/2359/763 1195/2360/764 1194/2357/761
f 1193/2358/762 1194/2357/761 1206/2361/765 1203/2362/766
f 1194/2357/761 1195/2360/764 1196/2363/767 1206/2361/765
f 1189/2139/768 1197/2364/768 1200/2365/768 1199/2366/768
f 1197/2364/769 1198/2367/770 1201/2368/771 1200/2365/772
f 1199/2366/773 1200/2365/772 1195/2369/764 1192/2370/763
f 1200/2365/772 1201/2368/771 1196/2371/767 1195/2369/764
f 1190/2143/609 1202/2372/774 1205/2373/775 1204/2374/776
f 1202/2372/774 1203/2375/766 1206/2376/765 1205/2373/775
f 1204/2374/776 1205/2373/775 1201/2377/771 1198/2378/770
f 1205/2373/775 1206/2376/765 1196/2379/767 1201/2377/771
f 711/2220/670 672/2161/628 682/2164/631 723/2221/671
f 723/2221/671 682/2164/631 675/2168/623 724/2224/663
f 724/2210/663 675/2156/623 674/2153/622 714/2206/661
f 714/2206/658 674/2153/619 671/2152/618 709/2203/655
f 672/2161/628 691/2186/645 701/2189/648 680/2162/629
f 680/2162/629 701/2189/648 694/2193/640 681/2165/632
f 681/2176/632 694/2181/640 693/2178/637 687/2172/636
f 687/2172/636 693/2178/637 690/2142/608 673/2141/607
f 691/2186/645 729/2235/683 739/2238/686 699/2187/646
f 699/2187/646 739/2238/686 732/2242/678 700/2190/649
f 700/2201/649 732/2230/678 731/2227/677 706/2197/654
f 706/2197/653 731/2227/674 728/2146/612 692/2145/611
f 729/2235/683 711/2220/670 725/2223/673 737/2236/684
f 737/2236/684 725/2223/673 719/2215/668 738/2239/687
f 738/2239/687 719/2215/668 718/2212/665 744/2246/691
f 744/2246/691 718/2212/665 710/2150/616 730/2149/615
f 787/2266/698 747/2137/603 752/2380/694 799/2267/699
f 799/2267/699 752/2380/694 762/2381/85 800/2270/107
f 747/2137/603 766/2136/602 771/2382/697 750/2250/692
f 750/2250/692 771/2382/697 781/2383/98 751/2253/79
f 766/2136/602 805/2273/702 815/2276/705 769/2258/695
f 769/2258/695 815/2276/705 808/2278/331 770/2261/93
f 805/2273/702 787/2266/698 801/2269/701 813/2274/703
f 813/2274/703 801/2269/701 795/114/112 814/133/127
f 1150/2147/613 728/2146/612 733/2229/676 1153/2306/777
f 1153/2306/778 733/2229/676 743/2233/681 1154/2309/779
f 1154/2320/779 743/2247/681 742/2244/689 1161/2316/735
f 1161/2316/735 742/2244/689 730/2149/615 1151/2148/614
f 709/2203/655 1131/2280/780 1136/2283/781 712/2204/656
f 712/2204/656 1136/2283/782 1146/2287/783 713/2207/659
f 713/2218/659 1146/2301/783 1145/2298/721 720/2214/667
f 720/2214/667 1145/2298/721 1133/2151/617 710/2150/616
f 1132/2289/715 1152/2322/784 1166/2325/741 1140/2290/716
f 1140/2290/716 1166/2325/741 1160/2329/736 1141/2293/719
f 1141/2304/719 1160/2317/736 1159/2314/733 1147/2300/723
f 1147/2300/723 1159/2314/733 1151/2148/614 1133/2151/617
f 1169/2331/785 671/2152/618 676/2155/621 1172/2332/786
f 1172/2332/787 676/2155/621 686/2159/626 1173/2335/788
f 1173/2346/788 686/2173/626 685/2170/634 1180/2342/753
f 1180/2342/753 685/2170/634 673/2141/607 1170/2140/606
f 692/2145/611 1188/2144/610 1193/2358/789 704/2195/651
f 704/2195/651 1193/2358/790 1203/2362/791 705/2198/643
f 705/2184/643 1203/2375/791 1202/2372/774 695/2180/639
f 695/2180/639 1202/2372/774 1190/2143/609 690/2142/608
f 1189/2139/605 1171/2138/604 1185/2384/758 1197/2364/769
f 1197/2364/769 1185/2384/758 1179/2385/754 1198/2367/770
f 1198/2378/770 1179/2343/754 1178/2340/751 1204/2374/776
f 1204/2374/776 1178/2340/751 1170/2140/606 1190/2143/609
f 1171/2138/604 1132/2289/715 1142/2292/718 1183/2348/756
f 1183/2348/756 1142/2292/718 1135/2296/710 1184/2351/749
f 1184/2338/749 1135/2284/710 1134/2281/707 1174/2334/745
f 1174/2334/745 1134/2281/707 1131/2280/706 1169/2331/742
f 1152/2322/784 1189/2139/605 1199/2366/792 1164/2323/793
f 1164/2323/793 1199/2366/792 1192/2370/794 1165/2326/795
f 1165/2312/795 1192/2359/794 1191/2356/796 1155/2308/797
f 1155/2308/797 1191/2356/796 1188/2144/610 1150/2147/613
f 1131/2280/780 709/2203/655 671/2152/618 1169/2331/785
f 1339/2386/798 1316/2387/798 1336/2388/798 1346/2389/798 1362/2390/798 1369/2391/798 1378/2392/798 1393/2393/798 1405/2394/798 1418/2395/798 1432/2396/798 1440/2397/798 1454/2398/798 1469/2399/798 1480/2400/798 1487/2401/798 1207/2402/798 1211/2403/798 1215/2404/798 1219/2405/798 1226/2406/798 1244/2407/798 1251/2408/798 1263/2409/798 1276/2410/798 1288/2411/798 1303/2412/798 1317/2413/798 1340/2414/798 1356/2415/798 1364/2416/798 1374/2417/798 1381/2418/798 1395/2419/798 1407/2420/798 1424/2421/798 1434/2422/798 1286/2423/798 1291/2424/798 1298/2425/798 1305/2426/798 1399/2427/798 1415/2428/798 1423/2429/798 1439/2430/798 1231/2431/798 1225/2432/798 1242/2433/798 1259/2434/798 1273/2435/798 1283/2436/798 1295/2437/798 1314/2438/798 1324/2439/798 1323/2440/798 1315/2441/798 1335/2442/798 1344/2443/798 1353/2444/798 1368/2445/798 1377/2446/798 1391/2447/798 1406/2448/798 1419/2449/798 1429/2450/798 1445/2451/798 1451/2452/798 1465/2453/798 1476/2454/798 1246/2455/798 1254/2456/798 1264/2457/798 1277/2458/798 1287/2459/798 1302/2460/798 1301/2461/798 1300/2462/798 1313/2463/798 1331/2464/798 1347/2465/798 1367/2466/798 1349/2467/798 1343/2468/798 1360/2469/798 1366/2470/798 1379/2471/798 1386/2472/798 1403/2473/798 1413/2474/798 1427/2475/798 1438/2476/798 1455/2477/798 1462/2478/798 1210/2479/798 1213/2480/798 1217/2481/798 1221/2482/798 1230/2483/798 1249/2484/798 1255/2485/798 1267/2486/798 1284/2487/798 1318/2488/798 1319/2489/798 1332/2490/798 1351/2491/798 1359/2492/798 1229/2493/798 1245/2494/798 1243/2495/798 1235/2496/798 1250/2497/798 1258/2498/798 1271/2499/798 1289/2500/798 1297/2501/798 1312/2502/798 1330/2503/798 1345/2504/798 1357/2505/798 1376/2506/798 1384/2507/798 1398/2508/798 1411/2509/798 1531/2510/798 1536/2511/798 1543/2512/798 1550/2513/798 1559/2514/798 1564/2515/798 1461/2516/798 1450/2517/798 1468/2518/798 1481/2519/798 1489/2520/798 1506/2521/798 1421/2522/798 1414/2523/798 1430/2524/798 1437/2525/798 1446/2526/798 1457/2527/798 1467/2528/798 1479/2529/798 711/2220/670 729/2235/683 691/2186/645 672/2161/628 1326/2530/798 1342/2531/798 1354/2532/798 1371/2533/798 1375/2534/798 1389/2535/798 1380/2536/798 1385/2537/798 1337/2538/798 1338/2539/798 1355/2540/798 1363/2541/798 1372/2542/798 1383/2543/798 1397/2544/798 1409/2545/798 1425/2546/798 1435/2547/798 1209/2548/798 1214/2549/798 1220/2550/798 1222/2551/798 1382/2552/798 1396/2553/798 1237/2554/798 1238/2555/798 1252/2556/798 1260/2557/798 1272/2558/798 1281/2559/798 1294/2560/798 1309/2561/798 1279/2562/798 1292/2563/798 1306/2564/798 1321/2565/798 1334/2566/798 1352/2567/798 1361/2568/798 1370/2569/798 1388/2570/798 1394/2571/798 1410/2572/798 1416/2573/798 1431/2574/798 1270/2575/798 1261/2576/798 1275/2577/798 1293/2578/798 1299/2579/798 1320/2580/798 1329/2581/798 1227/2582/798 1241/2583/798 1234/2584/798 1247/2585/798 1256/2586/798 1265/2587/798 1278/2588/798 1308/2589/798 1328/2590/798 1341/2591/798 1350/2592/798 1365/2593/798 1373/2594/798 1240/2595/798 1233/2596/798 1493/2597/798 1496/2598/798 1503/2599/798 1511/2600/798 1519/2601/798 1528/2602/798 1538/2603/798 1548/2604/798 1555/2605/798 1563/2606/798 1571/2607/798 1576/2608/798 1325/2609/798
f 1316/2387/798 1339/2386/798 1340/2414/798 1317/2413/798
f 1581/2610/798 1458/2611/798 1459/2612/798 1473/2613/798 1573/2614/798 1572/2615/798
f 1279/2562/798 1309/2561/798 1308/2589/798 1278/2588/798
f 1576/2608/798 1323/2440/798 1324/2439/798 1325/2609/798
f 1447/2616/798 1547/2617/798 1546/2618/798 1557/2619/798 1589/2620/798 1590/2621/798
f 1493/2597/798 1233/2596/798 1232/2622/798 1246/2455/798 1476/2454/798 1478/2623/798
f 1531/2510/798 1411/2509/798 1412/2624/798 1426/2625/798 1262/2626/798 1257/2627/798 1268/2628/798 1280/2629/798 1290/2630/798 1307/2631/798 1322/2632/798 1333/2633/798 1348/2634/798 1358/2635/798 1243/2495/798 1245/2494/798 1237/2554/798 1396/2553/798 1401/2636/798 1408/2637/798 1420/2638/798 1228/2639/798 1224/2640/798 1236/2641/798 1253/2642/798 1269/2643/798 1282/2644/798 1296/2645/798 1311/2646/798 1327/2647/798 1337/2538/798 1385/2537/798 1390/2648/798 1402/2649/798 1417/2650/798 1428/2651/798 1436/2652/798 1448/2653/798 1208/2654/798 1212/2655/798 1216/2656/798 1218/2657/798 1223/2658/798 1239/2659/798 1248/2660/798 1266/2661/798 1274/2662/798 1285/2663/798 1304/2664/798 1310/2665/798 1326/2530/798 672/2161/628 711/2220/670 1479/2529/798 1491/2666/798 1500/2667/798 1509/2668/798 1516/2669/798 1525/2670/798 1533/2671/798 1542/2672/798 1549/2673/798 1556/2674/798 1560/2675/798 1566/2676/798 1441/2677/798 1461/2516/798 1564/2515/798 1570/2678/798 1577/2679/798 1583/2680/798 1588/2681/798 1449/2682/798 1443/2683/798 1494/2684/798 1492/2685/798 1501/2686/798 1508/2687/798 1515/2688/798 1526/2689/798 1534/2690/798 1540/2691/798 1553/2692/798 1558/2693/798 1567/2694/798 1574/2695/798 1579/2696/798 1585/2697/798 1589/2620/798 1557/2619/798 1561/2698/798 1568/2699/798 1575/2700/798 1580/2701/798 1587/2702/798 1464/2703/798 1471/2704/798 1474/2705/798 1490/2706/798 1498/2707/798 1507/2708/798 1514/2709/798 1523/2710/798 1527/2711/798 1535/2712/798 1541/2713/798 1552/2714/798 1565/2715/798 1569/2716/798 1578/2717/798 1584/2718/798 1591/2719/798 1592/2720/798 1554/2721/798 1547/2617/798 1447/2616/798 1460/2722/798 1452/2723/798 1466/2724/798 1477/2725/798 1486/2726/798 1497/2727/798 1504/2728/798 1510/2729/798 1520/2730/798 1530/2731/798 1539/2732/798 1444/2733/798 1458/2611/798 1581/2610/798 1582/2734/798 1586/2735/798 1387/2736/798 1400/2737/798 1392/2738/798 1404/2739/798 1422/2740/798 1433/2741/798 1442/2742/798 1456/2743/798 1470/2744/798 1482/2745/798 1485/2746/798 1499/2747/798 1505/2748/798 1513/2749/798 1517/2750/798 1524/2751/798 1532/2752/798 1537/2753/798 1545/2754/798 1463/2755/798 1453/2756/798 1472/2757/798 1484/2758/798 1573/2614/798 1473/2613/798 1475/2759/798 1483/2760/798 1488/2761/798 1495/2762/798 1502/2763/798 1512/2764/798 1521/2765/798 1529/2766/798 1544/2767/798 1551/2768/798 1562/2769/798 1522/2770/798 1518/2771/798
f 1444/2733/798 1539/2732/798 1494/2684/798 1443/2683/798
f 1302/2460/798 1318/2488/798 1284/2487/798 1301/2461/798
f 1594/2772/799 1132/2289/715 1171/2138/604 1596/2773/799
f 300/2774/800 299/2775/800 298/2776/800 290/2777/800 292/2778/800 293/2779/800 294/2780/800 295/2781/800 296/2782/800 291/2783/800 288/2784/800 289/2785/800 297/2786/800 302/2787/800 301/2788/800
f 1597/2789/449 289/2785/449 288/2784/449 1601/2790/449
f 1602/2791/801 1601/2790/801 288/2784/801 291/2783/802 1603/2792/802
f 297/2786/803 289/2785/804 1597/2789/804 1599/2793/803
f 1598/2794/805 302/2787/806 297/2786/803 1599/2793/803
f 1600/2795/807 301/2788/808 302/2787/806 1598/2794/805
f 1604/2796/809 300/2774/810 301/2788/808 1600/2795/807
f 1605/2797/811 299/2775/812 300/2774/810 1604/2796/809
f 1606/2798/813 298/2776/814 299/2775/812 1605/2797/811
f 1607/2799/815 290/2777/422 298/2776/814 1606/2798/813
f 1608/2800/816 292/2778/817 290/2777/422 1607/2799/815
f 293/2779/818 292/2778/817 1608/2800/816 1609/2801/819
f 294/2780/820 293/2779/818 1609/2801/819 1610/2802/821
f 295/2781/822 294/2780/820 1610/2802/821 1611/2803/823
f 296/2782/824 295/2781/822 1611/2803/823 1612/2804/825
f 291/2783/802 296/2782/824 1612/2804/825 1603/2792/802
f 1601/2805/826 1602/2806/799 1171/2138/604 747/2137/603 1597/2807/799
f 277/2808/800 275/2809/800 283/2810/800 284/2811/800 285/2812/800 286/2813/800 287/2814/800 282/2815/800 274/2816/800 273/2817/800 276/2818/800 281/2819/800 280/2820/800 279/2821/800 278/2822/800
f 1617/2823/422 273/2817/422 274/2816/422 1616/2824/422
f 276/2818/827 273/2817/801 1617/2823/801 1620/2825/827
f 1616/2824/804 274/2816/804 282/2815/828 1614/2826/828
f 1614/2826/828 282/2815/828 287/2814/829 1613/2827/830
f 1613/2827/830 287/2814/829 286/2813/831 1615/2828/832
f 1615/2828/832 286/2813/831 285/2812/833 1618/2829/834
f 1618/2829/834 285/2812/833 284/2811/835 1619/2830/836
f 1619/2830/836 284/2811/835 283/2810/837 1621/2831/838
f 1621/2831/838 283/2810/837 275/2809/449 1622/2832/839
f 1622/2832/839 275/2809/449 277/2808/840 1623/2833/841
f 1623/2833/841 277/2808/840 278/2822/842 1624/2834/843
f 1624/2834/843 278/2822/842 279/2821/844 1625/2835/845
f 1625/2835/845 279/2821/844 280/2820/846 1626/2836/847
f 1626/2836/847 280/2820/846 281/2819/848 1627/2837/849
f 1627/2837/849 281/2819/848 276/2818/827 1620/2825/827
f 787/2266/698 805/2273/702 766/2136/602 1189/2139/605 1152/2322/784 1132/2289/715 1625/2838/850 1626/2839/851 1627/2840/851 1620/2841/851 1617/2842/851 1616/2843/852
f 1132/2289/715 1594/2772/799 1593/2844/799 1595/2845/799 1596/2773/799 1171/2138/604 1602/2806/799 1603/2846/799 1612/2847/799 1611/2848/799 1610/2849/799 1609/2850/799 1608/2851/799 1607/2852/799 1606/2853/799 1605/2854/799 1604/2855/799 1600/2856/799 1598/2857/799 1599/2858/799 1597/2807/799 747/2137/603 787/2266/698 1616/2843/852 1614/2859/799 1613/2860/799 1615/2861/799 1618/2862/799 1619/2863/799 1621/2864/799 1622/2865/799 1623/2866/799 1624/2867/799 1625/2838/850
o Cube.003_Cube.004
v 0.409966 -2.657345 4.612723
v 0.209435 -2.657345 4.612723
v 0.008905 -2.657345 4.612723
v -0.191625 -2.657345 4.612723
v -0.392156 -2.657345 4.612723
v -0.000487 3.459652 3.923648
v 0.065500 3.453153 3.923648
v 0.128952 3.433905 3.923648
v 0.187429 3.402648 3.923648
v 0.238685 3.360584 3.923648
v 0.280749 3.309328 3.923648
v 0.312006 3.250850 3.923648
v 0.331254 3.187399 3.923648
v 0.337753 3.121412 3.923648
v 0.331254 3.055424 3.923648
v 0.312006 2.991972 3.923648
v 0.280749 2.933495 3.923648
v 0.238685 2.882239 3.923648
v 0.187429 2.840175 3.923648
v 0.128952 2.808918 3.923648
v 0.065500 2.789670 3.923648
v -0.000487 2.783171 3.923648
v -0.066475 2.789670 3.923648
v -0.129927 2.808918 3.923648
v -0.188404 2.840175 3.923648
v -0.239660 2.882239 3.923648
v -0.281724 2.933496 3.923648
v -0.312981 2.991972 3.923648
v -0.332229 3.055424 3.923648
v -0.338728 3.121412 3.923648
v -0.332229 3.187399 3.923648
v -0.312981 3.250851 3.923648
v -0.281724 3.309328 3.923648
v -0.239659 3.360584 3.923648
v -0.188403 3.402648 3.923648
v -0.129926 3.433905 3.923648
v -0.066474 3.453153 3.923648
v -0.001057 3.352208 4.657127
v 0.043953 3.347775 4.657127
v 0.087233 3.334646 4.657127
v 0.127120 3.313326 4.657127
v 0.162082 3.284634 4.657127
v 0.190774 3.249672 4.657127
v 0.212094 3.209785 4.657127
v 0.225223 3.166505 4.657127
v 0.229656 3.121495 4.657127
v 0.225223 3.076485 4.657127
v 0.212094 3.033205 4.657127
v 0.190774 2.993317 4.657127
v 0.162082 2.958356 4.657127
v 0.127120 2.929664 4.657127
v 0.087233 2.908343 4.657127
v 0.043953 2.895214 4.657127
v -0.001057 2.890781 4.657127
v -0.046067 2.895215 4.657127
v -0.089347 2.908343 4.657127
v -0.129235 2.929664 4.657127
v -0.164196 2.958356 4.657127
v -0.192888 2.993318 4.657127
v -0.214209 3.033205 4.657127
v -0.227337 3.076485 4.657127
v -0.231771 3.121495 4.657127
v -0.227337 3.166505 4.657127
v -0.214208 3.209785 4.657127
v -0.192888 3.249672 4.657127
v -0.164196 3.284634 4.657127
v -0.129234 3.313326 4.657127
v -0.089347 3.334646 4.657127
v -0.046067 3.347775 4.657127
v -0.158083 2.874085 4.612723
v -0.074589 2.853650 4.612723
v 0.175893 2.874085 4.612723
v 0.092399 2.853650 4.612723
v 0.008905 2.840421 4.612723
v -0.000487 3.451025 3.923648
v 0.063817 3.444692 3.923648
v 0.125650 3.425935 3.923648
v 0.182636 3.395475 3.923648
v 0.232585 3.354483 3.923648
v 0.273576 3.304535 3.923648
v 0.304036 3.247549 3.923648
v 0.322793 3.185716 3.923648
v 0.329126 3.121412 3.923648
v 0.322793 3.057107 3.923648
v 0.304036 2.995274 3.923648
v 0.273576 2.938288 3.923648
v 0.232585 2.888340 3.923648
v 0.182636 2.847348 3.923648
v 0.125650 2.816888 3.923648
v 0.063817 2.798131 3.923648
v -0.000487 2.791798 3.923648
v -0.064792 2.798131 3.923648
v -0.126625 2.816889 3.923648
v -0.183611 2.847348 3.923648
v -0.233559 2.888340 3.923648
v -0.274551 2.938288 3.923648
v -0.305011 2.995274 3.923648
v -0.323767 3.057107 3.923648
v -0.330101 3.121412 3.923648
v -0.323767 3.185716 3.923648
v -0.305010 3.247549 3.923648
v -0.274551 3.304535 3.923648
v -0.233559 3.354484 3.923648
v -0.183610 3.395475 3.923648
v -0.126625 3.425935 3.923648
v -0.064791 3.444692 3.923648
v -0.000487 3.448155 3.923648
v 0.063257 3.441877 3.923648
v 0.124552 3.423284 3.923648
v 0.181042 3.393090 3.923648
v 0.230556 3.352454 3.923648
v 0.271190 3.302941 3.923648
v 0.301385 3.246451 3.923648
v 0.319978 3.185156 3.923648
v 0.326257 3.121412 3.923648
v 0.319978 3.057667 3.923648
v 0.301385 2.996372 3.923648
v 0.271190 2.939882 3.923648
v 0.230556 2.890369 3.923648
v 0.181042 2.849734 3.923648
v 0.124552 2.819539 3.923648
v 0.063257 2.800945 3.923648
v -0.000487 2.794163 3.923648
v -0.064232 2.800946 3.923648
v -0.125527 2.819540 3.923648
v -0.182017 2.849734 3.923648
v -0.231530 2.890369 3.923648
v -0.272165 2.939883 3.923648
v -0.302360 2.996372 3.923648
v -0.320953 3.057667 3.923648
v -0.327231 3.121412 3.923648
v -0.320953 3.185156 3.923648
v -0.302359 3.246451 3.923648
v -0.272165 3.302941 3.923648
v -0.231530 3.352455 3.923648
v -0.182016 3.393090 3.923648
v -0.125526 3.423284 3.923648
v -0.064231 3.441877 3.923648
v -0.168644 2.569426 3.923708
v -0.168644 2.569426 4.612723
v -0.079869 2.569426 3.923708
v 0.008905 2.569426 3.923708
v 0.186454 2.569426 4.612723
v 0.097680 2.569426 3.923708
v 0.097680 2.569426 4.612723
v 0.008905 2.569426 4.612723
v -0.079869 2.569426 4.612723
v 0.186454 2.569426 3.923708
v 0.409966 -2.657345 -3.741750
v 0.209435 -2.657345 -3.741750
v 0.008905 -2.657345 -3.741750
v -0.191625 -2.657345 -3.741750
v -0.392156 -2.657345 -3.741750
v -0.000487 3.459652 -3.052674
v 0.065500 3.453153 -3.052674
v 0.128952 3.433905 -3.052674
v 0.187429 3.402648 -3.052674
v 0.238685 3.360584 -3.052674
v 0.280749 3.309328 -3.052674
v 0.312006 3.250850 -3.052674
v 0.331254 3.187399 -3.052674
v 0.337753 3.121412 -3.052674
v 0.331254 3.055424 -3.052674
v 0.312006 2.991972 -3.052674
v 0.280749 2.933495 -3.052674
v 0.238685 2.882239 -3.052674
v 0.187429 2.840175 -3.052674
v 0.128952 2.808918 -3.052674
v 0.065500 2.789670 -3.052674
v -0.000487 2.783171 -3.052674
v -0.066475 2.789670 -3.052674
v -0.129927 2.808918 -3.052674
v -0.188404 2.840175 -3.052674
v -0.239660 2.882239 -3.052674
v -0.281724 2.933496 -3.052674
v -0.312981 2.991972 -3.052674
v -0.332229 3.055424 -3.052674
v -0.338728 3.121412 -3.052674
v -0.332229 3.187399 -3.052674
v -0.312981 3.250851 -3.052674
v -0.281724 3.309328 -3.052674
v -0.239659 3.360584 -3.052674
v -0.188403 3.402648 -3.052674
v -0.129926 3.433905 -3.052674
v -0.066474 3.453153 -3.052674
v -0.001057 3.352208 -3.786154
v 0.043953 3.347775 -3.786154
v 0.087233 3.334646 -3.786154
v 0.127120 3.313326 -3.786154
v 0.162082 3.284634 -3.786154
v 0.190774 3.249672 -3.786154
v 0.212094 3.209785 -3.786154
v 0.225223 3.166505 -3.786154
v 0.229656 3.121495 -3.786154
v 0.225223 3.076485 -3.786154
v 0.212094 3.033205 -3.786154
v 0.190774 2.993317 -3.786154
v 0.162082 2.958356 -3.786154
v 0.127120 2.929664 -3.786154
v 0.087233 2.908343 -3.786154
v 0.043953 2.895214 -3.786154
v -0.001057 2.890781 -3.786154
v -0.046067 2.895215 -3.786154
v -0.089347 2.908343 -3.786154
v -0.129235 2.929664 -3.786154
v -0.164196 2.958356 -3.786154
v -0.192888 2.993318 -3.786154
v -0.214209 3.033205 -3.786154
v -0.227337 3.076485 -3.786154
v -0.231771 3.121495 -3.786154
v -0.227337 3.166505 -3.786154
v -0.214208 3.209785 -3.786154
v -0.192888 3.249672 -3.786154
v -0.164196 3.284634 -3.786154
v -0.129234 3.313326 -3.786154
v -0.089347 3.334646 -3.786154
v -0.046067 3.347775 -3.786154
v -0.001057 3.348576 0.435487
v 0.043244 3.344213 0.435487
v 0.085843 3.331291 0.435487
v 0.125103 3.310306 0.435487
v 0.161351 3.283889 0.435487
v 0.187754 3.247655 0.435487
v 0.208739 3.208395 0.435487
v 0.221661 3.165796 0.435487
v 0.226024 3.121495 0.435487
v 0.221661 3.077193 0.435487
v 0.208739 3.034594 0.435487
v 0.187754 2.995335 0.435487
v 0.159514 2.960924 0.435487
v 0.125103 2.932683 0.435487
v 0.085843 2.911699 0.435487
v 0.043244 2.898777 0.435487
v -0.001057 2.894413 0.435487
v -0.045359 2.898777 0.435487
v -0.087957 2.911699 0.435487
v -0.127217 2.932683 0.435487
v -0.161628 2.960924 0.435487
v -0.189868 2.995335 0.435487
v -0.210853 3.034594 0.435487
v -0.223775 3.077193 0.435487
v -0.228139 3.121495 0.435487
v -0.223775 3.165797 0.435487
v -0.210853 3.208395 0.435487
v -0.189868 3.247655 0.435487
v -0.161628 3.282066 0.435487
v -0.127217 3.310306 0.435487
v -0.087957 3.331291 0.435487
v -0.045358 3.344213 0.435487
v -0.191625 -2.656580 0.435487
v 0.008905 -2.656580 0.435487
v 0.209435 -2.656580 0.435487
v -0.213987 -2.698629 0.435487
v 0.008905 -2.698897 0.435487
v 0.231797 -2.698629 0.435487
v -0.158083 2.874085 -3.741750
v -0.074589 2.853650 -3.741750
v 0.175893 2.874085 -3.741750
v 0.092399 2.853650 -3.741750
v 0.008905 2.840421 -3.741750
v -0.000487 3.451025 -3.052674
v 0.063817 3.444692 -3.052674
v 0.125650 3.425935 -3.052674
v 0.182636 3.395475 -3.052674
v 0.232585 3.354483 -3.052674
v 0.273576 3.304535 -3.052674
v 0.304036 3.247549 -3.052674
v 0.322793 3.185716 -3.052674
v 0.329126 3.121412 -3.052674
v 0.322793 3.057107 -3.052674
v 0.304036 2.995274 -3.052674
v 0.273576 2.938288 -3.052674
v 0.232585 2.888340 -3.052674
v 0.182636 2.847348 -3.052674
v 0.125650 2.816888 -3.052674
v 0.063817 2.798131 -3.052674
v -0.000487 2.791798 -3.052674
v -0.064792 2.798131 -3.052674
v -0.126625 2.816889 -3.052674
v -0.183611 2.847348 -3.052674
v -0.233559 2.888340 -3.052674
v -0.274551 2.938288 -3.052674
v -0.305011 2.995274 -3.052674
v -0.323767 3.057107 -3.052674
v -0.330101 3.121412 -3.052674
v -0.323767 3.185716 -3.052674
v -0.305010 3.247549 -3.052674
v -0.274551 3.304535 -3.052674
v -0.233559 3.354484 -3.052674
v -0.183610 3.395475 -3.052674
v -0.126625 3.425935 -3.052674
v -0.064791 3.444692 -3.052674
v -0.000487 3.448155 -3.052674
v 0.063257 3.441877 -3.052674
v 0.124552 3.423284 -3.052674
v 0.181042 3.393090 -3.052674
v 0.230556 3.352454 -3.052674
v 0.271190 3.302941 -3.052674
v 0.301385 3.246451 -3.052674
v 0.319978 3.185156 -3.052674
v 0.326257 3.121412 -3.052674
v 0.319978 3.057667 -3.052674
v 0.301385 2.996372 -3.052674
v 0.271190 2.939882 -3.052674
v 0.230556 2.890369 -3.052674
v 0.181042 2.849734 -3.052674
v 0.124552 2.819539 -3.052674
v 0.063257 2.800945 -3.052674
v -0.000487 2.794163 -3.052674
v -0.064232 2.800946 -3.052674
v -0.125527 2.819540 -3.052674
v -0.182017 2.849734 -3.052674
v -0.231530 2.890369 -3.052674
v -0.272165 2.939883 -3.052674
v -0.302360 2.996372 -3.052674
v -0.320953 3.057667 -3.052674
v -0.327231 3.121412 -3.052674
v -0.320953 3.185156 -3.052674
v -0.302359 3.246451 -3.052674
v -0.272165 3.302941 -3.052674
v -0.231530 3.352455 -3.052674
v -0.182016 3.393090 -3.052674
v -0.125526 3.423284 -3.052674
v -0.064231 3.441877 -3.052674
v -0.168644 2.569426 -3.052734
v -0.168644 2.569426 -3.741750
v -0.079869 2.569426 -3.052734
v 0.008905 2.569426 -3.052734
v 0.186454 2.569426 -3.741750
v 0.097680 2.569426 -3.052734
v 0.097680 2.569426 -3.741750
v 0.008905 2.569426 -3.741750
v -0.079869 2.569426 -3.741750
v 0.186454 2.569426 -3.052734
v -0.592685 -2.657331 4.612709
v -0.592699 -2.657351 4.612706
v -0.592670 -2.657345 4.612723
v -0.592688 -2.657339 4.612708
v -0.592683 -2.657335 4.612716
v -0.592685 -2.657341 4.612715
v -0.592687 -2.657347 4.612715
v -0.592692 -2.657346 4.612707
v -0.592687 -2.657344 4.612715
v -0.592678 -2.657340 4.612721
v -0.592676 -2.657344 4.612722
v -0.592682 -2.657342 4.612720
v -0.592699 -2.657351 3.917316
v -0.592685 -2.657331 3.917316
v -0.592669 -2.657345 3.917302
v -0.592692 -2.657346 3.917316
v -0.592688 -2.657347 3.917309
v -0.592687 -2.657344 3.917310
v -0.592683 -2.657334 3.917309
v -0.592688 -2.657339 3.917316
v -0.592685 -2.657341 3.917310
v -0.592677 -2.657344 3.917304
v -0.592677 -2.657340 3.917305
v -0.592682 -2.657342 3.917306
v 0.610495 -2.657331 4.612709
v 0.610480 -2.657345 4.612723
v 0.610509 -2.657351 4.612706
v 0.610493 -2.657335 4.612716
v 0.610498 -2.657339 4.612708
v 0.610495 -2.657341 4.612715
v 0.610487 -2.657344 4.612722
v 0.610488 -2.657340 4.612721
v 0.610492 -2.657341 4.612720
v 0.610503 -2.657346 4.612707
v 0.610498 -2.657347 4.612715
v 0.610497 -2.657344 4.612715
v 0.610509 -2.657351 3.917316
v 0.610479 -2.657345 3.917302
v 0.610495 -2.657331 3.917316
v 0.610498 -2.657347 3.917310
v 0.610503 -2.657346 3.917316
v 0.610497 -2.657344 3.917310
v 0.610487 -2.657340 3.917305
v 0.610487 -2.657345 3.917305
v 0.610492 -2.657342 3.917306
v 0.610498 -2.657339 3.917316
v 0.610493 -2.657335 3.917310
v 0.610495 -2.657341 3.917310
v 0.987638 -3.126972 3.917283
v 0.987655 -3.126986 3.917297
v 0.987644 -3.126979 3.917285
v 0.987650 -3.126985 3.917290
v 0.498280 -3.131417 3.917297
v 0.498271 -3.131403 3.917283
v 0.498277 -3.131415 3.917290
v 0.498274 -3.131410 3.917285
v 0.008905 -3.134899 3.917297
v 0.008905 -3.134884 3.917283
v 0.008905 -3.134897 3.917290
v 0.008905 -3.134892 3.917285
v -0.480470 -3.131417 3.917297
v -0.480461 -3.131403 3.917283
v -0.480467 -3.131415 3.917290
v -0.480464 -3.131410 3.917285
v -0.969845 -3.126986 3.917297
v -0.969828 -3.126972 3.917283
v -0.969840 -3.126985 3.917290
v -0.969833 -3.126979 3.917285
v -0.392142 -2.657345 3.917288
v -0.392166 -2.657354 3.917288
v -0.392161 -2.657331 3.917302
v -0.392150 -2.657346 3.917288
v -0.392148 -2.657343 3.917295
v -0.392153 -2.657344 3.917295
v -0.392163 -2.657349 3.917295
v -0.392159 -2.657350 3.917288
v -0.392158 -2.657347 3.917295
v -0.392155 -2.657338 3.917300
v -0.392161 -2.657340 3.917300
v -0.392157 -2.657342 3.917299
v -0.191625 -2.657331 3.917302
v -0.191625 -2.657345 3.917288
v -0.191625 -2.657338 3.917300
v -0.191625 -2.657343 3.917295
v 0.008905 -2.657331 3.917302
v 0.008905 -2.657345 3.917288
v 0.008905 -2.657338 3.917300
v 0.008905 -2.657343 3.917295
v 0.209435 -2.657331 3.917302
v 0.209435 -2.657345 3.917288
v 0.209435 -2.657338 3.917300
v 0.209435 -2.657343 3.917295
v 0.409972 -2.657331 3.917302
v 0.409976 -2.657354 3.917288
v 0.409952 -2.657345 3.917288
v 0.409971 -2.657340 3.917300
v 0.409965 -2.657337 3.917300
v 0.409967 -2.657342 3.917298
v 0.409969 -2.657350 3.917288
v 0.409973 -2.657348 3.917295
v 0.409968 -2.657347 3.917295
v 0.409958 -2.657343 3.917295
v 0.409960 -2.657346 3.917288
v 0.409963 -2.657344 3.917295
v -0.969828 -3.126972 4.550746
v -0.969845 -3.126986 4.550729
v -0.969834 -3.126979 4.550743
v -0.969841 -3.126985 4.550737
v -0.480470 -3.131417 4.606784
v -0.480462 -3.131403 4.606798
v -0.480467 -3.131415 4.606791
v -0.480464 -3.131410 4.606796
v 0.008905 -3.134899 4.612709
v 0.008905 -3.134884 4.612723
v 0.008905 -3.134897 4.612716
v 0.008905 -3.134892 4.612721
v 0.498280 -3.131417 4.606784
v 0.498272 -3.131403 4.606798
v 0.498278 -3.131415 4.606791
v 0.498275 -3.131410 4.606796
v 0.987655 -3.126986 4.550729
v 0.987638 -3.126972 4.550746
v 0.987651 -3.126985 4.550737
v 0.987645 -3.126979 4.550743
v -0.000487 3.462507 4.691387
v -0.000487 3.462522 4.691372
v -0.000487 3.462514 4.691385
v -0.000487 3.462520 4.691380
v 0.066057 3.455953 4.691387
v 0.066060 3.455967 4.691372
v 0.066059 3.455960 4.691385
v 0.066060 3.455965 4.691380
v 0.130044 3.436543 4.691387
v 0.130050 3.436556 4.691372
v 0.130047 3.436549 4.691385
v 0.130049 3.436554 4.691380
v 0.189015 3.405022 4.691387
v 0.189023 3.405034 4.691372
v 0.189019 3.405028 4.691385
v 0.189022 3.405032 4.691380
v 0.240704 3.362602 4.691387
v 0.240714 3.362612 4.691372
v 0.240709 3.362607 4.691385
v 0.240712 3.362611 4.691380
v 0.283124 3.310914 4.691387
v 0.283135 3.310922 4.691372
v 0.283129 3.310918 4.691385
v 0.283134 3.310921 4.691380
v 0.314644 3.251943 4.691387
v 0.314657 3.251948 4.691372
v 0.314651 3.251946 4.691385
v 0.314655 3.251948 4.691380
v 0.334054 3.187956 4.691387
v 0.334068 3.187959 4.691372
v 0.334061 3.187957 4.691385
v 0.334066 3.187958 4.691380
v 0.340608 3.121412 4.691387
v 0.340623 3.121412 4.691372
v 0.340615 3.121412 4.691385
v 0.340621 3.121412 4.691380
v 0.334054 3.054867 4.691387
v 0.334068 3.054864 4.691372
v 0.334061 3.054866 4.691385
v 0.334066 3.054865 4.691380
v 0.314644 2.990880 4.691387
v 0.314657 2.990874 4.691372
v 0.314651 2.990877 4.691385
v 0.314655 2.990875 4.691380
v 0.283123 2.931909 4.691387
v 0.283135 2.931901 4.691372
v 0.283129 2.931905 4.691385
v 0.283134 2.931902 4.691380
v 0.240704 2.880221 4.691387
v 0.240714 2.880210 4.691372
v 0.240709 2.880216 4.691385
v 0.240712 2.880212 4.691380
v 0.189015 2.837801 4.691387
v 0.189023 2.837789 4.691372
v 0.189019 2.837795 4.691385
v 0.189022 2.837790 4.691380
v 0.130044 2.806280 4.691387
v 0.130050 2.806267 4.691372
v 0.130047 2.806273 4.691385
v 0.130049 2.806268 4.691380
v 0.066057 2.786870 4.691387
v 0.066060 2.786855 4.691372
v 0.066058 2.786863 4.691385
v 0.066059 2.786857 4.691380
v -0.000487 2.780316 4.691387
v -0.000487 2.780302 4.691372
v -0.000487 2.780309 4.691385
v -0.000487 2.780303 4.691380
v -0.067032 2.786870 4.691387
v -0.067035 2.786856 4.691372
v -0.067033 2.786863 4.691385
v -0.067034 2.786858 4.691380
v -0.131019 2.806280 4.691387
v -0.131025 2.806267 4.691372
v -0.131022 2.806274 4.691385
v -0.131024 2.806269 4.691380
v -0.189990 2.837801 4.691387
v -0.189998 2.837789 4.691372
v -0.189994 2.837795 4.691385
v -0.189997 2.837790 4.691380
v -0.241679 2.880221 4.691387
v -0.241689 2.880210 4.691372
v -0.241684 2.880216 4.691385
v -0.241687 2.880212 4.691380
v -0.284098 2.931909 4.691387
v -0.284110 2.931901 4.691372
v -0.284104 2.931905 4.691385
v -0.284108 2.931902 4.691380
v -0.315619 2.990880 4.691387
v -0.315632 2.990874 4.691372
v -0.315626 2.990877 4.691385
v -0.315630 2.990875 4.691380
v -0.335029 3.054867 4.691387
v -0.335043 3.054864 4.691372
v -0.335036 3.054866 4.691385
v -0.335041 3.054865 4.691380
v -0.341583 3.121412 4.691387
v -0.341597 3.121412 4.691372
v -0.341590 3.121412 4.691385
v -0.341596 3.121412 4.691380
v -0.335029 3.187956 4.691387
v -0.335043 3.187959 4.691372
v -0.335036 3.187958 4.691385
v -0.335041 3.187959 4.691380
v -0.315619 3.251943 4.691387
v -0.315632 3.251949 4.691372
v -0.315625 3.251946 4.691385
v -0.315630 3.251948 4.691380
v -0.284098 3.310915 4.691387
v -0.284110 3.310923 4.691372
v -0.284104 3.310919 4.691385
v -0.284108 3.310921 4.691380
v -0.241678 3.362603 4.691387
v -0.241688 3.362613 4.691372
v -0.241683 3.362608 4.691385
v -0.241687 3.362612 4.691380
v -0.189990 3.405023 4.691387
v -0.189998 3.405035 4.691372
v -0.189994 3.405028 4.691385
v -0.189997 3.405033 4.691380
v -0.131019 3.436543 4.691387
v -0.131024 3.436556 4.691372
v -0.131021 3.436550 4.691385
v -0.131023 3.436554 4.691380
v -0.067032 3.455954 4.691387
v -0.067034 3.455967 4.691372
v -0.067033 3.455961 4.691385
v -0.067034 3.455966 4.691380
v -1.352771 -3.066130 4.442762
v -1.352823 -3.066147 4.442734
v -1.352787 -3.066133 4.442756
v -1.352806 -3.066140 4.442745
v -1.339389 -3.122670 4.452741
v -1.339391 -3.122684 4.452726
v -1.339390 -3.122677 4.452738
v -1.339391 -3.122682 4.452733
v -1.384408 -3.087366 4.434034
v -1.384406 -3.087348 4.434019
v -1.384424 -3.087368 4.434015
v -1.384409 -3.087358 4.434031
v -1.384415 -3.087366 4.434030
v -1.384414 -3.087359 4.434028
v -1.384413 -3.087354 4.434018
v -1.384408 -3.087351 4.434025
v -1.384413 -3.087356 4.434024
v -1.384421 -3.087367 4.434022
v -1.384419 -3.087361 4.434016
v -1.384417 -3.087361 4.434023
v -1.392943 -3.105542 4.432873
v -1.392954 -3.105534 4.432854
v -1.392949 -3.105556 4.432857
v -1.392948 -3.105538 4.432869
v -1.392946 -3.105549 4.432870
v -1.392951 -3.105545 4.432867
v -1.392955 -3.105542 4.432854
v -1.392952 -3.105536 4.432862
v -1.392954 -3.105543 4.432861
v -1.392948 -3.105554 4.432865
v -1.392953 -3.105550 4.432855
v -1.392952 -3.105548 4.432862
v -1.377143 -3.117939 4.439439
v -1.377160 -3.117944 4.439418
v -1.377134 -3.117955 4.439428
v -1.377150 -3.117943 4.439434
v -1.377141 -3.117947 4.439438
v -1.377147 -3.117948 4.439435
v -1.377152 -3.117949 4.439422
v -1.377156 -3.117944 4.439426
v -1.377150 -3.117948 4.439429
v -1.377138 -3.117952 4.439434
v -1.377143 -3.117953 4.439425
v -1.377144 -3.117951 4.439432
v -1.339389 -3.122670 3.917283
v -1.339391 -3.122684 3.917297
v -1.339389 -3.122677 3.917285
v -1.339390 -3.122682 3.917290
v -1.352763 -3.066124 3.917283
v -1.352823 -3.066147 3.917297
v -1.352781 -3.066128 3.917285
v -1.352802 -3.066137 3.917290
v -1.377143 -3.117939 3.917283
v -1.377134 -3.117955 3.917297
v -1.377160 -3.117944 3.917297
v -1.377141 -3.117947 3.917285
v -1.377149 -3.117942 3.917285
v -1.377146 -3.117948 3.917287
v -1.377143 -3.117952 3.917297
v -1.377137 -3.117953 3.917290
v -1.377144 -3.117951 3.917291
v -1.377155 -3.117944 3.917291
v -1.377152 -3.117949 3.917297
v -1.377150 -3.117949 3.917291
v -1.392942 -3.105543 3.917283
v -1.392949 -3.105556 3.917297
v -1.392954 -3.105534 3.917297
v -1.392945 -3.105549 3.917285
v -1.392948 -3.105538 3.917285
v -1.392951 -3.105545 3.917287
v -1.392953 -3.105549 3.917297
v -1.392948 -3.105554 3.917290
v -1.392952 -3.105548 3.917291
v -1.392952 -3.105535 3.917290
v -1.392955 -3.105541 3.917297
v -1.392954 -3.105542 3.917291
v -1.384407 -3.087365 3.917283
v -1.384424 -3.087368 3.917297
v -1.384406 -3.087348 3.917297
v -1.384415 -3.087366 3.917285
v -1.384408 -3.087357 3.917285
v -1.384414 -3.087359 3.917287
v -1.384419 -3.087361 3.917297
v -1.384421 -3.087367 3.917291
v -1.384417 -3.087361 3.917291
v -1.384408 -3.087350 3.917291
v -1.384413 -3.087353 3.917297
v -1.384413 -3.087356 3.917291
v 1.357199 -3.122670 4.452741
v 1.357201 -3.122684 4.452726
v 1.357200 -3.122677 4.452738
v 1.357201 -3.122682 4.452733
v 1.370581 -3.066129 4.442760
v 1.370633 -3.066147 4.442734
v 1.370597 -3.066132 4.442755
v 1.370616 -3.066139 4.442745
v 1.394953 -3.117939 4.439439
v 1.394944 -3.117955 4.439428
v 1.394970 -3.117944 4.439418
v 1.394951 -3.117947 4.439438
v 1.394960 -3.117942 4.439434
v 1.394957 -3.117947 4.439435
v 1.394953 -3.117953 4.439425
v 1.394948 -3.117952 4.439434
v 1.394955 -3.117951 4.439432
v 1.394966 -3.117944 4.439426
v 1.394962 -3.117949 4.439422
v 1.394960 -3.117948 4.439429
v 1.410753 -3.105542 4.432873
v 1.410759 -3.105556 4.432857
v 1.410764 -3.105534 4.432854
v 1.410756 -3.105549 4.432870
v 1.410759 -3.105538 4.432869
v 1.410761 -3.105545 4.432867
v 1.410764 -3.105550 4.432855
v 1.410758 -3.105554 4.432865
v 1.410763 -3.105548 4.432862
v 1.410763 -3.105536 4.432862
v 1.410766 -3.105542 4.432854
v 1.410764 -3.105543 4.432861
v 1.402218 -3.087366 4.434034
v 1.402234 -3.087368 4.434015
v 1.402216 -3.087348 4.434019
v 1.402225 -3.087366 4.434030
v 1.402219 -3.087358 4.434031
v 1.402224 -3.087359 4.434028
v 1.402229 -3.087361 4.434016
v 1.402231 -3.087367 4.434022
v 1.402227 -3.087361 4.434023
v 1.402218 -3.087351 4.434025
v 1.402223 -3.087353 4.434018
v 1.402223 -3.087356 4.434024
v 1.370573 -3.066124 3.917283
v 1.370633 -3.066147 3.917297
v 1.370591 -3.066128 3.917285
v 1.370612 -3.066137 3.917290
v 1.357199 -3.122670 3.917283
v 1.357201 -3.122684 3.917297
v 1.357200 -3.122677 3.917285
v 1.357200 -3.122682 3.917290
v 1.402217 -3.087365 3.917283
v 1.402216 -3.087348 3.917297
v 1.402234 -3.087368 3.917297
v 1.402218 -3.087357 3.917285
v 1.402225 -3.087365 3.917285
v 1.402224 -3.087359 3.917287
v 1.402223 -3.087353 3.917298
v 1.402218 -3.087350 3.917290
v 1.402223 -3.087356 3.917291
v 1.402231 -3.087366 3.917290
v 1.402229 -3.087361 3.917297
v 1.402227 -3.087360 3.917291
v 1.410752 -3.105543 3.917283
v 1.410764 -3.105534 3.917297
v 1.410759 -3.105556 3.917297
v 1.410758 -3.105539 3.917285
v 1.410756 -3.105550 3.917285
v 1.410761 -3.105546 3.917287
v 1.410766 -3.105542 3.917297
v 1.410762 -3.105536 3.917290
v 1.410764 -3.105543 3.917291
v 1.410758 -3.105555 3.917290
v 1.410764 -3.105550 3.917297
v 1.410763 -3.105549 3.917291
v 1.394953 -3.117939 3.917283
v 1.394970 -3.117944 3.917297
v 1.394944 -3.117955 3.917297
v 1.394960 -3.117942 3.917285
v 1.394951 -3.117947 3.917285
v 1.394956 -3.117948 3.917287
v 1.394962 -3.117949 3.917297
v 1.394966 -3.117944 3.917290
v 1.394960 -3.117949 3.917291
v 1.394947 -3.117953 3.917291
v 1.394953 -3.117953 3.917297
v 1.394954 -3.117951 3.917291
v -0.436868 -2.699043 3.917280
v -0.436864 -2.699052 3.917280
v -0.436915 -2.699067 3.917294
v -0.436871 -2.699048 3.917280
v -0.436881 -2.699052 3.917286
v -0.436879 -2.699052 3.917286
v -0.436880 -2.699054 3.917286
v -0.436870 -2.699050 3.917280
v -0.436879 -2.699053 3.917286
v -0.436898 -2.699061 3.917292
v -0.436898 -2.699060 3.917292
v -0.436888 -2.699056 3.917290
v -0.213995 -2.699408 3.917294
v -0.213987 -2.699393 3.917280
v -0.213993 -2.699400 3.917292
v -0.213989 -2.699395 3.917287
v 0.008905 -2.699676 3.917294
v 0.008905 -2.699662 3.917280
v 0.008905 -2.699669 3.917292
v 0.008905 -2.699664 3.917287
v 0.231806 -2.699408 3.917294
v 0.231797 -2.699393 3.917280
v 0.231803 -2.699400 3.917292
v 0.231800 -2.699395 3.917287
v 0.454678 -2.699043 3.917280
v 0.454725 -2.699067 3.917294
v 0.454674 -2.699052 3.917280
v 0.454691 -2.699052 3.917286
v 0.454681 -2.699048 3.917280
v 0.454689 -2.699052 3.917286
v 0.454709 -2.699060 3.917292
v 0.454708 -2.699061 3.917292
v 0.454698 -2.699056 3.917291
v 0.454680 -2.699050 3.917279
v 0.454690 -2.699054 3.917286
v 0.454689 -2.699053 3.917286
v 0.260169 2.937031 4.612753
v 0.260177 2.937039 4.612754
v 0.260192 2.937052 4.612740
v 0.260189 2.937052 4.612740
v 0.260173 2.937043 4.612754
v 0.260178 2.937037 4.612751
v 0.260181 2.937048 4.612752
v 0.260185 2.937044 4.612752
v 0.260175 2.937046 4.612754
v 0.260184 2.937050 4.612752
v 0.260191 2.937057 4.612740
v 0.260190 2.937048 4.612747
v 0.260189 2.937054 4.612748
v 0.260185 2.937045 4.612747
v 0.260191 2.937057 4.612740
v 0.260188 2.937054 4.612747
v -0.241578 2.923692 3.924025
v -0.241568 2.923692 3.924010
v -0.241576 2.923695 3.924020
v -0.241573 2.923695 3.924015
v -0.241577 2.923706 4.612709
v -0.241560 2.923696 4.612723
v -0.241575 2.923705 4.612716
v -0.241568 2.923701 4.612721
v -0.077044 2.855342 4.609342
v -0.077034 2.855351 4.609355
v -0.077040 2.855348 4.609344
v -0.077036 2.855351 4.609349
v -0.162992 2.876378 4.609342
v -0.162973 2.876384 4.609355
v -0.162985 2.876383 4.609344
v -0.162978 2.876385 4.609349
v 0.259370 2.933467 4.612723
v 0.259387 2.933480 4.612709
v 0.259378 2.933474 4.612721
v 0.259385 2.933478 4.612716
v -0.242367 2.926980 4.612754
v -0.242359 2.926974 4.612753
v -0.242378 2.926991 4.612740
v -0.242382 2.926991 4.612740
v -0.242365 2.926987 4.612754
v -0.242375 2.926984 4.612752
v -0.242373 2.926991 4.612752
v -0.242368 2.926979 4.612751
v -0.242363 2.926985 4.612754
v -0.242372 2.926989 4.612752
v -0.242380 2.926996 4.612740
v -0.242375 2.926985 4.612747
v -0.242377 2.926993 4.612748
v -0.242380 2.926987 4.612747
v -0.242381 2.926996 4.612740
v -0.242379 2.926994 4.612748
v 0.259388 2.933466 3.924025
v 0.259379 2.933466 3.924010
v 0.259386 2.933468 3.924020
v 0.259383 2.933468 3.924015
v -0.000487 3.452050 4.676964
v -0.000487 3.452065 4.676950
v -0.000487 3.452058 4.676962
v -0.000487 3.452063 4.676957
v 0.064017 3.445697 4.676964
v 0.064020 3.445711 4.676950
v 0.064019 3.445704 4.676962
v 0.064020 3.445709 4.676957
v 0.126043 3.426882 4.676964
v 0.126048 3.426895 4.676950
v 0.126045 3.426888 4.676962
v 0.126047 3.426893 4.676957
v 0.183206 3.396327 4.676964
v 0.183214 3.396339 4.676950
v 0.183210 3.396333 4.676962
v 0.183213 3.396338 4.676957
v 0.233309 3.355208 4.676964
v 0.233320 3.355218 4.676950
v 0.233315 3.355213 4.676962
v 0.233318 3.355217 4.676957
v 0.274429 3.305105 4.676964
v 0.274441 3.305113 4.676950
v 0.274435 3.305109 4.676962
v 0.274439 3.305112 4.676957
v 0.304983 3.247941 4.676964
v 0.304996 3.247947 4.676950
v 0.304990 3.247944 4.676962
v 0.304994 3.247946 4.676957
v 0.323798 3.185916 4.676964
v 0.323812 3.185919 4.676950
v 0.323805 3.185917 4.676962
v 0.323810 3.185918 4.676957
v 0.330151 3.121412 4.676964
v 0.330166 3.121412 4.676950
v 0.330159 3.121412 4.676962
v 0.330164 3.121412 4.676957
v 0.323798 3.056907 4.676964
v 0.323812 3.056904 4.676950
v 0.323805 3.056906 4.676962
v 0.323810 3.056905 4.676957
v 0.304983 2.994881 4.676964
v 0.304996 2.994876 4.676950
v 0.304990 2.994879 4.676962
v 0.304995 2.994877 4.676957
v 0.274429 2.937718 4.676964
v 0.274441 2.937710 4.676950
v 0.274435 2.937714 4.676962
v 0.274439 2.937711 4.676957
v 0.233310 2.887615 4.676964
v 0.233320 2.887605 4.676950
v 0.233315 2.887610 4.676962
v 0.233318 2.887606 4.676957
v 0.183206 2.846495 4.676964
v 0.183214 2.846483 4.676950
v 0.183210 2.846489 4.676962
v 0.183213 2.846485 4.676957
v 0.126043 2.815941 4.676964
v 0.126048 2.815928 4.676950
v 0.126045 2.815934 4.676962
v 0.126047 2.815929 4.676957
v 0.064017 2.797125 4.676964
v 0.064020 2.797112 4.676950
v 0.064018 2.797118 4.676962
v 0.064019 2.797113 4.676957
v -0.000487 2.790268 4.676964
v -0.000487 2.790253 4.676950
v -0.000487 2.790261 4.676962
v -0.000487 2.790255 4.676957
v -0.064992 2.797126 4.676964
v -0.064995 2.797112 4.676950
v -0.064993 2.797119 4.676962
v -0.064994 2.797114 4.676957
v -0.127018 2.815941 4.676964
v -0.127023 2.815928 4.676950
v -0.127020 2.815935 4.676962
v -0.127022 2.815930 4.676957
v -0.184181 2.846495 4.676964
v -0.184189 2.846483 4.676950
v -0.184185 2.846489 4.676962
v -0.184188 2.846485 4.676957
v -0.234285 2.887615 4.676964
v -0.234295 2.887605 4.676950
v -0.234290 2.887610 4.676962
v -0.234293 2.887606 4.676957
v -0.275404 2.937718 4.676964
v -0.275416 2.937710 4.676950
v -0.275410 2.937714 4.676962
v -0.275414 2.937711 4.676957
v -0.305958 2.994881 4.676964
v -0.305971 2.994876 4.676950
v -0.305965 2.994879 4.676962
v -0.305969 2.994877 4.676957
v -0.324773 3.056907 4.676964
v -0.324787 3.056904 4.676950
v -0.324780 3.056906 4.676962
v -0.324785 3.056905 4.676957
v -0.331126 3.121412 4.676964
v -0.331141 3.121412 4.676950
v -0.331133 3.121412 4.676962
v -0.331139 3.121412 4.676957
v -0.324773 3.185916 4.676964
v -0.324787 3.185919 4.676950
v -0.324780 3.185918 4.676962
v -0.324785 3.185919 4.676957
v -0.305967 3.247960 4.676978
v -0.305975 3.247935 4.676950
v -0.305970 3.247952 4.676969
v -0.305972 3.247943 4.676959
v -0.272166 3.302958 3.924060
v -0.272167 3.302957 3.923769
v -0.272167 3.302958 3.923963
v -0.272167 3.302957 3.923866
v -0.234304 3.355211 4.676978
v -0.234284 3.355227 4.676950
v -0.234298 3.355216 4.676969
v -0.234291 3.355222 4.676959
v -0.184180 3.396328 4.676964
v -0.184188 3.396340 4.676950
v -0.184184 3.396334 4.676962
v -0.184187 3.396338 4.676957
v -0.127017 3.426882 4.676964
v -0.127022 3.426895 4.676950
v -0.127020 3.426889 4.676962
v -0.127022 3.426893 4.676957
v -0.064992 3.445698 4.676964
v -0.064994 3.445712 4.676950
v -0.064993 3.445704 4.676962
v -0.064994 3.445709 4.676957
v -0.000487 3.462522 3.923662
v -0.000487 3.462507 3.923648
v -0.000487 3.462520 3.923655
v -0.000487 3.462514 3.923650
v 0.066057 3.455954 3.923648
v 0.066060 3.455967 3.923662
v 0.066058 3.455961 3.923650
v 0.066060 3.455966 3.923655
v 0.130044 3.436543 3.923648
v 0.130050 3.436556 3.923662
v 0.130047 3.436550 3.923650
v 0.130049 3.436554 3.923655
v 0.189015 3.405023 3.923648
v 0.189023 3.405035 3.923662
v 0.189019 3.405028 3.923650
v 0.189022 3.405033 3.923655
v 0.240704 3.362602 3.923648
v 0.240714 3.362612 3.923662
v 0.240709 3.362607 3.923650
v 0.240713 3.362611 3.923655
v 0.283123 3.310914 3.923648
v 0.283135 3.310922 3.923662
v 0.283129 3.310918 3.923650
v 0.283134 3.310921 3.923655
v 0.314644 3.251943 3.923648
v 0.314657 3.251948 3.923662
v 0.314651 3.251946 3.923650
v 0.314655 3.251948 3.923655
v 0.334054 3.187956 3.923648
v 0.334068 3.187959 3.923662
v 0.334061 3.187957 3.923650
v 0.334066 3.187958 3.923655
v 0.340608 3.121412 3.923648
v 0.340623 3.121412 3.923662
v 0.340615 3.121412 3.923650
v 0.340621 3.121412 3.923655
v 0.334054 3.054867 3.923648
v 0.334068 3.054864 3.923662
v 0.334061 3.054866 3.923650
v 0.334066 3.054865 3.923655
v 0.314644 2.990880 3.923648
v 0.314657 2.990874 3.923662
v 0.314651 2.990877 3.923650
v 0.314655 2.990875 3.923655
v 0.283123 2.931909 3.923648
v 0.283135 2.931901 3.923662
v 0.283129 2.931905 3.923650
v 0.283134 2.931902 3.923655
v 0.240704 2.880221 3.923648
v 0.240714 2.880210 3.923662
v 0.240709 2.880216 3.923650
v 0.240712 2.880212 3.923655
v 0.189015 2.837801 3.923648
v 0.189023 2.837789 3.923662
v 0.189019 2.837795 3.923650
v 0.189022 2.837790 3.923655
v 0.130044 2.806280 3.923648
v 0.130050 2.806267 3.923662
v 0.130047 2.806273 3.923650
v 0.130049 2.806268 3.923655
v 0.066057 2.786870 3.923648
v 0.066060 2.786855 3.923662
v 0.066058 2.786863 3.923650
v 0.066059 2.786857 3.923655
v -0.000487 2.780316 3.923648
v -0.000487 2.780302 3.923662
v -0.000487 2.780309 3.923650
v -0.000487 2.780303 3.923655
v -0.067032 2.786870 3.923648
v -0.067035 2.786856 3.923662
v -0.067033 2.786863 3.923650
v -0.067034 2.786858 3.923655
v -0.131019 2.806280 3.923648
v -0.131025 2.806267 3.923662
v -0.131022 2.806274 3.923650
v -0.131024 2.806269 3.923655
v -0.189990 2.837801 3.923648
v -0.189998 2.837789 3.923662
v -0.189994 2.837795 3.923650
v -0.189997 2.837790 3.923655
v -0.241679 2.880221 3.923648
v -0.241689 2.880210 3.923662
v -0.241684 2.880216 3.923650
v -0.241687 2.880212 3.923655
v -0.284098 2.931909 3.923648
v -0.284110 2.931901 3.923662
v -0.284104 2.931905 3.923650
v -0.284108 2.931902 3.923655
v -0.315619 2.990880 3.923648
v -0.315632 2.990874 3.923662
v -0.315625 2.990877 3.923650
v -0.315630 2.990875 3.923655
v -0.335029 3.054867 3.923648
v -0.335043 3.054864 3.923662
v -0.335036 3.054866 3.923650
v -0.335041 3.054865 3.923655
v -0.341583 3.121412 3.923648
v -0.341597 3.121412 3.923662
v -0.341590 3.121412 3.923650
v -0.341596 3.121412 3.923655
v -0.335029 3.187956 3.923648
v -0.335043 3.187959 3.923662
v -0.335036 3.187958 3.923650
v -0.335041 3.187959 3.923655
v -0.315619 3.251943 3.923648
v -0.315632 3.251949 3.923662
v -0.315625 3.251946 3.923650
v -0.315630 3.251948 3.923655
v -0.284098 3.310915 3.923648
v -0.284110 3.310923 3.923662
v -0.284104 3.310919 3.923650
v -0.284108 3.310921 3.923655
v -0.241678 3.362603 3.923648
v -0.241688 3.362613 3.923662
v -0.241683 3.362608 3.923650
v -0.241687 3.362611 3.923655
v -0.189990 3.405023 3.923648
v -0.189998 3.405035 3.923662
v -0.189994 3.405028 3.923650
v -0.189997 3.405033 3.923655
v -0.131019 3.436543 3.923648
v -0.131024 3.436556 3.923662
v -0.131021 3.436550 3.923650
v -0.131023 3.436554 3.923655
v -0.067031 3.455954 3.923648
v -0.067034 3.455967 3.923662
v -0.067033 3.455961 3.923650
v -0.067034 3.455966 3.923655
v -0.257418 2.569426 3.923722
v -0.257401 2.569425 3.923708
v -0.257416 2.569426 3.923715
v -0.257410 2.569425 3.923710
v 0.275229 2.569426 3.923722
v 0.275212 2.569425 3.923708
v 0.275226 2.569426 3.923715
v 0.275220 2.569425 3.923710
v -0.257403 2.569426 4.612723
v -0.257418 2.569426 4.612709
v -0.257411 2.569426 4.612721
v -0.257416 2.569426 4.612716
v 0.275229 2.569426 4.612709
v 0.275213 2.569426 4.612723
v 0.275226 2.569426 4.612716
v 0.275221 2.569426 4.612721
v 0.180783 2.876384 4.609355
v 0.180803 2.876378 4.609342
v 0.180788 2.876385 4.609349
v 0.180795 2.876383 4.609344
v 0.094844 2.855351 4.609355
v 0.094854 2.855342 4.609342
v 0.094846 2.855351 4.609349
v 0.094850 2.855348 4.609344
v 0.008905 2.841734 4.609355
v 0.008905 2.841724 4.609342
v 0.008905 2.841735 4.609349
v 0.008905 2.841731 4.609344
v -0.592685 -2.657331 -3.741735
v -0.592670 -2.657345 -3.741750
v -0.592699 -2.657351 -3.741733
v -0.592683 -2.657335 -3.741742
v -0.592688 -2.657339 -3.741735
v -0.592685 -2.657341 -3.741742
v -0.592676 -2.657344 -3.741748
v -0.592678 -2.657340 -3.741748
v -0.592682 -2.657342 -3.741746
v -0.592692 -2.657346 -3.741734
v -0.592687 -2.657347 -3.741742
v -0.592687 -2.657344 -3.741742
v -0.592699 -2.657351 -3.046343
v -0.592669 -2.657345 -3.046329
v -0.592685 -2.657331 -3.046343
v -0.592688 -2.657347 -3.046336
v -0.592692 -2.657346 -3.046343
v -0.592687 -2.657344 -3.046336
v -0.592677 -2.657340 -3.046331
v -0.592677 -2.657345 -3.046330
v -0.592682 -2.657342 -3.046332
v -0.592688 -2.657339 -3.046343
v -0.592683 -2.657335 -3.046336
v -0.592685 -2.657341 -3.046337
v 0.610495 -2.657331 -3.741735
v 0.610509 -2.657351 -3.741733
v 0.610480 -2.657345 -3.741750
v 0.610498 -2.657339 -3.741735
v 0.610493 -2.657335 -3.741742
v 0.610495 -2.657341 -3.741742
v 0.610498 -2.657347 -3.741742
v 0.610503 -2.657346 -3.741734
v 0.610497 -2.657344 -3.741742
v 0.610488 -2.657340 -3.741748
v 0.610487 -2.657344 -3.741748
v 0.610492 -2.657342 -3.741746
v 0.610509 -2.657351 -3.046343
v 0.610495 -2.657331 -3.046343
v 0.610479 -2.657345 -3.046329
v 0.610503 -2.657346 -3.046343
v 0.610498 -2.657347 -3.046336
v 0.610497 -2.657344 -3.046336
v 0.610493 -2.657334 -3.046336
v 0.610498 -2.657339 -3.046343
v 0.610495 -2.657341 -3.046336
v 0.610487 -2.657344 -3.046330
v 0.610487 -2.657340 -3.046330
v 0.610492 -2.657342 -3.046332
v 0.987655 -3.126986 -3.046324
v 0.987638 -3.126972 -3.046309
v 0.987650 -3.126985 -3.046317
v 0.987644 -3.126979 -3.046311
v 0.498271 -3.131403 -3.046309
v 0.498280 -3.131417 -3.046324
v 0.498274 -3.131410 -3.046311
v 0.498277 -3.131415 -3.046317
v 0.008905 -3.134884 -3.046309
v 0.008905 -3.134899 -3.046324
v 0.008905 -3.134892 -3.046311
v 0.008905 -3.134897 -3.046317
v -0.480461 -3.131403 -3.046309
v -0.480470 -3.131417 -3.046324
v -0.480464 -3.131410 -3.046311
v -0.480467 -3.131415 -3.046317
v -0.969828 -3.126972 -3.046309
v -0.969845 -3.126986 -3.046324
v -0.969833 -3.126979 -3.046311
v -0.969840 -3.126985 -3.046317
v -0.392142 -2.657345 -3.046314
v -0.392161 -2.657331 -3.046329
v -0.392166 -2.657354 -3.046314
v -0.392148 -2.657343 -3.046321
v -0.392150 -2.657346 -3.046314
v -0.392153 -2.657344 -3.046321
v -0.392161 -2.657340 -3.046327
v -0.392155 -2.657337 -3.046326
v -0.392157 -2.657342 -3.046325
v -0.392159 -2.657350 -3.046314
v -0.392163 -2.657348 -3.046321
v -0.392158 -2.657347 -3.046321
v -0.191625 -2.657345 -3.046314
v -0.191625 -2.657331 -3.046329
v -0.191625 -2.657343 -3.046321
v -0.191625 -2.657338 -3.046327
v 0.008905 -2.657345 -3.046314
v 0.008905 -2.657331 -3.046329
v 0.008905 -2.657343 -3.046321
v 0.008905 -2.657338 -3.046327
v 0.209435 -2.657345 -3.046314
v 0.209435 -2.657331 -3.046329
v 0.209435 -2.657343 -3.046321
v 0.209435 -2.657338 -3.046327
v 0.409952 -2.657345 -3.046314
v 0.409976 -2.657354 -3.046314
v 0.409972 -2.657331 -3.046329
v 0.409960 -2.657346 -3.046314
v 0.409958 -2.657343 -3.046321
v 0.409963 -2.657344 -3.046321
v 0.409973 -2.657349 -3.046321
v 0.409969 -2.657350 -3.046314
v 0.409968 -2.657346 -3.046321
v 0.409965 -2.657338 -3.046326
v 0.409971 -2.657340 -3.046326
v 0.409967 -2.657342 -3.046325
v -0.969845 -3.126986 -3.679756
v -0.969828 -3.126972 -3.679772
v -0.969841 -3.126985 -3.679764
v -0.969834 -3.126979 -3.679770
v -0.480462 -3.131403 -3.735825
v -0.480470 -3.131417 -3.735810
v -0.480464 -3.131410 -3.735823
v -0.480467 -3.131415 -3.735817
v 0.008905 -3.134884 -3.741750
v 0.008905 -3.134899 -3.741735
v 0.008905 -3.134892 -3.741748
v 0.008905 -3.134897 -3.741743
v 0.498272 -3.131403 -3.735825
v 0.498280 -3.131417 -3.735810
v 0.498275 -3.131410 -3.735823
v 0.498278 -3.131415 -3.735817
v 0.987638 -3.126972 -3.679772
v 0.987655 -3.126986 -3.679756
v 0.987645 -3.126979 -3.679770
v 0.987651 -3.126985 -3.679764
v -0.000487 3.462507 -3.820413
v -0.000487 3.462522 -3.820399
v -0.000487 3.462514 -3.820411
v -0.000487 3.462520 -3.820406
v 0.066057 3.455953 -3.820413
v 0.066060 3.455967 -3.820399
v 0.066059 3.455960 -3.820411
v 0.066060 3.455965 -3.820406
v 0.130044 3.436543 -3.820413
v 0.130050 3.436556 -3.820399
v 0.130047 3.436549 -3.820411
v 0.130049 3.436554 -3.820406
v 0.189015 3.405022 -3.820413
v 0.189023 3.405034 -3.820399
v 0.189019 3.405028 -3.820411
v 0.189022 3.405032 -3.820406
v 0.240704 3.362602 -3.820413
v 0.240714 3.362612 -3.820399
v 0.240709 3.362607 -3.820411
v 0.240712 3.362611 -3.820406
v 0.283124 3.310914 -3.820413
v 0.283135 3.310922 -3.820399
v 0.283129 3.310918 -3.820411
v 0.283134 3.310921 -3.820406
v 0.314644 3.251943 -3.820413
v 0.314657 3.251948 -3.820399
v 0.314651 3.251946 -3.820411
v 0.314655 3.251948 -3.820406
v 0.334054 3.187956 -3.820413
v 0.334068 3.187959 -3.820399
v 0.334061 3.187957 -3.820411
v 0.334066 3.187958 -3.820406
v 0.340608 3.121412 -3.820413
v 0.340623 3.121412 -3.820399
v 0.340615 3.121412 -3.820411
v 0.340621 3.121412 -3.820406
v 0.334054 3.054867 -3.820413
v 0.334068 3.054864 -3.820399
v 0.334061 3.054866 -3.820411
v 0.334066 3.054865 -3.820406
v 0.314644 2.990880 -3.820413
v 0.314657 2.990874 -3.820399
v 0.314651 2.990877 -3.820411
v 0.314655 2.990875 -3.820406
v 0.283123 2.931909 -3.820413
v 0.283135 2.931901 -3.820399
v 0.283129 2.931905 -3.820411
v 0.283134 2.931902 -3.820406
v 0.240704 2.880221 -3.820413
v 0.240714 2.880210 -3.820399
v 0.240709 2.880216 -3.820411
v 0.240712 2.880212 -3.820406
v 0.189015 2.837801 -3.820413
v 0.189023 2.837789 -3.820399
v 0.189019 2.837795 -3.820411
v 0.189022 2.837790 -3.820406
v 0.130044 2.806280 -3.820413
v 0.130050 2.806267 -3.820399
v 0.130047 2.806273 -3.820411
v 0.130049 2.806268 -3.820406
v 0.066057 2.786870 -3.820413
v 0.066060 2.786855 -3.820399
v 0.066058 2.786863 -3.820411
v 0.066059 2.786857 -3.820406
v -0.000487 2.780316 -3.820413
v -0.000487 2.780302 -3.820399
v -0.000487 2.780309 -3.820411
v -0.000487 2.780303 -3.820406
v -0.067032 2.786870 -3.820413
v -0.067035 2.786856 -3.820399
v -0.067033 2.786863 -3.820411
v -0.067034 2.786858 -3.820406
v -0.131019 2.806280 -3.820413
v -0.131025 2.806267 -3.820399
v -0.131022 2.806274 -3.820411
v -0.131024 2.806269 -3.820406
v -0.189990 2.837801 -3.820413
v -0.189998 2.837789 -3.820399
v -0.189994 2.837795 -3.820411
v -0.189997 2.837790 -3.820406
v -0.241679 2.880221 -3.820413
v -0.241689 2.880210 -3.820399
v -0.241684 2.880216 -3.820411
v -0.241687 2.880212 -3.820406
v -0.284098 2.931909 -3.820413
v -0.284110 2.931901 -3.820399
v -0.284104 2.931905 -3.820411
v -0.284108 2.931902 -3.820406
v -0.315619 2.990880 -3.820413
v -0.315632 2.990874 -3.820399
v -0.315626 2.990877 -3.820411
v -0.315630 2.990875 -3.820406
v -0.335029 3.054867 -3.820413
v -0.335043 3.054864 -3.820399
v -0.335036 3.054866 -3.820411
v -0.335041 3.054865 -3.820406
v -0.341583 3.121412 -3.820413
v -0.341597 3.121412 -3.820399
v -0.341590 3.121412 -3.820411
v -0.341596 3.121412 -3.820406
v -0.335029 3.187956 -3.820413
v -0.335043 3.187959 -3.820399
v -0.335036 3.187958 -3.820411
v -0.335041 3.187959 -3.820406
v -0.315619 3.251943 -3.820413
v -0.315632 3.251949 -3.820399
v -0.315625 3.251946 -3.820411
v -0.315630 3.251948 -3.820406
v -0.284098 3.310915 -3.820413
v -0.284110 3.310923 -3.820399
v -0.284104 3.310919 -3.820411
v -0.284108 3.310921 -3.820406
v -0.241678 3.362603 -3.820413
v -0.241688 3.362613 -3.820399
v -0.241683 3.362608 -3.820411
v -0.241687 3.362612 -3.820406
v -0.189990 3.405023 -3.820413
v -0.189998 3.405035 -3.820399
v -0.189994 3.405028 -3.820411
v -0.189997 3.405033 -3.820406
v -0.131019 3.436543 -3.820413
v -0.131024 3.436556 -3.820399
v -0.131021 3.436550 -3.820411
v -0.131023 3.436554 -3.820406
v -0.067032 3.455954 -3.820413
v -0.067034 3.455967 -3.820399
v -0.067033 3.455961 -3.820411
v -0.067034 3.455966 -3.820406
v -1.352771 -3.066129 -3.571786
v -1.352823 -3.066147 -3.571760
v -1.352787 -3.066132 -3.571781
v -1.352806 -3.066139 -3.571772
v -1.339389 -3.122670 -3.581767
v -1.339391 -3.122684 -3.581752
v -1.339390 -3.122677 -3.581764
v -1.339391 -3.122682 -3.581759
v -1.384408 -3.087366 -3.563061
v -1.384424 -3.087368 -3.563041
v -1.384406 -3.087348 -3.563045
v -1.384415 -3.087366 -3.563056
v -1.384409 -3.087358 -3.563057
v -1.384414 -3.087359 -3.563054
v -1.384419 -3.087361 -3.563042
v -1.384421 -3.087367 -3.563048
v -1.384417 -3.087361 -3.563049
v -1.384408 -3.087351 -3.563052
v -1.384413 -3.087353 -3.563044
v -1.384413 -3.087356 -3.563050
v -1.392943 -3.105542 -3.561899
v -1.392949 -3.105556 -3.561883
v -1.392954 -3.105534 -3.561880
v -1.392946 -3.105549 -3.561896
v -1.392948 -3.105538 -3.561895
v -1.392951 -3.105545 -3.561893
v -1.392953 -3.105550 -3.561881
v -1.392948 -3.105554 -3.561891
v -1.392952 -3.105548 -3.561888
v -1.392952 -3.105536 -3.561888
v -1.392955 -3.105542 -3.561880
v -1.392954 -3.105543 -3.561888
v -1.377143 -3.117939 -3.568465
v -1.377134 -3.117955 -3.568455
v -1.377160 -3.117944 -3.568445
v -1.377141 -3.117947 -3.568464
v -1.377150 -3.117942 -3.568460
v -1.377147 -3.117947 -3.568461
v -1.377143 -3.117953 -3.568451
v -1.377138 -3.117952 -3.568460
v -1.377144 -3.117951 -3.568458
v -1.377156 -3.117944 -3.568453
v -1.377152 -3.117949 -3.568448
v -1.377150 -3.117948 -3.568456
v -1.339389 -3.122670 -3.046309
v -1.339391 -3.122684 -3.046324
v -1.339389 -3.122677 -3.046311
v -1.339390 -3.122682 -3.046317
v -1.352763 -3.066124 -3.046309
v -1.352823 -3.066147 -3.046324
v -1.352781 -3.066128 -3.046311
v -1.352802 -3.066137 -3.046317
v -1.377143 -3.117939 -3.046309
v -1.377159 -3.117944 -3.046324
v -1.377134 -3.117955 -3.046324
v -1.377149 -3.117942 -3.046312
v -1.377141 -3.117947 -3.046312
v -1.377146 -3.117948 -3.046313
v -1.377152 -3.117949 -3.046324
v -1.377155 -3.117944 -3.046317
v -1.377150 -3.117949 -3.046317
v -1.377137 -3.117953 -3.046317
v -1.377143 -3.117953 -3.046324
v -1.377144 -3.117951 -3.046317
v -1.392942 -3.105543 -3.046309
v -1.392954 -3.105534 -3.046324
v -1.392949 -3.105556 -3.046324
v -1.392948 -3.105539 -3.046311
v -1.392946 -3.105550 -3.046311
v -1.392951 -3.105546 -3.046313
v -1.392956 -3.105542 -3.046324
v -1.392952 -3.105536 -3.046317
v -1.392954 -3.105543 -3.046317
v -1.392948 -3.105555 -3.046317
v -1.392954 -3.105550 -3.046324
v -1.392953 -3.105549 -3.046317
v -1.384407 -3.087365 -3.046309
v -1.384406 -3.087348 -3.046324
v -1.384424 -3.087368 -3.046324
v -1.384408 -3.087357 -3.046311
v -1.384415 -3.087365 -3.046311
v -1.384413 -3.087359 -3.046313
v -1.384412 -3.087353 -3.046324
v -1.384408 -3.087350 -3.046317
v -1.384413 -3.087356 -3.046317
v -1.384421 -3.087366 -3.046317
v -1.384419 -3.087361 -3.046324
v -1.384417 -3.087360 -3.046317
v 1.357199 -3.122670 -3.581767
v 1.357201 -3.122684 -3.581752
v 1.357200 -3.122677 -3.581764
v 1.357201 -3.122682 -3.581759
v 1.370581 -3.066130 -3.571789
v 1.370633 -3.066147 -3.571760
v 1.370597 -3.066133 -3.571782
v 1.370616 -3.066140 -3.571772
v 1.394953 -3.117939 -3.568465
v 1.394970 -3.117944 -3.568445
v 1.394944 -3.117955 -3.568455
v 1.394960 -3.117943 -3.568460
v 1.394951 -3.117947 -3.568464
v 1.394957 -3.117948 -3.568461
v 1.394962 -3.117949 -3.568448
v 1.394966 -3.117944 -3.568453
v 1.394960 -3.117948 -3.568456
v 1.394948 -3.117952 -3.568460
v 1.394953 -3.117953 -3.568451
v 1.394954 -3.117951 -3.568458
v 1.410753 -3.105542 -3.561899
v 1.410764 -3.105534 -3.561880
v 1.410759 -3.105556 -3.561883
v 1.410758 -3.105538 -3.561895
v 1.410756 -3.105549 -3.561896
v 1.410761 -3.105545 -3.561893
v 1.410765 -3.105542 -3.561880
v 1.410763 -3.105536 -3.561888
v 1.410764 -3.105543 -3.561888
v 1.410758 -3.105554 -3.561891
v 1.410764 -3.105550 -3.561881
v 1.410763 -3.105548 -3.561889
v 1.402218 -3.087366 -3.563061
v 1.402216 -3.087348 -3.563045
v 1.402234 -3.087368 -3.563041
v 1.402219 -3.087358 -3.563057
v 1.402225 -3.087366 -3.563056
v 1.402224 -3.087359 -3.563055
v 1.402223 -3.087354 -3.563044
v 1.402218 -3.087351 -3.563052
v 1.402223 -3.087356 -3.563050
v 1.402231 -3.087367 -3.563049
v 1.402229 -3.087361 -3.563042
v 1.402227 -3.087361 -3.563049
v 1.370573 -3.066124 -3.046309
v 1.370633 -3.066147 -3.046324
v 1.370591 -3.066128 -3.046311
v 1.370612 -3.066137 -3.046317
v 1.357199 -3.122670 -3.046309
v 1.357201 -3.122684 -3.046324
v 1.357200 -3.122677 -3.046311
v 1.357200 -3.122682 -3.046317
v 1.402217 -3.087365 -3.046309
v 1.402234 -3.087368 -3.046324
v 1.402216 -3.087348 -3.046324
v 1.402225 -3.087366 -3.046311
v 1.402218 -3.087357 -3.046311
v 1.402224 -3.087359 -3.046313
v 1.402229 -3.087361 -3.046324
v 1.402231 -3.087367 -3.046317
v 1.402227 -3.087361 -3.046317
v 1.402218 -3.087350 -3.046317
v 1.402223 -3.087353 -3.046324
v 1.402223 -3.087356 -3.046317
v 1.410752 -3.105543 -3.046309
v 1.410759 -3.105556 -3.046324
v 1.410764 -3.105534 -3.046324
v 1.410756 -3.105549 -3.046311
v 1.410758 -3.105538 -3.046311
v 1.410761 -3.105545 -3.046313
v 1.410764 -3.105549 -3.046324
v 1.410758 -3.105554 -3.046317
v 1.410763 -3.105548 -3.046317
v 1.410762 -3.105535 -3.046317
v 1.410766 -3.105541 -3.046324
v 1.410764 -3.105542 -3.046317
v 1.394953 -3.117939 -3.046309
v 1.394944 -3.117955 -3.046324
v 1.394970 -3.117944 -3.046324
v 1.394951 -3.117947 -3.046312
v 1.394960 -3.117942 -3.046312
v 1.394956 -3.117948 -3.046313
v 1.394953 -3.117952 -3.046324
v 1.394947 -3.117953 -3.046317
v 1.394954 -3.117951 -3.046317
v 1.394966 -3.117944 -3.046317
v 1.394962 -3.117949 -3.046324
v 1.394960 -3.117949 -3.046317
v -0.436868 -2.699043 -3.046306
v -0.436915 -2.699067 -3.046320
v -0.436864 -2.699052 -3.046306
v -0.436881 -2.699052 -3.046313
v -0.436871 -2.699048 -3.046306
v -0.436879 -2.699052 -3.046313
v -0.436898 -2.699059 -3.046318
v -0.436898 -2.699061 -3.046318
v -0.436888 -2.699056 -3.046316
v -0.436870 -2.699050 -3.046306
v -0.436880 -2.699054 -3.046313
v -0.436879 -2.699053 -3.046313
v -0.213987 -2.699393 -3.046306
v -0.213995 -2.699408 -3.046320
v -0.213989 -2.699395 -3.046313
v -0.213993 -2.699400 -3.046318
v 0.008905 -2.699662 -3.046306
v 0.008905 -2.699676 -3.046320
v 0.008905 -2.699664 -3.046313
v 0.008905 -2.699669 -3.046318
v 0.231797 -2.699393 -3.046306
v 0.231806 -2.699408 -3.046320
v 0.231800 -2.699395 -3.046313
v 0.231803 -2.699400 -3.046318
v 0.454678 -2.699043 -3.046306
v 0.454674 -2.699052 -3.046306
v 0.454725 -2.699067 -3.046320
v 0.454681 -2.699048 -3.046306
v 0.454691 -2.699052 -3.046313
v 0.454689 -2.699052 -3.046312
v 0.454690 -2.699054 -3.046313
v 0.454680 -2.699050 -3.046306
v 0.454689 -2.699053 -3.046313
v 0.454708 -2.699061 -3.046318
v 0.454709 -2.699060 -3.046318
v 0.454698 -2.699056 -3.046317
v -0.392142 -2.656580 0.435487
v -0.392166 -2.656590 0.435487
v -0.392150 -2.656582 0.435487
v -0.392159 -2.656585 0.435487
v 0.409977 -2.656590 0.435487
v 0.409952 -2.656580 0.435487
v 0.409969 -2.656585 0.435487
v 0.409960 -2.656582 0.435487
v -0.436868 -2.698278 0.435487
v -0.436864 -2.698288 0.435487
v -0.436871 -2.698283 0.435487
v -0.436870 -2.698287 0.435487
v 0.454674 -2.694180 0.435487
v 0.454678 -2.694171 0.435487
v 0.454680 -2.694179 0.435487
v 0.454681 -2.694176 0.435487
v 0.260169 2.937031 -3.741780
v 0.260189 2.937052 -3.741766
v 0.260192 2.937052 -3.741766
v 0.260177 2.937039 -3.741780
v 0.260178 2.937037 -3.741778
v 0.260173 2.937043 -3.741780
v 0.260181 2.937048 -3.741778
v 0.260190 2.937057 -3.741766
v 0.260185 2.937045 -3.741774
v 0.260188 2.937054 -3.741774
v 0.260190 2.937048 -3.741774
v 0.260191 2.937057 -3.741766
v 0.260189 2.937054 -3.741774
v 0.260175 2.937046 -3.741780
v 0.260185 2.937044 -3.741779
v 0.260184 2.937050 -3.741778
v -0.241578 2.923692 -3.053051
v -0.241568 2.923692 -3.053037
v -0.241576 2.923695 -3.053046
v -0.241573 2.923695 -3.053041
v -0.241560 2.923696 -3.741750
v -0.241577 2.923706 -3.741735
v -0.241568 2.923701 -3.741748
v -0.241575 2.923705 -3.741743
v -0.077034 2.855351 -3.738382
v -0.077044 2.855342 -3.738369
v -0.077036 2.855351 -3.738375
v -0.077040 2.855348 -3.738370
v -0.162973 2.876384 -3.738382
v -0.162992 2.876378 -3.738369
v -0.162978 2.876385 -3.738375
v -0.162985 2.876383 -3.738370
v 0.259387 2.933480 -3.741735
v 0.259370 2.933467 -3.741750
v 0.259385 2.933478 -3.741743
v 0.259378 2.933474 -3.741748
v -0.242367 2.926980 -3.741780
v -0.242382 2.926991 -3.741766
v -0.242378 2.926991 -3.741766
v -0.242359 2.926974 -3.741780
v -0.242375 2.926984 -3.741779
v -0.242365 2.926987 -3.741780
v -0.242373 2.926991 -3.741779
v -0.242381 2.926996 -3.741766
v -0.242380 2.926987 -3.741774
v -0.242379 2.926994 -3.741774
v -0.242375 2.926985 -3.741774
v -0.242380 2.926996 -3.741766
v -0.242377 2.926993 -3.741774
v -0.242363 2.926985 -3.741780
v -0.242368 2.926979 -3.741778
v -0.242372 2.926989 -3.741778
v 0.259388 2.933466 -3.053051
v 0.259379 2.933466 -3.053037
v 0.259386 2.933468 -3.053046
v 0.259383 2.933468 -3.053041
v -0.000487 3.452050 -3.805990
v -0.000487 3.452065 -3.805976
v -0.000487 3.452058 -3.805988
v -0.000487 3.452063 -3.805983
v 0.064017 3.445697 -3.805990
v 0.064020 3.445711 -3.805976
v 0.064019 3.445704 -3.805988
v 0.064020 3.445709 -3.805983
v 0.126043 3.426882 -3.805990
v 0.126048 3.426895 -3.805976
v 0.126045 3.426888 -3.805988
v 0.126047 3.426893 -3.805983
v 0.183206 3.396327 -3.805990
v 0.183214 3.396339 -3.805976
v 0.183210 3.396333 -3.805988
v 0.183213 3.396338 -3.805983
v 0.233309 3.355208 -3.805990
v 0.233320 3.355218 -3.805976
v 0.233315 3.355213 -3.805988
v 0.233318 3.355217 -3.805983
v 0.274429 3.305105 -3.805990
v 0.274441 3.305113 -3.805976
v 0.274435 3.305109 -3.805988
v 0.274439 3.305112 -3.805983
v 0.304983 3.247941 -3.805990
v 0.304996 3.247947 -3.805976
v 0.304990 3.247944 -3.805988
v 0.304994 3.247946 -3.805983
v 0.323798 3.185916 -3.805990
v 0.323812 3.185919 -3.805976
v 0.323805 3.185917 -3.805988
v 0.323810 3.185918 -3.805983
v 0.330151 3.121412 -3.805990
v 0.330166 3.121412 -3.805976
v 0.330159 3.121412 -3.805988
v 0.330164 3.121412 -3.805983
v 0.323798 3.056907 -3.805990
v 0.323812 3.056904 -3.805976
v 0.323805 3.056906 -3.805988
v 0.323810 3.056905 -3.805983
v 0.304983 2.994881 -3.805990
v 0.304996 2.994876 -3.805976
v 0.304990 2.994879 -3.805988
v 0.304995 2.994877 -3.805983
v 0.274429 2.937718 -3.805990
v 0.274441 2.937710 -3.805976
v 0.274435 2.937714 -3.805988
v 0.274439 2.937711 -3.805983
v 0.233310 2.887615 -3.805990
v 0.233320 2.887605 -3.805976
v 0.233315 2.887610 -3.805988
v 0.233318 2.887606 -3.805983
v 0.183206 2.846495 -3.805990
v 0.183214 2.846483 -3.805976
v 0.183210 2.846489 -3.805988
v 0.183213 2.846485 -3.805983
v 0.126043 2.815941 -3.805990
v 0.126048 2.815928 -3.805976
v 0.126045 2.815934 -3.805988
v 0.126047 2.815929 -3.805983
v 0.064017 2.797125 -3.805990
v 0.064020 2.797112 -3.805976
v 0.064018 2.797118 -3.805988
v 0.064019 2.797113 -3.805983
v -0.000487 2.790268 -3.805990
v -0.000487 2.790253 -3.805976
v -0.000487 2.790261 -3.805988
v -0.000487 2.790255 -3.805983
v -0.064992 2.797126 -3.805990
v -0.064995 2.797112 -3.805976
v -0.064993 2.797119 -3.805988
v -0.064994 2.797114 -3.805983
v -0.127018 2.815941 -3.805990
v -0.127023 2.815928 -3.805976
v -0.127020 2.815935 -3.805988
v -0.127022 2.815930 -3.805983
v -0.184181 2.846495 -3.805990
v -0.184189 2.846483 -3.805976
v -0.184185 2.846489 -3.805988
v -0.184188 2.846485 -3.805983
v -0.234285 2.887615 -3.805990
v -0.234295 2.887605 -3.805976
v -0.234290 2.887610 -3.805988
v -0.234293 2.887606 -3.805983
v -0.275404 2.937718 -3.805990
v -0.275416 2.937710 -3.805976
v -0.275410 2.937714 -3.805988
v -0.275414 2.937711 -3.805983
v -0.305958 2.994881 -3.805990
v -0.305971 2.994876 -3.805976
v -0.305965 2.994879 -3.805988
v -0.305969 2.994877 -3.805983
v -0.324773 3.056907 -3.805990
v -0.324787 3.056904 -3.805976
v -0.324780 3.056906 -3.805988
v -0.324785 3.056905 -3.805983
v -0.331126 3.121412 -3.805990
v -0.331141 3.121412 -3.805976
v -0.331133 3.121412 -3.805988
v -0.331139 3.121412 -3.805983
v -0.324773 3.185916 -3.805990
v -0.324787 3.185919 -3.805976
v -0.324780 3.185918 -3.805988
v -0.324785 3.185919 -3.805983
v -0.305967 3.247960 -3.806005
v -0.305975 3.247935 -3.805976
v -0.305970 3.247952 -3.805995
v -0.305972 3.247943 -3.805985
v -0.272166 3.302958 -3.053086
v -0.272168 3.302956 -3.052795
v -0.272167 3.302957 -3.052989
v -0.272167 3.302957 -3.052892
v -0.234304 3.355211 -3.806005
v -0.234284 3.355227 -3.805976
v -0.234298 3.355216 -3.805995
v -0.234291 3.355222 -3.805985
v -0.184180 3.396328 -3.805990
v -0.184188 3.396340 -3.805976
v -0.184184 3.396334 -3.805988
v -0.184187 3.396338 -3.805983
v -0.127017 3.426882 -3.805990
v -0.127022 3.426895 -3.805976
v -0.127020 3.426889 -3.805988
v -0.127022 3.426893 -3.805983
v -0.064992 3.445698 -3.805990
v -0.064994 3.445712 -3.805976
v -0.064993 3.445704 -3.805988
v -0.064994 3.445709 -3.805983
v -0.000487 3.462507 -3.052674
v -0.000487 3.462522 -3.052689
v -0.000487 3.462514 -3.052676
v -0.000487 3.462520 -3.052681
v 0.066060 3.455967 -3.052689
v 0.066057 3.455954 -3.052674
v 0.066060 3.455966 -3.052681
v 0.066058 3.455961 -3.052676
v 0.130050 3.436556 -3.052689
v 0.130044 3.436543 -3.052674
v 0.130049 3.436554 -3.052681
v 0.130047 3.436550 -3.052676
v 0.189023 3.405035 -3.052689
v 0.189015 3.405023 -3.052674
v 0.189022 3.405033 -3.052681
v 0.189019 3.405028 -3.052676
v 0.240714 3.362612 -3.052689
v 0.240704 3.362602 -3.052674
v 0.240713 3.362611 -3.052681
v 0.240709 3.362607 -3.052676
v 0.283135 3.310922 -3.052689
v 0.283123 3.310914 -3.052674
v 0.283134 3.310921 -3.052681
v 0.283129 3.310918 -3.052676
v 0.314657 3.251948 -3.052689
v 0.314644 3.251943 -3.052674
v 0.314655 3.251948 -3.052681
v 0.314651 3.251946 -3.052676
v 0.334068 3.187959 -3.052689
v 0.334054 3.187956 -3.052674
v 0.334066 3.187958 -3.052681
v 0.334061 3.187957 -3.052676
v 0.340623 3.121412 -3.052689
v 0.340608 3.121412 -3.052674
v 0.340621 3.121412 -3.052681
v 0.340615 3.121412 -3.052676
v 0.334068 3.054864 -3.052689
v 0.334054 3.054867 -3.052674
v 0.334066 3.054865 -3.052681
v 0.334061 3.054866 -3.052676
v 0.314657 2.990874 -3.052689
v 0.314644 2.990880 -3.052674
v 0.314655 2.990875 -3.052681
v 0.314651 2.990877 -3.052676
v 0.283135 2.931901 -3.052689
v 0.283123 2.931909 -3.052674
v 0.283134 2.931902 -3.052681
v 0.283129 2.931905 -3.052676
v 0.240714 2.880210 -3.052689
v 0.240704 2.880221 -3.052674
v 0.240712 2.880212 -3.052681
v 0.240709 2.880216 -3.052676
v 0.189023 2.837789 -3.052689
v 0.189015 2.837801 -3.052674
v 0.189022 2.837790 -3.052681
v 0.189019 2.837795 -3.052676
v 0.130050 2.806267 -3.052689
v 0.130044 2.806280 -3.052674
v 0.130049 2.806268 -3.052681
v 0.130047 2.806273 -3.052676
v 0.066060 2.786855 -3.052689
v 0.066057 2.786870 -3.052674
v 0.066059 2.786857 -3.052681
v 0.066058 2.786863 -3.052676
v -0.000487 2.780302 -3.052689
v -0.000487 2.780316 -3.052674
v -0.000487 2.780303 -3.052681
v -0.000487 2.780309 -3.052676
v -0.067035 2.786856 -3.052689
v -0.067032 2.786870 -3.052674
v -0.067034 2.786858 -3.052681
v -0.067033 2.786863 -3.052676
v -0.131025 2.806267 -3.052689
v -0.131019 2.806280 -3.052674
v -0.131024 2.806269 -3.052681
v -0.131022 2.806274 -3.052676
v -0.189998 2.837789 -3.052689
v -0.189990 2.837801 -3.052674
v -0.189997 2.837790 -3.052681
v -0.189994 2.837795 -3.052676
v -0.241689 2.880210 -3.052689
v -0.241679 2.880221 -3.052674
v -0.241687 2.880212 -3.052681
v -0.241684 2.880216 -3.052676
v -0.284110 2.931901 -3.052689
v -0.284098 2.931909 -3.052674
v -0.284108 2.931902 -3.052681
v -0.284104 2.931905 -3.052676
v -0.315632 2.990874 -3.052689
v -0.315619 2.990880 -3.052674
v -0.315630 2.990875 -3.052681
v -0.315625 2.990877 -3.052676
v -0.335043 3.054864 -3.052689
v -0.335029 3.054867 -3.052674
v -0.335041 3.054865 -3.052681
v -0.335036 3.054866 -3.052676
v -0.341597 3.121412 -3.052689
v -0.341583 3.121412 -3.052674
v -0.341596 3.121412 -3.052681
v -0.341590 3.121412 -3.052676
v -0.335043 3.187959 -3.052689
v -0.335029 3.187956 -3.052674
v -0.335041 3.187959 -3.052681
v -0.335036 3.187958 -3.052676
v -0.315632 3.251949 -3.052689
v -0.315619 3.251943 -3.052674
v -0.315630 3.251948 -3.052681
v -0.315625 3.251946 -3.052676
v -0.284110 3.310923 -3.052689
v -0.284098 3.310915 -3.052674
v -0.284108 3.310921 -3.052681
v -0.284104 3.310919 -3.052676
v -0.241688 3.362613 -3.052689
v -0.241678 3.362603 -3.052674
v -0.241687 3.362611 -3.052681
v -0.241683 3.362608 -3.052676
v -0.189998 3.405035 -3.052689
v -0.189990 3.405023 -3.052674
v -0.189997 3.405033 -3.052681
v -0.189994 3.405028 -3.052676
v -0.131024 3.436556 -3.052689
v -0.131019 3.436543 -3.052674
v -0.131023 3.436554 -3.052681
v -0.131021 3.436550 -3.052676
v -0.067034 3.455967 -3.052689
v -0.067031 3.455954 -3.052674
v -0.067034 3.455966 -3.052681
v -0.067033 3.455961 -3.052676
v -0.257418 2.569426 -3.052748
v -0.257401 2.569425 -3.052734
v -0.257416 2.569426 -3.052741
v -0.257410 2.569425 -3.052736
v 0.275229 2.569426 -3.052748
v 0.275212 2.569425 -3.052734
v 0.275226 2.569426 -3.052741
v 0.275220 2.569425 -3.052736
v -0.257418 2.569426 -3.741735
v -0.257403 2.569426 -3.741750
v -0.257416 2.569426 -3.741743
v -0.257411 2.569426 -3.741748
v 0.275213 2.569426 -3.741750
v 0.275229 2.569426 -3.741735
v 0.275221 2.569426 -3.741748
v 0.275226 2.569426 -3.741743
v 0.180803 2.876378 -3.738369
v 0.180783 2.876384 -3.738382
v 0.180795 2.876383 -3.738370
v 0.180788 2.876385 -3.738375
v 0.094854 2.855342 -3.738369
v 0.094844 2.855351 -3.738382
v 0.094850 2.855348 -3.738370
v 0.094846 2.855351 -3.738375
v 0.008905 2.841724 -3.738369
v 0.008905 2.841734 -3.738382
v 0.008905 2.841731 -3.738370
v 0.008905 2.841735 -3.738375
vt -5.458848 2.767178
vt -6.635235 2.767204
vt -6.635289 2.773306
vt 0.511872 -5.913181
vt 0.369253 -5.913181
vt 0.365077 -5.907428
vt 0.511872 -5.907428
vt 0.226634 -5.913181
vt 0.218282 -5.907428
vt 0.654490 -5.913181
vt 0.658666 -5.907428
vt 0.939698 -5.913181
vt 0.797108 -5.913181
vt 0.805462 -5.907428
vt 0.941063 -5.913232
vt 0.966758 2.145351
vt 0.056986 2.145351
vt 0.084030 2.750485
vt 0.939713 2.767180
vt -6.635236 2.750509
vt -5.458849 2.750483
vt -6.635289 2.756121
vt 0.084045 -5.913181
vt 0.082679 -5.913232
vt 0.495828 3.646337
vt 0.386945 3.635613
vt 0.282245 3.603853
vt 0.185753 3.552277
vt 0.101177 3.482867
vt 0.031768 3.398292
vt -0.019808 3.301800
vt -0.051569 3.197100
vt -0.062293 3.088216
vt -0.051569 2.979332
vt -0.019809 2.874632
vt 0.031767 2.778141
vt 0.101177 2.693565
vt 0.185753 2.624155
vt 0.282244 2.572580
vt 0.386944 2.540819
vt 0.495828 2.529232
vt 0.604712 2.540819
vt 0.709411 2.572579
vt 0.805904 2.624155
vt 0.890479 2.693565
vt 0.959888 2.778141
vt 1.011465 2.874632
vt 1.043225 2.979332
vt 1.053949 3.088216
vt 1.043225 3.197100
vt 1.011465 3.301799
vt 0.959888 3.398292
vt 0.890479 3.482867
vt 0.805904 3.552277
vt 0.709412 3.603853
vt 0.604712 3.635613
vt 7.635237 2.750509
vt 7.635289 2.756121
vt 6.458850 2.750483
vt 0.369253 8.357340
vt 0.365076 8.351586
vt 0.218282 8.351585
vt 0.226634 8.357340
vt 6.458849 2.767178
vt 7.635289 2.773306
vt 7.635237 2.767204
vt 0.654490 8.357340
vt 0.658666 8.351586
vt 0.511872 8.351586
vt 0.511872 8.357340
vt 0.939698 8.357340
vt 0.941063 8.357391
vt 0.805462 8.351585
vt 0.797108 8.357340
vt 0.082679 8.357391
vt 0.084045 8.357340
vt 0.966758 2.145351
vt 0.939713 2.767180
vt 0.084030 2.750485
vt 0.056986 2.145351
vt 0.495828 3.646337
vt 0.604712 3.635613
vt 0.709412 3.603853
vt 0.805904 3.552277
vt 0.890479 3.482867
vt 0.959888 3.398292
vt 1.011465 3.301799
vt 1.043225 3.197100
vt 1.053949 3.088216
vt 1.043225 2.979332
vt 1.011465 2.874632
vt 0.959888 2.778141
vt 0.890479 2.693565
vt 0.805904 2.624155
vt 0.709411 2.572579
vt 0.604712 2.540819
vt 0.495828 2.529232
vt 0.386944 2.540819
vt 0.282244 2.572580
vt 0.185753 2.624155
vt 0.101177 2.693565
vt 0.031767 2.778141
vt -0.019809 2.874632
vt -0.051569 2.979332
vt -0.062293 3.088216
vt -0.051569 3.197100
vt -0.019808 3.301800
vt 0.031768 3.398292
vt 0.101177 3.482867
vt 0.185753 3.552277
vt 0.282245 3.603853
vt 0.386945 3.635613
vt 0.941070 -5.913233
vt 0.941080 -5.913233
vt 0.941073 -5.913233
vt -6.635301 2.773293
vt -6.635301 2.773308
vt -6.635289 2.773316
vt 0.941073 -5.913233
vt 0.941078 -5.913233
vt 0.082669 -5.913233
vt 0.082662 -5.913233
vt 0.082672 -5.913233
vt 0.082649 -5.913234
vt 0.082646 -5.913234
vt -6.635289 2.756129
vt -6.635302 2.756124
vt -6.635301 2.756109
vt 0.941073 8.357391
vt 0.941080 8.357391
vt 0.941070 8.357390
vt 0.941094 8.357391
vt 0.941098 8.357392
vt 7.635289 2.773316
vt 7.635301 2.773309
vt 7.635301 2.773293
vt 0.941098 8.357392
vt 0.941096 8.357392
vt 7.635301 2.756109
vt 7.635302 2.756124
vt 7.635289 2.756130
vt 0.082665 8.357391
vt 0.082653 8.357391
vt 0.082648 8.357392
vt 0.082659 8.357391
vt 0.082673 8.357390
vt 0.082662 8.357391
vt 0.218274 -5.907418
vt 0.365073 -5.907417
vt 0.805470 -5.907418
vt 0.658669 -5.907417
vt 0.511871 -5.907418
vt 0.056971 2.145353
vt 0.084023 2.750489
vt 0.939721 2.767184
vt 0.966772 2.145353
vt -6.635248 2.750506
vt 0.084016 -5.913181
vt 0.084033 -5.913181
vt -6.635248 2.767201
vt 0.939728 -5.913181
vt 0.939708 -5.913181
vt -5.458856 2.767184
vt -5.458856 2.750489
vt 0.218274 8.351576
vt 0.365073 8.351576
vt 0.805470 8.351576
vt 0.658669 8.351575
vt 0.511871 8.351577
vt 0.084023 2.750489
vt 0.056971 2.145353
vt 0.966772 2.145353
vt 0.939721 2.767184
vt 0.084033 8.357339
vt 0.082649 8.357392
vt 0.084016 8.357340
vt 7.635249 2.750506
vt 0.939708 8.357341
vt 0.939728 8.357340
vt 7.635249 2.767201
vt 6.458857 2.767184
vt 6.458857 2.750489
vt -0.173191 -6.782624
vt -0.515695 -6.782647
vt 0.208595 2.145353
vt 2.837878 -4.725304
vt 1.539489 -4.725336
vt 1.539489 -5.913151
vt 2.837878 -5.622818
vt -6.635236 -6.782623
vt -5.447415 -6.782623
vt -5.458357 2.145353
vt -6.635236 2.145353
vt 1.196935 -6.782647
vt 1.539440 -6.782647
vt 0.966760 2.145353
vt 0.815148 2.145353
vt -0.515697 -6.782648
vt -0.173192 -6.782647
vt 0.208595 2.145353
vt 0.056983 2.145353
vt -1.791191 -4.725303
vt -1.159961 -4.725303
vt -1.159961 -5.807287
vt -1.791191 -5.639885
vt -1.159931 -7.584831
vt -0.249646 -6.853914
vt 0.131129 -6.854496
vt -0.324030 -7.592400
vt 0.511872 -6.854955
vt 0.511872 -7.598347
vt 2.183704 -4.725303
vt 2.814935 -4.725303
vt 2.814935 -5.639885
vt 2.183704 -5.807287
vt 1.347773 -7.592400
vt 0.892614 -6.854496
vt 1.273389 -6.853914
vt 2.183674 -7.584831
vt 0.609495 3.659655
vt 0.718793 3.626500
vt 0.819523 3.572660
vt 0.907814 3.500201
vt 0.980272 3.411910
vt 1.034113 3.311181
vt 1.067268 3.201883
vt 1.078464 3.088217
vt 1.067268 2.974550
vt 1.034113 2.865251
vt 0.980272 2.764521
vt 0.907814 2.676231
vt 0.819523 2.603772
vt 0.718793 2.549930
vt 0.609494 2.516774
vt 0.495828 2.505579
vt 0.382161 2.516775
vt 0.272863 2.549931
vt 0.172133 2.603772
vt 0.083842 2.676230
vt 0.011384 2.764521
vt -0.042458 2.865251
vt -0.075613 2.974549
vt -0.086808 3.088216
vt -0.075612 3.201883
vt -0.042457 3.311181
vt 0.011384 3.411911
vt 0.083843 3.500201
vt 0.172134 3.572660
vt 0.272864 3.626501
vt 0.382162 3.659657
vt 0.495828 3.670851
vt 2.183675 -7.584832
vt 0.854403 -6.782647
vt 1.347773 -7.592401
vt 0.511872 -6.782647
vt 0.511872 -7.598347
vt 0.169339 -6.782647
vt -0.324030 -7.592401
vt 1.196953 -4.725287
vt 1.273309 -4.725273
vt 1.273309 1.222080
vt 1.196953 1.222080
vt -0.173168 -4.725287
vt 0.169340 -4.725286
vt 0.169340 1.222080
vt -0.173168 1.222080
vt 1.273303 -4.725273
vt 0.892599 -4.725273
vt 0.892599 1.222080
vt 1.273303 1.222080
vt 1.196934 -6.782624
vt 0.854403 -6.782623
vt 0.663510 2.145353
vt 0.815148 2.145353
vt 0.382157 -4.736175
vt 0.495828 -4.736175
vt 0.495828 -6.047524
vt 0.382157 -6.047523
vt 0.718803 -4.736175
vt 0.819537 -4.736175
vt 0.819537 -6.047524
vt 0.718803 -6.047523
vt 0.907831 -4.736175
vt 0.907831 -6.047524
vt -5.458254 3.500218
vt -5.458254 3.411924
vt -6.769603 3.411924
vt -6.769603 3.500218
vt -5.458254 3.311190
vt -6.769603 3.311190
vt -5.458254 3.201887
vt -6.769603 3.201888
vt -5.458254 3.088216
vt -6.769603 3.088216
vt -5.458254 2.974545
vt -6.769603 2.974545
vt -5.458254 2.865242
vt -6.769603 2.865242
vt -5.458254 2.764507
vt -6.769603 2.764507
vt -5.458254 2.676214
vt -6.769603 2.676214
vt 0.907831 -4.736175
vt 0.819536 -4.736175
vt 0.819536 -6.047524
vt 0.907831 -6.047523
vt 0.718803 -4.736175
vt 0.718803 -6.047524
vt 0.609499 -4.736175
vt 0.609499 -6.047524
vt 0.495828 -4.736175
vt 0.495828 -6.047524
vt 0.382157 -4.736175
vt 0.382157 -6.047524
vt 0.272854 -4.736175
vt 0.272854 -6.047524
vt 0.172119 -4.736175
vt 0.172119 -6.047524
vt 0.083825 -4.736175
vt 0.083825 -6.047524
vt -5.458254 2.676214
vt -5.458254 2.764507
vt -6.769603 2.764507
vt -6.769603 2.676214
vt -5.458254 2.865242
vt -6.769603 2.865242
vt -5.458254 2.974545
vt -6.769603 2.974545
vt -5.458254 3.088216
vt -6.769603 3.088216
vt -5.458254 3.201887
vt -6.769603 3.201888
vt -5.458254 3.311191
vt -6.769603 3.311191
vt -5.458254 3.411925
vt -6.769603 3.411925
vt -5.458254 3.500218
vt -6.769603 3.500218
vt 0.083826 -4.736175
vt 0.172120 -4.736175
vt 0.172120 -6.047524
vt 0.083826 -6.047523
vt 0.272854 -4.736175
vt 0.272854 -6.047524
vt 0.609499 -4.736175
vt 0.609499 -6.047524
vt -1.868084 -4.725304
vt -1.868084 -5.607930
vt -1.814135 -5.622818
vt -1.814135 -4.725304
vt -5.447382 -7.548212
vt -6.328020 -7.548213
vt -6.330002 -7.517184
vt -5.447382 -7.517184
vt 2.879406 -4.725304
vt 2.879406 -5.617170
vt -1.855706 -4.725304
vt -1.855706 -5.617153
vt -1.882676 -5.605946
vt -1.882676 -4.725304
vt -1.855663 -5.617170
vt -1.855663 -4.725304
vt 2.891827 -5.607930
vt 2.891827 -4.725304
vt -6.328019 -7.548213
vt -5.447382 -7.548212
vt -5.447383 -7.517185
vt -6.330002 -7.517185
vt 0.131144 -4.725272
vt -0.249560 -4.725273
vt -0.249560 1.222080
vt 0.131144 1.222080
vt 2.879449 -5.617153
vt 2.879449 -4.725304
vt 2.906419 -4.725303
vt 2.906419 -5.605946
vt 0.169340 -6.782623
vt 0.360233 2.145353
vt 1.347788 -4.725303
vt 1.347788 -5.903036
vt 0.511872 -4.725303
vt 0.511872 -5.913157
vt -0.324045 -4.725303
vt -0.324045 -5.903036
vt 0.511872 -4.725272
vt 0.511872 1.222080
vt 0.511872 -6.782623
vt 0.511872 2.145353
vt -1.159932 -7.584831
vt 0.941077 2.773284
vt 0.805495 2.669667
vt -5.458873 2.767180
vt -6.635290 2.773306
vt 0.663510 2.145353
vt 0.658683 2.633735
vt 6.447416 -6.782623
vt 6.458357 2.145353
vt 7.635237 2.145353
vt 7.635237 -6.782623
vt 0.360233 2.145353
vt 0.365060 2.633735
vt 0.218249 2.669668
vt 0.386945 -4.736151
vt 0.385642 -6.022887
vt 0.495828 -6.022888
vt 0.495828 -4.736151
vt 0.709412 -4.736151
vt 0.711967 -6.022888
vt 0.809613 -6.022888
vt 0.805904 -4.736151
vt 0.895200 -6.022888
vt 0.890479 -4.736151
vt -5.458230 3.482867
vt -6.744967 3.487589
vt -6.744967 3.402001
vt -5.458230 3.398292
vt -6.744967 3.304354
vt -5.458230 3.301799
vt -6.744967 3.198403
vt -5.458230 3.197100
vt -6.744967 3.088216
vt -5.458230 3.088216
vt -6.744967 2.978029
vt -5.458230 2.979332
vt -6.744967 2.872077
vt -5.458230 2.874632
vt -6.744967 2.774431
vt -5.458230 2.778141
vt -6.744967 2.688844
vt -5.458230 2.693565
vt 0.890479 -4.736151
vt 0.895200 -6.022888
vt 0.809613 -6.022888
vt 0.805904 -4.736151
vt 0.711967 -6.022888
vt 0.709411 -4.736151
vt 0.606015 -6.022888
vt 0.604712 -4.736151
vt 0.495828 -6.022888
vt 0.495828 -4.736151
vt 0.385641 -6.022888
vt 0.386944 -4.736151
vt 0.279689 -6.022888
vt 0.282244 -4.736151
vt 0.182043 -6.022888
vt 0.185753 -4.736151
vt 0.096455 -6.022888
vt 0.101177 -4.736151
vt -5.458230 2.693565
vt -6.744967 2.688844
vt -6.744967 2.774431
vt -5.458230 2.778141
vt -6.744967 2.872077
vt -5.458230 2.874632
vt -6.744967 2.978029
vt -5.458230 2.979332
vt -6.744967 3.088216
vt -5.458230 3.088216
vt -6.744967 3.198403
vt -5.458230 3.197100
vt -6.744967 3.304334
vt -5.458230 3.301800
vt -5.458436 3.398314
vt -5.458230 3.398292
vt -6.744967 3.487605
vt -5.458230 3.482867
vt 0.101177 -4.736151
vt 0.096473 -6.022888
vt 0.182044 -6.022888
vt 0.185753 -4.736151
vt 0.279690 -6.022888
vt 0.282245 -4.736151
vt 0.606015 -6.022888
vt 0.604712 -4.736151
vt 0.495828 3.665975
vt 0.608543 3.654873
vt 0.609494 3.659657
vt 0.495828 3.670851
vt 0.716926 3.621996
vt 0.605668 3.640420
vt 0.711287 3.608382
vt 0.976217 2.767230
vt 1.029608 2.867117
vt 1.015993 2.872756
vt 0.963964 2.775417
vt 0.087291 2.679679
vt 0.174842 2.607827
vt 0.183029 2.620080
vt 0.097711 2.690099
vt 0.174843 3.568605
vt 0.087292 3.496753
vt 0.097711 3.486333
vt 0.183030 3.556352
vt 1.062485 3.200931
vt 1.029607 3.309314
vt 1.015993 3.303675
vt 1.048032 3.198056
vt 0.495828 2.510457
vt 0.608543 2.521558
vt 0.605668 2.536011
vt 0.495828 2.525194
vt -0.070829 3.200932
vt -0.081931 3.088216
vt -0.067194 3.088216
vt -0.056376 3.198057
vt 0.816813 3.568605
vt 0.808626 3.556352
vt 0.904365 2.679679
vt 0.893945 2.690099
vt 0.015439 2.767231
vt 0.027692 2.775418
vt 0.274730 3.621996
vt 0.280370 3.608382
vt 1.073586 3.088216
vt 1.058851 3.088216
vt 0.383113 2.521558
vt 0.385988 2.536011
vt -0.037951 3.309314
vt -0.024336 3.303676
vt 0.904365 3.496752
vt 0.893945 3.486332
vt 0.816813 2.607827
vt 0.808626 2.620080
vt -0.037952 2.867117
vt -0.024337 2.872756
vt 0.383114 3.654873
vt 0.385989 3.640420
vt 1.062485 2.975501
vt 1.048032 2.978375
vt 0.274729 2.554436
vt 0.280368 2.568051
vt 0.015440 3.409202
vt 0.027693 3.401016
vt 0.976217 3.409201
vt 0.963964 3.401015
vt 0.716926 2.554436
vt 0.711287 2.568051
vt -0.070829 2.975501
vt -0.056376 2.978375
vt 0.495828 3.651238
vt 0.382162 3.659657
vt 0.819523 3.572660
vt 0.718793 3.626501
vt 0.907814 3.500201
vt 0.980272 3.411911
vt 1.034113 3.311181
vt 1.067268 3.201883
vt 1.078463 3.088216
vt 1.067268 2.974550
vt 1.034113 2.865251
vt 0.980272 2.764521
vt 0.907814 2.676231
vt 0.819523 2.603772
vt 0.718793 2.549930
vt 0.609494 2.516775
vt 0.495828 2.505580
vt 0.382161 2.516775
vt 0.272863 2.549931
vt 0.172133 2.603772
vt 0.083842 2.676231
vt 0.011384 2.764521
vt -0.042458 2.865251
vt -0.075613 2.974550
vt -0.086808 3.088216
vt -0.075612 3.201883
vt -0.042457 3.311182
vt 0.011385 3.411912
vt 0.083843 3.500201
vt 0.172134 3.572660
vt 0.272864 3.626501
vt 0.511872 -4.725286
vt 0.511872 1.222080
vt -1.814047 -7.480905
vt -1.868087 -7.517179
vt -1.882666 -7.548226
vt -1.855677 -7.569402
vt -1.791188 -7.577483
vt -0.249567 -4.725273
vt -0.173210 -4.725287
vt -0.173210 1.222080
vt -0.249566 1.222080
vt -1.791188 -7.577483
vt -1.855678 -7.569401
vt -1.882665 -7.548229
vt -1.868085 -7.517179
vt -1.814034 -7.480896
vt -0.515745 -5.913152
vt -0.515745 -4.725335
vt 1.539438 -6.782648
vt 2.837777 -7.480896
vt 2.891828 -7.517179
vt 2.906408 -7.548228
vt 2.879421 -7.569401
vt 2.814932 -7.577483
vt 0.854403 -4.725286
vt 0.854403 1.222080
vt 1.196911 -4.725287
vt 1.196911 1.222080
vt 0.511872 2.145353
vt 2.814931 -7.577483
vt 2.879420 -7.569401
vt 2.906409 -7.548226
vt 2.891829 -7.517179
vt 2.837790 -7.480903
vt 0.606011 3.642136
vt 0.495828 3.652990
vt 0.385647 3.642136
vt 0.279700 3.610000
vt 0.182058 3.557807
vt 0.096459 3.487561
vt 0.031770 3.398317
vt -0.025950 3.304362
vt -0.058093 3.198398
vt -0.068946 3.088216
vt -0.058094 2.978033
vt -0.025955 2.872086
vt 0.026236 2.774444
vt 0.096472 2.688861
vt 0.182056 2.618624
vt 0.279698 2.566432
vt 0.385646 2.534294
vt 0.495828 2.522579
vt 0.606010 2.534293
vt 0.711958 2.566432
vt 0.809600 2.618623
vt 0.895184 2.688861
vt 0.965421 2.774444
vt 1.017611 2.872086
vt 1.049750 2.978034
vt 1.060602 3.088216
vt 1.049750 3.198398
vt 1.017612 3.304345
vt 0.965421 3.401987
vt 0.895183 3.487572
vt 0.809600 3.557808
vt 0.711958 3.609999
vt 0.511872 2.610474
vt 0.082667 2.756102
vt -5.458357 2.145353
vt -6.635236 2.145353
vt -6.635289 2.756120
vt -5.458873 2.750485
vt -1.814135 8.066976
vt -1.814135 7.169463
vt -0.515745 7.169495
vt -0.515745 8.357310
vt 1.539438 -6.782647
vt 0.815148 2.145353
vt 1.196934 -6.782624
vt 7.635237 -6.782623
vt 7.635237 2.145353
vt 6.458357 2.145353
vt 6.447416 -6.782623
vt 1.196935 -6.782647
vt 0.815148 2.145353
vt 0.966760 2.145353
vt 1.539440 -6.782648
vt -0.515697 -6.782647
vt 0.056983 2.145353
vt 0.208595 2.145353
vt -0.173192 -6.782647
vt -1.791191 7.169463
vt -1.791191 8.084044
vt -1.159961 8.251445
vt -1.159961 7.169463
vt -1.159931 -7.584831
vt -0.324030 -7.592400
vt 0.131129 -6.854496
vt -0.249646 -6.853913
vt 0.511872 -7.598347
vt 0.511872 -6.854954
vt 2.183704 7.169463
vt 2.183704 8.251445
vt 2.814935 8.084044
vt 2.814935 7.169463
vt 1.347773 -7.592400
vt 2.183674 -7.584831
vt 1.273389 -6.853914
vt 0.892614 -6.854496
vt 0.609495 3.659655
vt 0.495828 3.670851
vt 0.382162 3.659657
vt 0.272864 3.626501
vt 0.172134 3.572661
vt 0.083843 3.500201
vt 0.011384 3.411912
vt -0.042457 3.311182
vt -0.075612 3.201883
vt -0.086808 3.088217
vt -0.075613 2.974550
vt -0.042458 2.865252
vt 0.011384 2.764521
vt 0.083842 2.676231
vt 0.172133 2.603772
vt 0.272863 2.549931
vt 0.382161 2.516774
vt 0.495828 2.505579
vt 0.609494 2.516775
vt 0.718793 2.549930
vt 0.819523 2.603771
vt 0.907814 2.676231
vt 0.980271 2.764520
vt 1.034113 2.865251
vt 1.067268 2.974549
vt 1.078463 3.088216
vt 1.067268 3.201883
vt 1.034113 3.311180
vt 0.980272 3.411911
vt 0.907814 3.500201
vt 0.819524 3.572660
vt 0.718793 3.626500
vt 2.183675 -7.584831
vt 1.347773 -7.592401
vt 0.854403 -6.782647
vt 0.511872 -7.598347
vt 0.511872 -6.782647
vt -0.324030 -7.592401
vt 0.169339 -6.782647
vt 1.196953 7.169446
vt 1.273309 7.169431
vt -0.173168 7.169446
vt 0.169340 7.169446
vt 1.273303 7.169432
vt 0.892599 7.169432
vt 0.663510 2.145353
vt 0.854403 -6.782623
vt 0.382157 7.180334
vt 0.382157 8.491682
vt 0.495828 8.491682
vt 0.495828 7.180334
vt 0.718803 7.180334
vt 0.718803 8.491682
vt 0.819537 8.491682
vt 0.819537 7.180334
vt 0.907831 8.491682
vt 0.907831 7.180334
vt 6.458255 3.500218
vt 7.769603 3.500218
vt 7.769603 3.411924
vt 6.458255 3.411924
vt 7.769603 3.311190
vt 6.458255 3.311190
vt 7.769603 3.201887
vt 6.458255 3.201888
vt 7.769603 3.088216
vt 6.458255 3.088216
vt 7.769603 2.974545
vt 6.458255 2.974545
vt 7.769603 2.865242
vt 6.458255 2.865242
vt 7.769603 2.764507
vt 6.458255 2.764507
vt 7.769603 2.676214
vt 6.458255 2.676214
vt 0.907831 7.180334
vt 0.907831 8.491682
vt 0.819536 8.491682
vt 0.819536 7.180334
vt 0.718803 8.491682
vt 0.718803 7.180334
vt 0.609499 8.491682
vt 0.609499 7.180334
vt 0.495828 8.491682
vt 0.495828 7.180334
vt 0.382157 8.491682
vt 0.382157 7.180334
vt 0.272854 8.491682
vt 0.272854 7.180334
vt 0.172119 8.491682
vt 0.172119 7.180334
vt 0.083825 8.491682
vt 0.083825 7.180334
vt 6.458255 2.676214
vt 7.769603 2.676214
vt 7.769603 2.764507
vt 6.458255 2.764507
vt 7.769603 2.865242
vt 6.458255 2.865242
vt 7.769603 2.974545
vt 6.458255 2.974545
vt 7.769603 3.088216
vt 6.458255 3.088216
vt 7.769603 3.201887
vt 6.458255 3.201888
vt 7.769603 3.311191
vt 6.458255 3.311191
vt 7.769603 3.411925
vt 6.458255 3.411925
vt 7.769603 3.500218
vt 6.458255 3.500218
vt 0.083826 7.180334
vt 0.083826 8.491682
vt 0.172120 8.491682
vt 0.172120 7.180334
vt 0.272854 8.491682
vt 0.272854 7.180334
vt 0.609499 8.491682
vt 0.609499 7.180334
vt -1.868083 7.169463
vt -1.868084 8.052089
vt 6.447383 -7.548212
vt 6.447383 -7.517184
vt 7.330004 -7.517184
vt 7.328021 -7.548213
vt 2.879406 8.061328
vt 2.879406 7.169463
vt -1.855706 7.169463
vt -1.882676 7.169463
vt -1.882676 8.050106
vt -1.855706 8.061312
vt -1.855663 7.169463
vt -1.855663 8.061329
vt 2.891827 8.052089
vt 2.837878 8.066976
vt 2.837878 7.169463
vt 2.891827 7.169463
vt 7.328021 -7.548213
vt 7.330004 -7.517185
vt 6.447384 -7.517185
vt 6.447383 -7.548212
vt 0.131144 7.169431
vt -0.249560 7.169431
vt 2.879449 8.061312
vt 2.906419 8.050105
vt 2.906419 7.169463
vt 2.879449 7.169463
vt 0.169340 -6.782623
vt 0.360233 2.145353
vt 0.208595 2.145353
vt -0.173191 -6.782624
vt 1.347788 7.169463
vt 1.347788 8.347193
vt 0.511872 7.169463
vt 0.511872 8.357316
vt -0.324045 7.169463
vt -0.324045 8.347193
vt 0.892599 -6.853166
vt 1.273303 -6.845567
vt 1.273313 -0.391449
vt 1.273316 -0.391448
vt 1.273309 -6.845551
vt 1.196953 -6.781358
vt 1.196936 -0.378607
vt 1.196929 -0.378605
vt 1.196911 -6.781342
vt 0.854403 -6.781342
vt 0.131144 -6.853166
vt 0.511872 -6.853625
vt 0.511872 -6.781342
vt 0.169340 -6.781342
vt 0.805495 2.669667
vt 0.941077 2.773285
vt 0.511872 7.169431
vt 0.511872 -6.782623
vt 0.511872 2.145353
vt -1.159932 -7.584832
vt -0.249566 -6.852566
vt -0.249573 -0.392852
vt -0.249570 -0.392852
vt -0.249560 -6.852583
vt -0.173168 -6.781342
vt -0.173190 -0.378605
vt -0.173196 -0.378606
vt -0.173210 -6.781359
vt 0.082667 2.756102
vt 0.218249 2.669668
vt 0.663510 2.145353
vt 0.658683 2.633735
vt 0.386945 7.180310
vt 0.495828 7.180310
vt 0.495828 8.467046
vt 0.385642 8.467046
vt 0.709412 7.180310
vt 0.805904 7.180310
vt 0.809613 8.467046
vt 0.711967 8.467046
vt 0.890479 7.180310
vt 0.895200 8.467046
vt 6.458231 3.482867
vt 6.458231 3.398292
vt 7.744967 3.402001
vt 7.744967 3.487588
vt 6.458231 3.301799
vt 7.744967 3.304354
vt 6.458231 3.197100
vt 7.744967 3.198403
vt 6.458231 3.088216
vt 7.744967 3.088216
vt 6.458231 2.979332
vt 7.744967 2.978029
vt 6.458231 2.874632
vt 7.744967 2.872077
vt 6.458231 2.778141
vt 7.744967 2.774431
vt 6.458231 2.693565
vt 7.744967 2.688844
vt 0.890479 7.180310
vt 0.805904 7.180310
vt 0.809613 8.467046
vt 0.895200 8.467046
vt 0.709411 7.180310
vt 0.711967 8.467046
vt 0.604712 7.180310
vt 0.606015 8.467046
vt 0.495828 7.180310
vt 0.495828 8.467046
vt 0.386944 7.180310
vt 0.385641 8.467046
vt 0.282244 7.180310
vt 0.279689 8.467046
vt 0.185753 7.180310
vt 0.182043 8.467046
vt 0.101177 7.180310
vt 0.096455 8.467046
vt 6.458231 2.693565
vt 6.458231 2.778141
vt 7.744967 2.774431
vt 7.744967 2.688844
vt 6.458231 2.874632
vt 7.744967 2.872077
vt 6.458231 2.979332
vt 7.744967 2.978029
vt 6.458231 3.088216
vt 7.744967 3.088216
vt 6.458231 3.197100
vt 7.744967 3.198403
vt 6.458231 3.301800
vt 7.744967 3.304334
vt 6.458231 3.398292
vt 6.458437 3.398314
vt 6.458231 3.482867
vt 7.744967 3.487605
vt 0.101177 7.180310
vt 0.185753 7.180310
vt 0.182044 8.467046
vt 0.096473 8.467046
vt 0.282245 7.180310
vt 0.279690 8.467046
vt 0.604712 7.180310
vt 0.606015 8.467046
vt 0.495828 3.665975
vt 0.495828 3.670852
vt 0.609494 3.659657
vt 0.608543 3.654873
vt 0.716926 3.621996
vt 0.711287 3.608382
vt 0.605668 3.640420
vt 0.976217 2.767230
vt 0.963964 2.775417
vt 1.015993 2.872756
vt 1.029608 2.867117
vt 0.087291 2.679679
vt 0.097711 2.690099
vt 0.183029 2.620080
vt 0.174842 2.607827
vt 0.174843 3.568605
vt 0.183030 3.556352
vt 0.097711 3.486333
vt 0.087292 3.496753
vt 1.062485 3.200931
vt 1.048032 3.198056
vt 1.015993 3.303675
vt 1.029607 3.309314
vt 0.495828 2.510457
vt 0.495828 2.525194
vt 0.605668 2.536011
vt 0.608543 2.521558
vt -0.070829 3.200932
vt -0.056376 3.198057
vt -0.067194 3.088216
vt -0.081931 3.088216
vt 0.816813 3.568605
vt 0.808626 3.556352
vt 0.904365 2.679679
vt 0.893945 2.690099
vt 0.015439 2.767231
vt 0.027692 2.775418
vt 0.274730 3.621996
vt 0.280370 3.608382
vt 1.073586 3.088216
vt 1.058851 3.088216
vt 0.383113 2.521558
vt 0.385988 2.536011
vt -0.037951 3.309314
vt -0.024336 3.303676
vt 0.904365 3.496752
vt 0.893945 3.486332
vt 0.816813 2.607827
vt 0.808626 2.620080
vt -0.037952 2.867117
vt -0.024337 2.872756
vt 0.383114 3.654873
vt 0.385989 3.640420
vt 1.062485 2.975501
vt 1.048032 2.978375
vt 0.274729 2.554436
vt 0.280368 2.568051
vt 0.015440 3.409202
vt 0.027693 3.401016
vt 0.976217 3.409201
vt 0.963964 3.401015
vt 0.716926 2.554436
vt 0.711287 2.568051
vt -0.070829 2.975501
vt -0.056376 2.978375
vt 0.495828 3.651238
vt 0.382162 3.659657
vt 0.718793 3.626501
vt 0.819523 3.572660
vt 0.907814 3.500201
vt 0.980272 3.411911
vt 1.034113 3.311181
vt 1.067268 3.201883
vt 1.078463 3.088216
vt 1.067268 2.974550
vt 1.034113 2.865251
vt 0.980272 2.764521
vt 0.907814 2.676231
vt 0.819523 2.603772
vt 0.718793 2.549930
vt 0.609494 2.516775
vt 0.495828 2.505580
vt 0.382161 2.516775
vt 0.272863 2.549931
vt 0.172133 2.603772
vt 0.083842 2.676231
vt 0.011384 2.764521
vt -0.042458 2.865251
vt -0.075613 2.974550
vt -0.086808 3.088217
vt -0.075612 3.201883
vt -0.042457 3.311182
vt 0.011385 3.411912
vt 0.083843 3.500201
vt 0.172134 3.572660
vt 0.272864 3.626501
vt 0.511872 7.169446
vt -0.515695 -6.782648
vt -0.249566 7.169432
vt -0.173209 7.169446
vt -1.791188 -7.577483
vt -1.814034 -7.480896
vt -1.868085 -7.517179
vt -1.882665 -7.548228
vt -1.855678 -7.569401
vt -1.791188 -7.577483
vt -1.855676 -7.569401
vt -1.882665 -7.548227
vt -1.868086 -7.517179
vt -1.814047 -7.480904
vt 0.360233 2.145353
vt 2.814931 -7.577483
vt 2.837789 -7.480905
vt 2.891829 -7.517179
vt 2.906409 -7.548226
vt 2.879420 -7.569401
vt 2.814932 -7.577483
vt 2.879421 -7.569401
vt 2.906408 -7.548228
vt 2.891828 -7.517179
vt 2.837776 -7.480896
vt 0.854403 7.169446
vt 1.196911 7.169446
vt 0.511872 2.145353
vt 1.539489 8.357310
vt 1.539489 7.169495
vt 0.606011 3.642137
vt 0.711958 3.609999
vt 0.809600 3.557810
vt 0.895184 3.487572
vt 0.965421 3.401987
vt 1.017611 3.304344
vt 1.049750 3.198397
vt 1.060602 3.088215
vt 1.049750 2.978033
vt 1.017612 2.872087
vt 0.965421 2.774443
vt 0.895184 2.688862
vt 0.809600 2.618622
vt 0.711958 2.566433
vt 0.606010 2.534293
vt 0.495828 2.522580
vt 0.385646 2.534293
vt 0.279698 2.566433
vt 0.182056 2.618624
vt 0.096472 2.688861
vt 0.026236 2.774445
vt -0.025955 2.872086
vt -0.058094 2.978033
vt -0.068946 3.088216
vt -0.058093 3.198398
vt -0.025950 3.304362
vt 0.031770 3.398317
vt 0.096460 3.487561
vt 0.182058 3.557808
vt 0.279700 3.609999
vt 0.385647 3.642138
vt 0.495828 3.652990
vt 7.635289 2.773306
vt 6.458875 2.767180
vt 0.365060 2.633735
vt 0.511872 2.610474
vt 6.458874 2.750485
vt 7.635289 2.756120
vt -6.635236 -6.782623
vt -6.635234 -6.782647
vt -6.635246 -6.782647
vt -6.635260 -6.782630
vt -0.515722 -5.913155
vt -0.515724 -5.913153
vt -0.515724 -5.913166
vt -0.515720 -5.913167
vt -0.515728 -5.913167
vt -0.515724 -6.782647
vt -0.515724 -6.782647
vt -0.515724 -6.782647
vt -0.515724 -6.782647
vt -0.515724 -6.782639
vt -0.515723 -6.782631
vt -0.515724 -6.782640
vt -0.515724 -5.913175
vt -0.515734 -4.725336
vt -0.515724 -4.725324
vt -0.515727 -4.725323
vt -0.515724 -4.725336
vt -0.515724 -4.725324
vt -5.447415 -6.782623
vt -5.447391 -6.782629
vt -5.447391 -6.782639
vt -5.447415 -6.782647
vt -0.515719 -6.782629
vt -0.515724 -6.782637
vt -0.515724 -6.782640
vt -0.515722 -6.782640
vt -0.515708 -6.782647
vt -0.515727 -6.782649
vt -0.515724 -6.782647
vt -0.515724 -4.725317
vt -6.635260 -6.782631
vt -6.635260 -6.782640
vt -6.635234 -6.782647
vt 1.539465 -6.782630
vt 1.539467 -6.782638
vt 1.539467 -6.782640
vt 1.539469 -6.782640
vt 1.539451 -6.782647
vt 1.539473 -6.782650
vt 1.539471 -6.782649
vt 1.539477 -5.913153
vt 1.539468 -5.913167
vt 1.539471 -5.913167
vt 1.539468 -5.913155
vt 1.539468 -5.913167
vt 1.539470 -4.725324
vt 1.539468 -4.725324
vt 1.539477 -4.725336
vt 1.539468 -6.782647
vt 1.539468 -6.782647
vt 1.539468 -6.782647
vt 1.539467 -6.782647
vt 1.539467 -6.782638
vt 1.539466 -6.782629
vt 1.539467 -6.782640
vt -5.447415 -6.782647
vt -5.447404 -6.782647
vt -5.447391 -6.782630
vt 1.539465 -4.725336
vt 1.539463 -4.725326
vt -0.173192 -4.725286
vt -0.173192 -4.725298
vt -0.173179 -4.725298
vt -0.173192 -4.725286
vt -0.173192 -4.725299
vt -0.173202 -4.725298
vt -0.173192 -6.782647
vt -0.173192 -6.782647
vt -0.173192 -6.782647
vt -0.173192 -6.782647
vt -0.173191 -6.782647
vt -0.173179 -6.782647
vt -0.173188 -6.782647
vt -0.173192 -4.725311
vt 1.196944 -6.782639
vt 1.196937 -6.782643
vt 1.196934 -6.782634
vt 1.196944 -6.782656
vt 1.196939 -6.782650
vt 1.196935 -4.725286
vt 1.196935 -4.725298
vt 1.196944 -4.725298
vt 1.196935 -4.725286
vt 1.196935 -4.725298
vt 1.196921 -4.725299
vt 1.196921 -6.782643
vt 1.196931 -6.782647
vt -1.868089 -7.517166
vt -1.868098 -7.517168
vt -1.868100 -7.517179
vt -1.868092 -7.517153
vt -1.868101 -7.517160
vt -1.868097 -5.607927
vt -1.868099 -5.607939
vt -1.868089 -5.607941
vt -1.868104 -5.607925
vt -1.868104 -5.607937
vt -6.330016 -7.517180
vt -6.330016 -7.517169
vt -6.330004 -7.517169
vt -1.868113 -7.517181
vt -1.868108 -7.517170
vt -1.882675 -7.548220
vt -1.882681 -7.548230
vt -1.882671 -7.548238
vt -1.882685 -7.548214
vt -1.882690 -7.548225
vt -6.328020 -7.548223
vt -6.328032 -7.548224
vt -6.328033 -7.548214
vt -1.882695 -5.605941
vt -1.882695 -5.605943
vt -1.882695 -5.605955
vt -1.882692 -5.605954
vt -1.882676 -5.605959
vt -1.882678 -7.548247
vt -1.882684 -7.548236
vt -1.855690 -7.569408
vt -1.855685 -7.569417
vt -1.855675 -7.569414
vt -1.855705 -7.569410
vt -1.855695 -7.569418
vt -1.855694 -5.617159
vt -1.855693 -5.617172
vt -1.855702 -5.617167
vt -1.855687 -5.617164
vt -1.855687 -5.617176
vt -1.855670 -5.617179
vt -1.855671 -7.569423
vt -1.855682 -7.569421
vt -1.855673 -7.569415
vt -1.855683 -7.569415
vt -1.855689 -7.569406
vt -1.855668 -7.569427
vt -1.855680 -7.569426
vt -1.855677 -4.725303
vt -1.855680 -4.725292
vt -1.855668 -4.725291
vt -1.855687 -4.725303
vt -1.855687 -4.725292
vt -1.855701 -4.725292
vt -1.855699 -7.569410
vt -1.855689 -7.569417
vt -1.882670 -7.548239
vt -1.882679 -7.548231
vt -1.882674 -7.548221
vt -1.882676 -7.548249
vt -1.882686 -7.548241
vt -1.882686 -4.725304
vt -1.882686 -4.725291
vt -1.882676 -4.725291
vt -1.882695 -4.725303
vt -1.882695 -4.725292
vt -5.447370 -7.548212
vt -5.447371 -7.548223
vt -5.447382 -7.548224
vt -1.882681 -7.548215
vt -1.882684 -7.548227
vt -1.868098 -7.517179
vt -1.868097 -7.517169
vt -1.868087 -7.517164
vt -1.868112 -7.517179
vt -1.868107 -7.517169
vt -5.447382 -7.517169
vt -5.447371 -7.517169
vt -5.447371 -7.517179
vt -1.868109 -4.725303
vt -1.868104 -4.725304
vt -1.868104 -4.725292
vt -1.868107 -4.725292
vt -1.868088 -4.725292
vt -1.868088 -7.517151
vt -1.868096 -7.517162
vt 2.879419 -7.569414
vt 2.879429 -7.569416
vt 2.879434 -7.569407
vt 2.879417 -7.569427
vt 2.879428 -7.569425
vt 2.879421 -5.617164
vt 2.879424 -5.617177
vt 2.879413 -5.617180
vt 2.879430 -5.617159
vt 2.879430 -5.617172
vt 2.879446 -5.617167
vt 2.879447 -7.569412
vt 2.879437 -7.569419
vt 2.906415 -7.548238
vt 2.906425 -7.548230
vt 2.906420 -7.548220
vt 2.906423 -7.548246
vt 2.906432 -7.548239
vt 2.906429 -5.605942
vt 2.906429 -5.605955
vt 2.906420 -5.605958
vt 2.906438 -5.605940
vt 2.906438 -5.605954
vt -6.328033 -7.548214
vt -6.328032 -7.548224
vt -6.328020 -7.548225
vt 2.906429 -7.548215
vt 2.906430 -7.548227
vt 2.891842 -7.517179
vt 2.891842 -7.517169
vt 2.891832 -7.517166
vt 2.891855 -7.517179
vt 2.891850 -7.517169
vt -6.330004 -7.517169
vt -6.330017 -7.517169
vt -6.330015 -7.517180
vt 2.891853 -5.607925
vt 2.891847 -5.607927
vt 2.891847 -5.607939
vt 2.891851 -5.607937
vt 2.891833 -5.607942
vt 2.891833 -7.517153
vt 2.891842 -7.517159
vt 2.891830 -7.517165
vt 2.891840 -7.517169
vt 2.891841 -7.517177
vt 2.891831 -7.517151
vt 2.891841 -7.517158
vt 2.891839 -4.725304
vt 2.891842 -4.725293
vt 2.891832 -4.725291
vt 2.891847 -4.725303
vt 2.891847 -4.725292
vt -5.447370 -7.517179
vt -5.447372 -7.517169
vt -5.447382 -7.517170
vt 2.891855 -7.517179
vt 2.891852 -7.517173
vt 2.891846 -7.517169
vt 2.906418 -7.548222
vt 2.906423 -7.548232
vt 2.906414 -7.548240
vt 2.906429 -7.548214
vt 2.906434 -7.548225
vt -5.447382 -7.548225
vt -5.447371 -7.548225
vt -5.447371 -7.548215
vt 2.906438 -4.725303
vt 2.906438 -4.725303
vt 2.906438 -4.725292
vt 2.906435 -4.725291
vt 2.906419 -4.725291
vt 2.906419 -7.548249
vt 2.906426 -7.548237
vt 2.879432 -7.569407
vt 2.879427 -7.569416
vt 2.879417 -7.569415
vt 2.879445 -7.569413
vt 2.879436 -7.569421
vt 2.879438 -4.725304
vt 2.879436 -4.725292
vt 2.879445 -4.725291
vt 2.879430 -4.725303
vt 2.879430 -4.725292
vt 2.879412 -4.725292
vt 2.879412 -7.569427
vt 2.879422 -7.569421
vt -0.249574 -4.725273
vt -0.249584 -4.725284
vt -0.249584 -4.725285
vt -0.249584 -4.725272
vt -0.249584 -4.725285
vt -0.249584 -4.725285
vt -0.249587 -6.853892
vt -0.249584 -6.853889
vt -0.249584 -6.853889
vt -0.249584 -6.853889
vt -0.249618 -6.853903
vt -0.249584 -6.853889
vt -0.249584 -6.853889
vt -0.249584 -4.725297
vt 1.273327 -4.725285
vt 1.273327 -4.725285
vt 1.273316 -4.725273
vt 1.273332 -6.853890
vt 1.273327 -6.853889
vt 1.273327 -6.853889
vt 1.273327 -6.853889
vt 1.273361 -6.853901
vt 1.273361 -6.853903
vt 1.273327 -6.853889
vt 1.273327 -6.853889
vt 1.273312 -4.725272
vt 1.273327 -4.725284
vt 1.273327 -4.725285
vt 0.941070 2.773291
vt 0.941068 2.773304
vt 0.941080 2.773314
vt 0.941085 2.773300
vt 0.941090 2.773292
vt 0.941103 2.773299
vt 0.941103 2.773310
vt -6.635289 2.773315
vt -6.635302 2.773310
vt -6.635301 2.773299
vt 0.941103 2.773309
vt 0.082669 2.756113
vt 0.082656 2.756120
vt 0.082654 2.756108
vt 0.082680 2.756120
vt 0.082666 2.756129
vt -6.635289 2.756145
vt -6.635302 2.756145
vt -6.635302 2.756115
vt 0.082645 2.756115
vt 0.082640 2.756109
vt 0.082641 2.756120
vt 0.082647 2.756125
vt 0.082641 2.756124
vt 7.635261 -6.782631
vt 7.635261 -6.782647
vt 7.635235 -6.782647
vt -0.515722 -6.782629
vt -0.515724 -6.782637
vt -0.515724 -6.782642
vt -0.515725 -6.782639
vt -0.515708 -6.782647
vt -0.515729 -6.782650
vt -0.515727 -6.782649
vt -0.515734 8.357312
vt -0.515724 8.357326
vt -0.515727 8.357326
vt -0.515724 8.357314
vt -0.515724 8.357326
vt -0.515728 7.169483
vt -0.515724 7.169483
vt -0.515734 7.169495
vt -0.515724 -6.782647
vt -0.515724 -6.782647
vt -0.515724 -6.782647
vt -0.515724 -6.782647
vt -0.515709 -6.782647
vt -0.515723 -6.782629
vt -0.515724 -6.782647
vt 6.447416 -6.782647
vt 6.447405 -6.782647
vt 6.447392 -6.782630
vt -0.515722 7.169495
vt -0.515720 7.169484
vt 7.635235 -6.782647
vt 7.635247 -6.782647
vt 7.635261 -6.782630
vt 1.539465 8.357314
vt 1.539468 8.357312
vt 1.539468 8.357327
vt 1.539463 8.357326
vt 1.539471 8.357327
vt 1.539468 -6.782647
vt 1.539468 -6.782647
vt 1.539468 -6.782647
vt 1.539468 -6.782647
vt 1.539468 -6.782647
vt 1.539467 -6.782631
vt 1.539468 -6.782647
vt 1.539468 8.357334
vt 1.539477 7.169494
vt 1.539468 7.169483
vt 1.539470 7.169482
vt 1.539468 7.169495
vt 1.539468 7.169483
vt 6.447392 -6.782629
vt 6.447392 -6.782647
vt 6.447416 -6.782647
vt 1.539462 -6.782629
vt 1.539467 -6.782637
vt 1.539467 -6.782640
vt 1.539466 -6.782640
vt 1.539451 -6.782647
vt 1.539471 -6.782649
vt 1.539468 -6.782647
vt 1.539468 7.169477
vt -0.173179 7.169458
vt -0.173192 7.169457
vt -0.173192 7.169446
vt -0.173179 -6.782643
vt -0.173192 -6.782647
vt -0.173192 -6.782647
vt -0.173188 -6.782647
vt -0.173201 -6.782639
vt -0.173202 -6.782656
vt -0.173196 -6.782651
vt -0.173192 7.169446
vt -0.173192 7.169457
vt -0.173201 7.169458
vt -0.173192 -6.782647
vt 1.196935 7.169446
vt 1.196935 7.169457
vt 1.196921 7.169458
vt 1.196935 7.169446
vt 1.196935 7.169457
vt 1.196945 7.169459
vt 1.196935 -6.782647
vt 1.196935 -6.782647
vt 1.196935 -6.782647
vt 1.196935 -6.782647
vt 1.196934 -6.782647
vt 1.196921 -6.782647
vt 1.196931 -6.782647
vt -1.868100 -7.517179
vt -1.868099 -7.517168
vt -1.868089 -7.517166
vt -1.868112 -7.517179
vt -1.868107 -7.517169
vt 7.330006 -7.517169
vt 7.330019 -7.517169
vt 7.330017 -7.517180
vt -1.868109 8.052085
vt -1.868104 8.052088
vt -1.868104 8.052098
vt -1.868107 8.052097
vt -1.868089 8.052102
vt -1.868090 -7.517153
vt -1.868099 -7.517159
vt -1.882671 -7.548237
vt -1.882681 -7.548231
vt -1.882676 -7.548220
vt -1.882679 -7.548247
vt -1.882689 -7.548239
vt -1.882685 8.050101
vt -1.882686 8.050115
vt -1.882676 8.050118
vt -1.882695 8.050100
vt -1.882695 8.050113
vt 7.328034 -7.548213
vt 7.328034 -7.548224
vt 7.328022 -7.548224
vt -1.882685 -7.548214
vt -1.882686 -7.548227
vt -1.855675 -7.569414
vt -1.855685 -7.569415
vt -1.855690 -7.569406
vt -1.855673 -7.569427
vt -1.855685 -7.569425
vt -1.855678 8.061324
vt -1.855681 8.061335
vt -1.855670 8.061338
vt -1.855687 8.061317
vt -1.855687 8.061331
vt -1.855703 8.061325
vt -1.855704 -7.569412
vt -1.855694 -7.569419
vt -1.855688 -7.569406
vt -1.855683 -7.569416
vt -1.855673 -7.569414
vt -1.855701 -7.569413
vt -1.855692 -7.569421
vt -1.855694 7.169464
vt -1.855692 7.169452
vt -1.855701 7.169450
vt -1.855687 7.169463
vt -1.855687 7.169451
vt -1.855668 7.169451
vt -1.855668 -7.569427
vt -1.855679 -7.569421
vt -1.882675 -7.548222
vt -1.882679 -7.548232
vt -1.882670 -7.548240
vt -1.882685 -7.548214
vt -1.882690 -7.548225
vt 6.447383 -7.548224
vt 6.447372 -7.548225
vt 6.447371 -7.548214
vt -1.882695 7.169463
vt -1.882695 7.169463
vt -1.882695 7.169451
vt -1.882691 7.169451
vt -1.882675 7.169450
vt -1.882676 -7.548249
vt -1.882682 -7.548237
vt -1.868087 -7.517165
vt -1.868097 -7.517168
vt -1.868098 -7.517178
vt -1.868088 -7.517151
vt -1.868098 -7.517158
vt -1.868096 7.169463
vt -1.868098 7.169453
vt -1.868088 7.169450
vt -1.868104 7.169463
vt -1.868104 7.169452
vt 6.447371 -7.517179
vt 6.447372 -7.517167
vt 6.447384 -7.517170
vt -1.868112 -7.517179
vt -1.868103 -7.517169
vt 2.879434 -7.569408
vt 2.879429 -7.569416
vt 2.879419 -7.569415
vt 2.879449 -7.569410
vt 2.879439 -7.569418
vt 2.879437 8.061317
vt 2.879436 8.061332
vt 2.879446 8.061325
vt 2.879430 8.061322
vt 2.879430 8.061335
vt 2.879413 8.061338
vt 2.879415 -7.569423
vt 2.879426 -7.569421
vt 2.906419 -7.548220
vt 2.906424 -7.548230
vt 2.906415 -7.548237
vt 2.906429 -7.548214
vt 2.906434 -7.548225
vt 7.328021 -7.548224
vt 7.328034 -7.548224
vt 7.328035 -7.548214
vt 2.906438 8.050101
vt 2.906438 8.050102
vt 2.906438 8.050115
vt 2.906435 8.050113
vt 2.906420 8.050117
vt 2.906421 -7.548248
vt 2.906428 -7.548237
vt 2.891832 -7.517166
vt 2.891841 -7.517169
vt 2.891842 -7.517179
vt 2.891834 -7.517153
vt 2.891844 -7.517160
vt 2.891840 8.052087
vt 2.891843 8.052098
vt 2.891833 8.052101
vt 2.891847 8.052085
vt 2.891847 8.052097
vt 7.330017 -7.517180
vt 7.330019 -7.517169
vt 7.330007 -7.517171
vt 2.891856 -7.517180
vt 2.891853 -7.517174
vt 2.891850 -7.517169
vt 2.891841 -7.517179
vt 2.891840 -7.517169
vt 2.891829 -7.517164
vt 2.891855 -7.517179
vt 2.891850 -7.517169
vt 6.447384 -7.517170
vt 6.447372 -7.517169
vt 6.447372 -7.517180
vt 2.891853 7.169463
vt 2.891847 7.169463
vt 2.891847 7.169451
vt 2.891850 7.169450
vt 2.891831 7.169451
vt 2.891831 -7.517151
vt 2.891838 -7.517162
vt 2.906414 -7.548238
vt 2.906423 -7.548230
vt 2.906418 -7.548220
vt 2.906420 -7.548248
vt 2.906430 -7.548241
vt 2.906429 7.169462
vt 2.906430 7.169451
vt 2.906420 7.169450
vt 2.906438 7.169463
vt 2.906438 7.169451
vt 6.447371 -7.548213
vt 6.447371 -7.548223
vt 6.447383 -7.548223
vt 2.906425 -7.548213
vt 2.906428 -7.548226
vt 2.879417 -7.569415
vt 2.879426 -7.569415
vt 2.879432 -7.569406
vt 2.879411 -7.569427
vt 2.879423 -7.569426
vt 2.879421 7.169463
vt 2.879423 7.169451
vt 2.879412 7.169451
vt 2.879430 7.169463
vt 2.879430 7.169451
vt 2.879445 7.169452
vt 2.879442 -7.569410
vt 2.879433 -7.569417
vt -0.249584 7.169443
vt -0.249584 7.169443
vt -0.249573 7.169432
vt -0.249589 -6.853889
vt -0.249584 -6.853889
vt -0.249584 -6.853889
vt -0.249584 -6.853889
vt -0.249618 -6.853901
vt -0.249584 -6.853889
vt -0.249584 -6.853889
vt -0.249569 7.169431
vt -0.249584 7.169443
vt -0.249584 7.169444
vt 1.273316 7.169431
vt 1.273327 7.169443
vt 1.273327 7.169443
vt 1.273327 7.169431
vt 1.273327 7.169443
vt 1.273327 7.169443
vt 1.273331 -6.853892
vt 1.273327 -6.853889
vt 1.273327 -6.853889
vt 1.273327 -6.853889
vt 1.273361 -6.853904
vt 1.273362 -6.853902
vt 1.273327 -6.853889
vt 1.273327 -6.853889
vt 1.273327 7.169456
vt 7.635289 2.773330
vt 7.635301 2.773330
vt 7.635301 2.773299
vt 0.941099 2.773299
vt 0.941104 2.773292
vt 0.941103 2.773304
vt 0.941096 2.773310
vt 0.941074 2.773296
vt 0.941063 2.773300
vt 0.941076 2.773310
vt 0.082654 2.756108
vt 0.082656 2.756120
vt 0.082669 2.756113
vt 0.082640 2.756115
vt 0.082641 2.756126
vt 7.635289 2.756130
vt 7.635301 2.756125
vt 7.635302 2.756115
vt 0.082673 2.756110
vt 0.082659 2.756117
vt 0.082641 2.756124
vt 1.347783 -4.725291
vt 2.183695 -4.725291
vt 2.183695 -7.584856
vt 1.347788 -7.592424
vt 1.347778 -7.592412
vt 2.183684 -7.584844
vt 0.511872 -4.725291
vt 0.511872 -7.598372
vt 0.511872 -7.598359
vt -0.324040 -4.725291
vt -0.324040 -7.592424
vt -0.324034 -7.592412
vt -1.159952 -4.725291
vt -1.159952 -7.584856
vt -1.159941 -7.584844
vt 0.169340 -6.782635
vt 0.169340 -6.782647
vt 0.169340 -4.725299
vt 0.511872 -6.782635
vt 0.511872 -6.782647
vt 0.511872 -4.725299
vt 0.854403 -6.782635
vt 0.854403 -6.782647
vt 0.854403 -4.725299
vt -0.324040 -5.903048
vt -1.159953 -5.807301
vt -1.159955 -7.584856
vt -0.324045 -7.592424
vt -0.324035 -7.592412
vt -1.159943 -7.584844
vt 0.511872 -5.913168
vt 0.511871 -7.598372
vt 0.511872 -7.598360
vt 1.347783 -5.903048
vt 1.347783 -7.592424
vt 1.347778 -7.592412
vt 2.183697 -5.807302
vt 2.183698 -7.584855
vt 2.183688 -7.584842
vt 0.056957 2.145353
vt -5.458332 2.145353
vt -5.458332 2.145353
vt 0.966787 2.145353
vt 0.609497 3.659669
vt 0.495828 3.670864
vt 0.495828 -4.736151
vt 0.609498 -4.736151
vt 0.609499 -4.736163
vt 0.495828 -4.736163
vt 0.495828 3.670862
vt 0.609497 3.659666
vt 0.609499 -6.047548
vt 0.495828 -6.047548
vt 0.495828 -6.047536
vt 0.609499 -6.047536
vt 0.718798 3.626512
vt 0.718801 -4.736151
vt 0.718803 -4.736163
vt 0.718798 3.626509
vt 0.718803 -6.047548
vt 0.718803 -6.047536
vt 0.819530 3.572670
vt 0.819536 -4.736151
vt 0.819537 -4.736163
vt 0.819530 3.572669
vt 0.819537 -6.047548
vt 0.819537 -6.047536
vt 0.907823 3.500210
vt 0.907830 -4.736151
vt 0.907831 -4.736163
vt 0.907822 3.500208
vt 0.907831 -6.047548
vt 0.907831 -6.047536
vt 0.980282 3.411917
vt -5.458230 3.500218
vt -5.458230 3.411926
vt -5.458242 3.411924
vt -5.458242 3.500218
vt 0.980281 3.411916
vt -6.769628 3.411924
vt -6.769628 3.500218
vt -6.769616 3.500218
vt -6.769615 3.411924
vt 1.034124 3.311185
vt -5.458230 3.311191
vt -5.458242 3.311190
vt 1.034124 3.311184
vt -6.769628 3.311190
vt -6.769615 3.311190
vt 1.067280 3.201885
vt -5.458230 3.201889
vt -5.458242 3.201888
vt 1.067280 3.201884
vt -6.769628 3.201888
vt -6.769615 3.201888
vt 1.078476 3.088216
vt -5.458230 3.088217
vt -5.458242 3.088217
vt 1.078475 3.088216
vt -6.769628 3.088216
vt -6.769615 3.088216
vt 1.067280 2.974547
vt -5.458230 2.974546
vt -5.458242 2.974545
vt 1.067280 2.974547
vt -6.769628 2.974545
vt -6.769615 2.974545
vt 1.034125 2.865247
vt -5.458230 2.865243
vt -5.458242 2.865242
vt 1.034124 2.865246
vt -6.769628 2.865242
vt -6.769615 2.865242
vt 0.980282 2.764514
vt -5.458230 2.764508
vt -5.458242 2.764507
vt 0.980281 2.764513
vt -6.769628 2.764507
vt -6.769615 2.764507
vt 0.907823 2.676222
vt -5.458230 2.676215
vt -5.458242 2.676214
vt 0.907822 2.676222
vt -6.769628 2.676214
vt -6.769615 2.676214
vt 0.819529 2.603762
vt 0.907831 -4.736151
vt 0.819537 -4.736151
vt 0.819536 -4.736163
vt 0.907831 -4.736163
vt 0.819529 2.603761
vt 0.819536 -6.047548
vt 0.907831 -6.047548
vt 0.907831 -6.047536
vt 0.819536 -6.047536
vt 0.718798 2.549919
vt 0.718804 -4.736151
vt 0.718803 -4.736163
vt 0.718798 2.549918
vt 0.718803 -6.047548
vt 0.718803 -6.047536
vt 0.609497 2.516763
vt 0.609500 -4.736151
vt 0.609499 -4.736163
vt 0.609497 2.516762
vt 0.609499 -6.047548
vt 0.609499 -6.047536
vt 0.495828 2.505568
vt 0.495829 -4.736151
vt 0.495828 -4.736163
vt 0.495828 2.505568
vt 0.495828 -6.047548
vt 0.495828 -6.047536
vt 0.382159 2.516763
vt 0.382158 -4.736151
vt 0.382157 -4.736163
vt 0.382159 2.516763
vt 0.382157 -6.047548
vt 0.382157 -6.047536
vt 0.272858 2.549920
vt 0.272855 -4.736151
vt 0.272854 -4.736163
vt 0.272858 2.549920
vt 0.272854 -6.047548
vt 0.272854 -6.047536
vt 0.172126 2.603762
vt 0.172120 -4.736151
vt 0.172119 -4.736163
vt 0.172126 2.603761
vt 0.172119 -6.047548
vt 0.172119 -6.047536
vt 0.083833 2.676222
vt 0.083826 -4.736151
vt 0.083825 -4.736163
vt 0.083833 2.676222
vt 0.083825 -6.047548
vt 0.083825 -6.047536
vt 0.011374 2.764514
vt -5.458230 2.676214
vt -5.458230 2.764507
vt -5.458242 2.764507
vt -5.458242 2.676214
vt 0.011374 2.764514
vt -6.769628 2.764507
vt -6.769628 2.676214
vt -6.769616 2.676214
vt -6.769615 2.764507
vt -0.042469 2.865247
vt -5.458230 2.865241
vt -5.458242 2.865242
vt -0.042469 2.865247
vt -6.769628 2.865242
vt -6.769615 2.865242
vt -0.075625 2.974547
vt -5.458230 2.974544
vt -5.458242 2.974545
vt -0.075625 2.974547
vt -6.769628 2.974545
vt -6.769615 2.974545
vt -0.086820 3.088216
vt -5.458230 3.088215
vt -5.458242 3.088217
vt -0.086820 3.088216
vt -6.769628 3.088216
vt -6.769615 3.088216
vt -0.075624 3.201885
vt -5.458230 3.201887
vt -5.458242 3.201888
vt -0.075624 3.201885
vt -6.769628 3.201888
vt -6.769615 3.201888
vt -0.042468 3.311187
vt -5.458230 3.311190
vt -5.458242 3.311191
vt -0.042468 3.311186
vt -6.769628 3.311191
vt -6.769615 3.311191
vt 0.011375 3.411918
vt -5.458230 3.411924
vt -5.458242 3.411925
vt 0.011374 3.411918
vt -6.769628 3.411925
vt -6.769615 3.411925
vt 0.083834 3.500210
vt -5.458230 3.500217
vt -5.458242 3.500218
vt 0.083835 3.500210
vt -6.769628 3.500218
vt -6.769615 3.500218
vt 0.172127 3.572670
vt 0.083826 -4.736151
vt 0.172119 -4.736151
vt 0.172120 -4.736163
vt 0.083826 -4.736163
vt 0.172127 3.572670
vt 0.172120 -6.047548
vt 0.083826 -6.047548
vt 0.083826 -6.047536
vt 0.172120 -6.047536
vt 0.272859 3.626512
vt 0.272853 -4.736151
vt 0.272854 -4.736163
vt 0.272859 3.626512
vt 0.272854 -6.047548
vt 0.272854 -6.047536
vt 0.382160 3.659669
vt 0.382156 -4.736151
vt 0.382157 -4.736163
vt 0.382160 3.659669
vt 0.382157 -6.047548
vt 0.382157 -6.047536
vt -1.791189 -7.577495
vt -1.791191 -7.577507
vt -1.791191 -4.725291
vt -1.791191 -7.577495
vt -1.791196 -7.577506
vt -1.791191 -5.639896
vt -1.814064 -7.480901
vt -1.814135 -7.480935
vt -1.814103 -4.725291
vt -1.814075 -7.480910
vt -1.814135 -7.480935
vt -1.814110 -5.622837
vt 2.814935 -7.577495
vt 2.814939 -7.577506
vt 2.814935 -5.639896
vt 2.814933 -7.577495
vt 2.814935 -7.577507
vt 2.814935 -4.725291
vt 2.891847 -5.607925
vt 2.837817 -7.480908
vt 2.837878 -7.480935
vt 2.837852 -5.622838
vt 2.837807 -7.480902
vt 2.837878 -7.480935
vt 2.837846 -4.725291
vt 2.837844 -7.480916
vt 2.837850 -5.622837
vt -0.173202 -6.782656
vt 0.892599 -4.725285
vt 0.892604 -6.854472
vt 0.892607 -6.854485
vt 0.511872 -4.725285
vt 0.511872 -6.854930
vt 0.511872 -6.854942
vt 0.131144 -4.725285
vt 0.131144 -6.854472
vt 0.131134 -6.854484
vt 0.218249 2.669693
vt 0.218261 2.669675
vt 0.365060 2.633761
vt 0.218275 2.669687
vt 0.365066 2.633746
vt 0.805495 2.669693
vt 0.805483 2.669675
vt 0.658683 2.633761
vt 0.658676 2.633746
vt 0.511872 2.610500
vt 0.511872 2.610486
vt 0.495828 -6.022900
vt 0.606015 -6.022900
vt 0.495828 -6.022912
vt 0.606014 -6.022912
vt 0.606012 3.642148
vt 0.495828 3.653002
vt 0.711967 -6.022900
vt 0.711966 -6.022912
vt 0.711962 3.610010
vt 0.809613 -6.022900
vt 0.809612 -6.022912
vt 0.809606 3.557819
vt 0.895200 -6.022900
vt 0.895199 -6.022912
vt 0.895191 3.487580
vt -6.744979 3.487588
vt -6.744979 3.402001
vt -6.744991 3.487589
vt -6.744991 3.402002
vt 0.965430 3.401994
vt -6.744979 3.304354
vt -6.744991 3.304355
vt 1.017622 3.304350
vt -6.744979 3.198403
vt -6.744991 3.198404
vt 1.049761 3.198401
vt -6.744979 3.088216
vt -6.744991 3.088217
vt 1.060614 3.088216
vt -6.744979 2.978029
vt -6.744991 2.978030
vt 1.049762 2.978032
vt -6.744979 2.872077
vt -6.744991 2.872078
vt 1.017622 2.872082
vt -6.744979 2.774431
vt -6.744991 2.774432
vt 0.965430 2.774438
vt -6.744979 2.688844
vt -6.744991 2.688844
vt 0.895191 2.688852
vt 0.895200 -6.022900
vt 0.809613 -6.022900
vt 0.895200 -6.022912
vt 0.809615 -6.022912
vt 0.809607 2.618613
vt 0.711967 -6.022900
vt 0.711968 -6.022912
vt 0.711962 2.566421
vt 0.606015 -6.022900
vt 0.606016 -6.022912
vt 0.606012 2.534282
vt 0.495828 -6.022900
vt 0.495829 -6.022912
vt 0.495828 2.522568
vt 0.385641 -6.022900
vt 0.385642 -6.022912
vt 0.385643 2.534281
vt 0.279689 -6.022900
vt 0.279690 -6.022912
vt 0.279693 2.566421
vt 0.182043 -6.022900
vt 0.182044 -6.022912
vt 0.182049 2.618613
vt 0.096455 -6.022900
vt 0.096456 -6.022912
vt 0.096463 2.688852
vt -6.744979 2.688844
vt -6.744979 2.774431
vt -6.744991 2.688844
vt -6.744991 2.774430
vt 0.026225 2.774437
vt -6.744979 2.872077
vt -6.744991 2.872076
vt -0.025967 2.872081
vt -6.744979 2.978029
vt -6.744991 2.978027
vt -0.058106 2.978031
vt -6.744979 3.088216
vt -6.744991 3.088215
vt -0.068958 3.088217
vt -6.744979 3.198403
vt -6.744991 3.198402
vt -0.058106 3.198401
vt -6.744983 3.304348
vt -6.744991 3.304355
vt -0.025968 3.304358
vt -5.458602 3.398318
vt -5.458766 3.398313
vt 0.031766 3.398319
vt -6.744983 3.487594
vt -6.744991 3.487589
vt 0.096457 3.487579
vt 0.096461 -6.022904
vt 0.182044 -6.022900
vt 0.096456 -6.022912
vt 0.182043 -6.022912
vt 0.182050 3.557819
vt 0.279690 -6.022900
vt 0.279689 -6.022912
vt 0.279694 3.610011
vt 0.385642 -6.022900
vt 0.385641 -6.022912
vt 0.385644 3.642150
vt -5.458849 2.750490
vt -5.458332 2.145353
vt -5.458866 2.750490
vt -5.458866 2.767185
vt -5.458332 2.145353
vt -5.458849 2.767185
vt 0.056957 2.145353
vt 0.056957 2.145353
vt -6.635260 2.145353
vt -6.635260 2.145353
vt 0.966787 2.145353
vt 0.966787 2.145353
vt -6.635248 2.145353
vt -6.635248 2.145353
vt 1.347778 -7.592412
vt 2.183684 -7.584844
vt 1.347788 -7.592424
vt 2.183695 -7.584856
vt 2.183695 7.169450
vt 1.347783 7.169451
vt 0.511872 -7.598359
vt 0.511872 -7.598372
vt 1.347783 7.169450
vt 0.511872 7.169450
vt -0.324035 -7.592412
vt -0.324040 -7.592424
vt -0.324040 7.169450
vt -1.159941 -7.584844
vt -1.159952 -7.584856
vt -1.159952 7.169450
vt 0.169340 7.169458
vt 0.169340 -6.782647
vt 0.169340 -6.782647
vt 0.511872 7.169458
vt 0.511872 -6.782647
vt 0.511872 -6.782647
vt 0.854403 7.169458
vt 0.854403 -6.782647
vt 0.854403 -6.782647
vt -0.324035 -7.592412
vt -1.159943 -7.584844
vt -0.324045 -7.592424
vt -1.159955 -7.584856
vt -1.159953 8.251459
vt -0.324040 8.347205
vt 0.511872 -7.598360
vt 0.511872 -7.598372
vt 0.511872 8.357327
vt 1.347778 -7.592412
vt 1.347783 -7.592424
vt 1.347783 8.347205
vt 2.183686 -7.584844
vt 2.183698 -7.584855
vt 2.183697 8.251460
vt 6.458333 2.145353
vt 0.056957 2.145353
vt 0.966787 2.145353
vt 6.458345 2.145353
vt 0.609499 7.180322
vt 0.495828 7.180322
vt 0.609499 7.180310
vt 0.495829 7.180310
vt 0.495828 3.670864
vt 0.609497 3.659669
vt 0.495828 8.491694
vt 0.609499 8.491694
vt 0.495828 8.491707
vt 0.609498 8.491707
vt 0.609497 3.659666
vt 0.495828 3.670863
vt 0.718803 7.180322
vt 0.718803 7.180310
vt 0.718798 3.626512
vt 0.718803 8.491694
vt 0.718801 8.491707
vt 0.718798 3.626510
vt 0.819537 7.180322
vt 0.819537 7.180310
vt 0.819530 3.572670
vt 0.819537 8.491694
vt 0.819536 8.491707
vt 0.819530 3.572670
vt 0.907831 7.180322
vt 0.907831 7.180310
vt 0.907823 3.500210
vt 0.907831 8.491694
vt 0.907830 8.491707
vt 0.907823 3.500210
vt 6.458243 3.411924
vt 6.458243 3.500218
vt 6.458231 3.411924
vt 6.458231 3.500217
vt 0.980282 3.411917
vt 7.769615 3.500218
vt 7.769615 3.411924
vt 7.769628 3.500218
vt 7.769628 3.411925
vt 0.980282 3.411917
vt 6.458243 3.311190
vt 6.458231 3.311190
vt 1.034125 3.311185
vt 7.769615 3.311190
vt 7.769628 3.311191
vt 1.034124 3.311185
vt 6.458243 3.201888
vt 6.458231 3.201888
vt 1.067280 3.201885
vt 7.769615 3.201888
vt 7.769628 3.201889
vt 1.067280 3.201885
vt 6.458243 3.088216
vt 6.458231 3.088216
vt 1.078476 3.088216
vt 7.769615 3.088217
vt 7.769628 3.088217
vt 1.078475 3.088216
vt 6.458243 2.974545
vt 6.458231 2.974545
vt 1.067280 2.974547
vt 7.769615 2.974545
vt 7.769628 2.974546
vt 1.067280 2.974547
vt 6.458243 2.865242
vt 6.458231 2.865242
vt 1.034125 2.865247
vt 7.769615 2.865242
vt 7.769628 2.865243
vt 1.034124 2.865247
vt 6.458243 2.764507
vt 6.458231 2.764507
vt 0.980282 2.764514
vt 7.769615 2.764507
vt 7.769628 2.764508
vt 0.980281 2.764514
vt 6.458243 2.676214
vt 6.458231 2.676214
vt 0.907823 2.676222
vt 7.769615 2.676214
vt 7.769628 2.676215
vt 0.907823 2.676222
vt 0.819536 7.180322
vt 0.907831 7.180322
vt 0.819536 7.180310
vt 0.907830 7.180310
vt 0.819529 2.603762
vt 0.907831 8.491694
vt 0.819536 8.491694
vt 0.907831 8.491707
vt 0.819537 8.491707
vt 0.819529 2.603761
vt 0.718803 7.180322
vt 0.718803 7.180310
vt 0.718798 2.549919
vt 0.718803 8.491694
vt 0.718804 8.491707
vt 0.718798 2.549919
vt 0.609499 7.180322
vt 0.609499 7.180310
vt 0.609497 2.516763
vt 0.609499 8.491694
vt 0.609500 8.491707
vt 0.609497 2.516763
vt 0.495828 7.180322
vt 0.495828 7.180310
vt 0.495828 2.505568
vt 0.495828 8.491694
vt 0.495829 8.491707
vt 0.495828 2.505568
vt 0.382157 7.180322
vt 0.382157 7.180310
vt 0.382159 2.516763
vt 0.382157 8.491694
vt 0.382158 8.491707
vt 0.382159 2.516763
vt 0.272854 7.180322
vt 0.272854 7.180310
vt 0.272858 2.549920
vt 0.272854 8.491694
vt 0.272855 8.491707
vt 0.272858 2.549919
vt 0.172119 7.180322
vt 0.172119 7.180310
vt 0.172126 2.603762
vt 0.172119 8.491694
vt 0.172120 8.491707
vt 0.172126 2.603761
vt 0.083825 7.180322
vt 0.083825 7.180310
vt 0.083833 2.676222
vt 0.083825 8.491694
vt 0.083826 8.491707
vt 0.083833 2.676222
vt 6.458243 2.764507
vt 6.458243 2.676214
vt 6.458231 2.764507
vt 6.458231 2.676215
vt 0.011374 2.764514
vt 7.769615 2.676214
vt 7.769615 2.764507
vt 7.769628 2.676214
vt 7.769628 2.764506
vt 0.011374 2.764513
vt 6.458243 2.865242
vt 6.458231 2.865242
vt -0.042469 2.865247
vt 7.769615 2.865242
vt 7.769628 2.865241
vt -0.042469 2.865246
vt 6.458243 2.974545
vt 6.458231 2.974545
vt -0.075625 2.974547
vt 7.769615 2.974545
vt 7.769628 2.974544
vt -0.075625 2.974547
vt 6.458243 3.088216
vt 6.458231 3.088216
vt -0.086820 3.088216
vt 7.769615 3.088217
vt 7.769628 3.088215
vt -0.086820 3.088216
vt 6.458243 3.201888
vt 6.458231 3.201888
vt -0.075624 3.201885
vt 7.769615 3.201888
vt 7.769628 3.201887
vt -0.075624 3.201884
vt 6.458243 3.311191
vt 6.458231 3.311191
vt -0.042468 3.311186
vt 7.769615 3.311191
vt 7.769628 3.311190
vt -0.042468 3.311185
vt 6.458243 3.411925
vt 6.458231 3.411925
vt 0.011375 3.411918
vt 7.769615 3.411925
vt 7.769628 3.411924
vt 0.011374 3.411917
vt 6.458243 3.500218
vt 6.458231 3.500218
vt 0.083834 3.500210
vt 7.769615 3.500218
vt 7.769628 3.500217
vt 0.083834 3.500208
vt 0.172120 7.180322
vt 0.083826 7.180322
vt 0.172120 7.180310
vt 0.083827 7.180310
vt 0.172127 3.572670
vt 0.083826 8.491694
vt 0.172120 8.491694
vt 0.083826 8.491707
vt 0.172119 8.491707
vt 0.172127 3.572669
vt 0.272854 7.180322
vt 0.272854 7.180310
vt 0.272859 3.626512
vt 0.272854 8.491694
vt 0.272853 8.491707
vt 0.272859 3.626511
vt 0.382157 7.180322
vt 0.382157 7.180310
vt 0.382160 3.659669
vt 0.382157 8.491694
vt 0.382156 8.491707
vt 0.382159 3.659668
vt -1.791191 7.169450
vt -1.791191 -7.577507
vt -1.791189 -7.577495
vt -1.791191 8.084055
vt -1.791196 -7.577506
vt -1.791192 -7.577495
vt -1.814103 7.169451
vt -1.814135 -7.480935
vt -1.814064 -7.480902
vt -1.814109 8.066994
vt -1.814135 -7.480935
vt -1.814074 -7.480908
vt 2.814935 8.084054
vt 2.814940 -7.577506
vt 2.814935 -7.577496
vt 2.814935 7.169450
vt 2.814935 -7.577507
vt 2.814933 -7.577495
vt 2.891847 7.169463
vt 2.837853 8.066995
vt 2.837878 -7.480935
vt 2.837817 -7.480910
vt 2.837847 7.169451
vt 2.837878 -7.480935
vt 2.837807 -7.480901
vt 2.837844 -7.480916
vt 1.196945 -6.782656
vt 0.892607 -6.854485
vt 0.892604 -6.854472
vt 0.892599 7.169444
vt 0.511872 -6.854942
vt 0.511872 -6.854930
vt 0.511872 7.169444
vt 0.131134 -6.854484
vt 0.131144 -6.854472
vt 0.131144 7.169444
vt 0.218261 2.669675
vt 0.218249 2.669693
vt 0.365067 2.633746
vt 0.218275 2.669687
vt 0.365060 2.633761
vt 0.805483 2.669675
vt 0.805495 2.669693
vt 0.658676 2.633746
vt 0.658683 2.633761
vt 0.511872 2.610486
vt 0.511872 2.610500
vt 0.495828 3.653002
vt 0.606012 3.642148
vt 0.606015 8.467071
vt 0.495828 8.467071
vt 0.495828 8.467058
vt 0.606015 8.467058
vt 0.711962 3.610009
vt 0.711967 8.467071
vt 0.711967 8.467058
vt 0.809606 3.557818
vt 0.809614 8.467071
vt 0.809613 8.467058
vt 0.895191 3.487579
vt 0.895200 8.467071
vt 0.895200 8.467058
vt 0.965430 3.401994
vt 7.744992 3.402001
vt 7.744992 3.487589
vt 7.744980 3.487589
vt 7.744979 3.402001
vt 1.017622 3.304350
vt 7.744992 3.304354
vt 7.744979 3.304354
vt 1.049762 3.198401
vt 7.744992 3.198403
vt 7.744979 3.198403
vt 1.060614 3.088217
vt 7.744992 3.088216
vt 7.744979 3.088216
vt 1.049761 2.978032
vt 7.744992 2.978029
vt 7.744979 2.978029
vt 1.017623 2.872082
vt 7.744992 2.872077
vt 7.744979 2.872077
vt 0.965430 2.774438
vt 7.744992 2.774431
vt 7.744979 2.774431
vt 0.895191 2.688853
vt 7.744992 2.688844
vt 7.744979 2.688844
vt 0.809606 2.618613
vt 0.809614 8.467071
vt 0.895200 8.467071
vt 0.895200 8.467058
vt 0.809613 8.467058
vt 0.711962 2.566422
vt 0.711967 8.467071
vt 0.711967 8.467058
vt 0.606012 2.534282
vt 0.606015 8.467071
vt 0.606015 8.467058
vt 0.495828 2.522568
vt 0.495828 8.467071
vt 0.495828 8.467058
vt 0.385643 2.534281
vt 0.385641 8.467071
vt 0.385641 8.467058
vt 0.279693 2.566422
vt 0.279689 8.467071
vt 0.279689 8.467058
vt 0.182049 2.618613
vt 0.182043 8.467071
vt 0.182043 8.467058
vt 0.096463 2.688852
vt 0.096455 8.467071
vt 0.096455 8.467058
vt 0.026225 2.774438
vt 7.744992 2.774431
vt 7.744992 2.688844
vt 7.744980 2.688844
vt 7.744979 2.774431
vt -0.025967 2.872081
vt 7.744992 2.872077
vt 7.744979 2.872077
vt -0.058106 2.978031
vt 7.744992 2.978029
vt 7.744979 2.978029
vt -0.068959 3.088217
vt 7.744992 3.088216
vt 7.744979 3.088216
vt -0.058106 3.198401
vt 7.744992 3.198403
vt 7.744979 3.198403
vt -0.025968 3.304357
vt 7.744992 3.304355
vt 7.744983 3.304348
vt 0.031766 3.398318
vt 6.458768 3.398313
vt 6.458603 3.398318
vt 0.096457 3.487579
vt 7.744992 3.487589
vt 7.744984 3.487594
vt 0.182050 3.557819
vt 0.182044 8.467071
vt 0.096456 8.467071
vt 0.096461 8.467062
vt 0.182044 8.467058
vt 0.279694 3.610011
vt 0.279690 8.467071
vt 0.279690 8.467058
vt 0.385644 3.642150
vt 0.385642 8.467071
vt 0.385642 8.467058
vt 6.458867 2.750489
vt 6.458333 2.145353
vt 6.458850 2.750490
vt 6.458850 2.767185
vt 6.458333 2.145353
vt 6.458867 2.767185
vt 7.635249 2.145353
vt 0.056957 2.145353
vt 0.056957 2.145353
vt 0.966773 2.145353
vt 0.966787 2.145353
vt 7.635261 2.145353
vt 7.635249 2.145353
vt 0.645666 -5.989029
vt 0.571738 -5.989029
vt 0.570527 1.222080
vt 0.643292 1.222080
vt 0.571738 -5.989029
vt 0.645666 -5.989029
vt 0.643292 1.222080
vt 0.570528 1.222080
vt 0.216193 -5.989029
vt 0.275912 -5.989029
vt 0.279358 1.222080
vt 0.220579 1.222080
vt 0.494855 -5.989029
vt 0.494855 1.222080
vt 0.713799 -5.989029
vt 0.710352 1.222080
vt 0.344044 -5.989029
vt 0.346419 1.222080
vt 0.417972 -5.989029
vt 0.419182 1.222080
vt 0.773518 -5.989029
vt 0.772268 1.222080
vt 0.417973 -5.989029
vt 0.419183 1.222080
vt 0.344044 -5.989029
vt 0.346418 1.222080
vt -6.711108 3.367021
vt -6.711108 3.307302
vt 0.500000 3.303856
vt 0.500000 3.365749
vt 0.494855 -5.989029
vt 0.494855 1.222080
vt 0.275911 -5.989029
vt 0.279358 1.222080
vt -6.711108 3.239169
vt 0.500000 3.236795
vt 0.216192 -5.989029
vt 0.220579 1.222080
vt -6.711108 3.165241
vt 0.500000 3.164031
vt -6.711108 2.809696
vt -6.711108 2.869414
vt 0.500000 2.872861
vt 0.500000 2.814082
vt -6.711108 3.088358
vt 0.500000 3.088358
vt -6.711108 2.937547
vt 0.500000 2.939921
vt -6.711108 3.011476
vt 0.500000 3.012686
vt -6.711108 3.011476
vt 0.500000 3.012686
vt -6.711108 2.937547
vt 0.500000 2.939921
vt -6.711108 3.088359
vt 0.500000 3.088359
vt -6.711108 2.869414
vt 0.500000 2.872861
vt -6.711108 3.165242
vt 0.500000 3.164031
vt -6.711108 2.809696
vt 0.500000 2.814082
vt -6.711108 3.239170
vt 0.500000 3.236795
vt 0.773518 -5.989029
vt 0.713799 -5.989029
vt 0.710352 1.222080
vt 0.769131 1.222080
vt -6.711108 3.307302
vt 0.500000 3.303856
vt -6.711108 3.367021
vt 0.500000 3.362634
vt 0.645666 8.433187
vt 0.571738 8.433187
vt 0.494855 3.476243
vt 0.419183 3.468790
vt 0.346419 3.446717
vt 0.279358 3.410873
vt 0.220579 3.362634
vt 0.172341 3.303856
vt 0.136497 3.236795
vt 0.114423 3.164031
vt 0.106970 3.088359
vt 0.114423 3.012686
vt 0.136496 2.939921
vt 0.172341 2.872861
vt 0.220579 2.814082
vt 0.279358 2.765844
vt 0.346418 2.730000
vt 0.419182 2.707927
vt 0.494855 2.700474
vt 0.570527 2.707927
vt 0.643292 2.730000
vt 0.710352 2.765844
vt 0.769131 2.814082
vt 0.817369 2.872861
vt 0.853213 2.939921
vt 0.875287 3.012686
vt 0.882740 3.088358
vt 0.875287 3.164031
vt 0.853213 3.236795
vt 0.817369 3.303856
vt 0.772268 3.365749
vt 0.710352 3.410873
vt 0.643292 3.446717
vt 0.570528 3.468790
vt 0.571738 8.433187
vt 0.645666 8.433187
vt 0.216193 8.433187
vt 0.275912 8.433187
vt 0.494855 8.433187
vt 0.713799 8.433187
vt 0.344044 8.433187
vt 0.417972 8.433187
vt 0.773518 8.433187
vt 0.417973 8.433187
vt 0.344044 8.433187
vt 7.711108 3.367021
vt 7.711108 3.307302
vt 0.494855 8.433187
vt 0.275911 8.433187
vt 7.711108 3.239169
vt 0.216192 8.433187
vt 7.711108 3.165241
vt 7.711108 2.809696
vt 7.711108 2.869414
vt 7.711108 3.088358
vt 7.711108 2.937547
vt 7.711108 3.011476
vt 7.711108 3.011476
vt 7.711108 2.937547
vt 7.711108 3.088359
vt 7.711108 2.869414
vt 7.711108 3.165242
vt 7.711108 2.809696
vt 7.711108 3.239170
vt 0.773518 8.433187
vt 0.713799 8.433187
vt 7.711108 3.307302
vt 7.711108 3.367021
vn -0.9757 0.2189 0.0000
vn -0.1460 -0.9217 -0.3594
vn -0.2266 -0.9257 -0.3029
vn 0.1460 -0.9217 -0.3594
vn 0.5582 -0.7472 -0.3607
vn 0.2266 -0.9257 -0.3029
vn -0.0000 0.0008 -1.0000
vn 0.9715 0.2370 0.0000
vn -0.4739 -0.7549 -0.4535
vn 0.0000 0.0000 1.0000
vn -0.2266 -0.9257 0.3029
vn 0.1460 -0.9217 0.3594
vn -0.1460 -0.9217 0.3594
vn 0.5582 -0.7472 0.3607
vn 0.2266 -0.9257 0.3029
vn -0.4739 -0.7548 0.4535
vn -0.0000 0.0008 1.0000
vn -0.0000 0.0000 -1.0000
vn -0.2916 0.1292 -0.9478
vn -0.9310 0.3159 -0.1829
vn -0.7484 0.2371 -0.6194
vn 0.2843 0.1451 -0.9477
vn 0.7475 0.2536 -0.6140
vn 0.9257 0.3208 -0.2006
vn -0.2564 0.0988 0.9615
vn -0.7139 0.2313 0.6610
vn -0.9240 0.3287 0.1955
vn -0.7071 0.7071 0.0000
vn 0.9162 0.3395 0.2127
vn 0.7002 0.2830 0.6555
vn 0.2890 0.1087 0.9511
vn -0.4714 -0.6894 -0.5500
vn -0.2393 -0.9696 0.0504
vn 0.4407 -0.6449 -0.6244
vn 0.2393 -0.9696 0.0504
vn 0.1410 -0.9870 -0.0769
vn -0.1410 -0.9870 -0.0769
vn -0.4568 0.0196 -0.8893
vn 0.4511 0.0193 -0.8923
vn 0.9384 0.2255 -0.2617
vn 0.6394 0.1721 -0.7493
vn 0.2617 0.0714 -0.9625
vn -0.9379 0.2095 -0.2764
vn -0.6561 0.1572 -0.7381
vn -0.2811 0.0672 -0.9573
vn -0.7832 0.6218 -0.0022
vn 0.7685 0.6398 -0.0021
vn -0.4848 -0.7016 0.5221
vn -0.2393 -0.9696 -0.0504
vn 0.4971 -0.6234 0.6036
vn 0.2273 -0.9725 -0.0505
vn 0.1535 -0.9852 0.0768
vn -0.1535 -0.9852 0.0768
vn -0.4201 0.0200 0.9073
vn 0.4140 0.0197 0.9100
vn 0.2617 0.0714 0.9625
vn 0.6394 0.1721 0.7493
vn 0.9384 0.2255 0.2617
vn -0.2462 0.0603 0.9673
vn -0.6754 0.1606 0.7198
vn -0.9438 0.2035 0.2604
vn -0.7853 0.6191 0.0022
vn 0.7685 0.6398 0.0021
vn -0.0362 0.0901 -0.9953
vn -0.0814 0.0413 -0.9958
vn -0.1223 0.0089 -0.9925
vn 0.0000 0.0012 -1.0000
vn 0.5340 0.8366 -0.1227
vn 0.5234 0.8513 -0.0364
vn 0.5519 0.8305 0.0750
vn 0.5410 0.8321 0.1217
vn 0.9736 0.1440 0.1769
vn 0.9694 0.1528 -0.1919
vn 0.9863 0.0539 -0.1556
vn 0.9878 0.0515 0.1469
vn 0.0522 0.0035 0.9986
vn 0.1606 0.0278 0.9866
vn 0.1116 0.0069 0.9937
vn -0.0059 0.0039 1.0000
vn -0.1798 0.0411 0.9828
vn -0.0522 0.0035 0.9986
vn 0.0058 0.0039 1.0000
vn -0.1032 0.0070 0.9946
vn -0.0680 -0.9906 -0.1191
vn -0.0104 -0.9918 -0.1272
vn -0.0386 -0.9914 0.1254
vn -0.1069 -0.9849 0.1363
vn -0.0012 -0.1298 -0.9915
vn -0.0136 -0.0048 -0.9999
vn -0.0002 -0.1431 -0.9897
vn -0.0010 -0.1315 -0.9913
vn -0.0000 -0.1288 -0.9917
vn 0.0000 -0.1320 -0.9912
vn 0.0104 -0.9918 -0.1272
vn 0.0672 -0.9904 -0.1209
vn 0.1058 -0.9859 0.1296
vn 0.0385 -0.9908 0.1300
vn 0.0010 -0.1299 -0.9915
vn 0.0002 -0.1364 -0.9907
vn 0.0136 -0.0041 -0.9999
vn 0.0012 -0.1285 -0.9917
vn -0.0312 -0.1330 -0.9906
vn -0.0566 -0.1271 -0.9903
vn -0.0822 -0.1160 -0.9898
vn -0.0971 -0.0977 -0.9905
vn -0.1128 -0.0757 -0.9907
vn -0.1302 -0.0532 -0.9901
vn -0.1296 -0.0268 -0.9912
vn -0.1297 -0.0000 -0.9916
vn -0.1296 0.0269 -0.9912
vn -0.1137 0.0528 -0.9921
vn -0.0990 0.0783 -0.9920
vn -0.1047 0.0969 -0.9898
vn -0.0880 0.1145 -0.9895
vn -0.0576 0.1290 -0.9900
vn -0.0317 0.1393 -0.9897
vn -0.0004 0.1420 -0.9899
vn 0.0313 0.1350 -0.9904
vn 0.0575 0.1290 -0.9900
vn 0.0804 0.1146 -0.9902
vn 0.0971 0.0972 -0.9905
vn 0.0997 0.0788 -0.9919
vn 0.1145 0.0533 -0.9920
vn 0.1296 0.0269 -0.9912
vn 0.1297 -0.0000 -0.9916
vn 0.1305 -0.0272 -0.9911
vn 0.1144 -0.0534 -0.9920
vn 0.0975 -0.0767 -0.9923
vn 0.0892 -0.0975 -0.9912
vn 0.0820 -0.1163 -0.9898
vn 0.0658 -0.1288 -0.9895
vn 0.0314 -0.1349 -0.9904
vn 0.0002 -0.1357 -0.9908
vn 0.1579 -0.1195 0.9802
vn 0.0161 -0.0008 0.9999
vn 0.0547 -0.1307 0.9899
vn 0.0000 -0.0018 1.0000
vn -0.0001 -0.1348 0.9909
vn -0.0161 -0.0008 0.9999
vn -0.0541 -0.1318 0.9898
vn 0.6055 0.7778 -0.1682
vn 0.7090 0.6904 -0.1438
vn 0.7488 0.6628 0.0007
vn 0.6011 0.7992 0.0004
vn -0.0693 0.9848 -0.1591
vn 0.0000 0.9913 -0.1314
vn 0.0000 1.0000 0.0002
vn -0.0834 0.9965 0.0002
vn 0.0779 -0.9867 -0.1426
vn 0.0037 -0.9907 -0.1363
vn 0.0060 -1.0000 -0.0005
vn 0.1485 -0.9889 -0.0011
vn 0.0362 0.0953 -0.9948
vn -0.0000 0.1335 -0.9910
vn 0.1922 -0.9738 0.1215
vn -0.0000 -0.9926 0.1214
vn -0.0009 -0.9926 -0.1214
vn 0.1909 -0.9740 -0.1216
vn -0.3789 -0.9155 0.1354
vn -0.5558 -0.8204 0.1346
vn -0.5477 -0.8255 -0.1363
vn -0.3761 -0.9165 -0.1360
vn -0.7054 -0.6985 0.1205
vn -0.7005 -0.7019 -0.1288
vn -0.8268 -0.5487 0.1235
vn -0.8245 -0.5518 -0.1252
vn -0.9168 -0.3780 0.1289
vn -0.9158 -0.3811 -0.1268
vn -0.9710 -0.1968 0.1357
vn -0.9725 -0.1955 -0.1262
vn -0.9908 -0.0014 0.1352
vn -0.9922 -0.0013 -0.1248
vn -0.9726 0.1945 0.1271
vn -0.9733 0.1931 -0.1245
vn -0.9177 0.3783 0.1216
vn -0.9152 0.3819 -0.1287
vn -0.8233 0.5519 0.1325
vn -0.8236 0.5507 -0.1359
vn -0.7003 0.7014 0.1326
vn -0.7033 0.6973 -0.1381
vn -0.5543 0.8235 0.1209
vn -0.5531 0.8232 -0.1279
vn -0.3804 0.9168 0.1215
vn -0.3770 0.9182 -0.1218
vn -0.1949 0.9714 0.1355
vn -0.1922 0.9738 -0.1215
vn 0.0004 0.9908 0.1357
vn -0.0002 0.9917 -0.1286
vn 0.1904 0.9723 0.1356
vn 0.1913 0.9711 -0.1428
vn 0.3802 0.9160 0.1283
vn 0.3770 0.9172 -0.1286
vn 0.5574 0.8225 0.1132
vn 0.5496 0.8275 -0.1147
vn 0.7043 0.6984 0.1275
vn 0.6997 0.7021 -0.1322
vn 0.8235 0.5508 0.1359
vn 0.8231 0.5505 -0.1395
vn 0.9146 0.3815 0.1341
vn 0.9146 0.3816 -0.1341
vn 0.9730 0.1930 0.1263
vn 0.9723 0.1944 -0.1299
vn 0.9921 -0.0013 0.1257
vn 0.9916 0.0000 -0.1293
vn 0.9724 -0.1955 0.1271
vn 0.9724 -0.1955 -0.1271
vn 0.9147 -0.3814 0.1339
vn 0.9151 -0.3817 -0.1304
vn 0.8224 -0.5498 0.1465
vn 0.8234 -0.5509 -0.1360
vn 0.7030 -0.6969 0.1416
vn 0.7002 -0.7009 -0.1360
vn 0.5551 -0.8197 0.1417
vn 0.5473 -0.8245 -0.1434
vn 0.3789 -0.9155 0.1354
vn 0.3758 -0.9167 -0.1359
vn -0.1922 -0.9738 0.1215
vn -0.1914 -0.9731 -0.1285
vn -0.6117 0.7821 -0.1187
vn -0.6236 0.7725 0.1202
vn -0.5464 0.8253 0.1429
vn -0.5312 0.8377 -0.1270
vn -0.9433 0.3030 -0.1358
vn -0.9462 0.3041 0.1105
vn -0.8812 0.4570 0.1213
vn -0.8779 0.4604 -0.1318
vn 0.1690 -0.9796 -0.1085
vn 0.2059 -0.9703 0.1269
vn -0.5875 -0.7947 -0.1525
vn -0.6207 -0.7741 0.1249
vn -0.7186 -0.6864 0.1122
vn -0.7011 -0.6969 -0.1510
vn -0.2098 -0.9674 0.1420
vn -0.1827 -0.9788 -0.0921
vn 0.6074 0.7871 0.1075
vn 0.6043 0.7886 -0.1134
vn 0.9383 0.3273 0.1117
vn 0.9377 0.3223 -0.1298
vn 0.8792 0.4623 -0.1156
vn 0.8767 0.4662 0.1182
vn -0.0013 -0.9907 -0.1362
vn -0.0779 -0.9871 -0.1402
vn -0.1431 -0.9897 -0.0002
vn -0.0014 -1.0000 -0.0002
vn 0.6098 -0.7850 0.1094
vn 0.5742 -0.8096 -0.1219
vn 0.6796 -0.7241 -0.1177
vn 0.7086 -0.6986 0.0993
vn 0.0000 0.1284 -0.9917
vn 0.0081 -0.9931 -0.1167
vn 0.0184 -0.9882 0.1521
vn 0.0000 -0.9932 -0.1167
vn 0.0000 -0.9888 0.1495
vn -0.0081 -0.9931 -0.1167
vn -0.0185 -0.9896 0.1423
vn -0.0000 -0.9918 -0.1278
vn 0.0000 -1.0000 -0.0002
vn 0.0000 0.1309 -0.9914
vn -0.1565 -0.1164 0.9808
vn 0.1402 -0.0130 0.9900
vn 0.0239 -0.0587 0.9980
vn 0.9859 0.1375 -0.0956
vn 0.9727 0.1449 0.1812
vn -0.0006 0.0059 1.0000
vn 0.0239 -0.1182 0.9927
vn -0.9711 0.1509 0.1850
vn -0.9871 0.0538 0.1510
vn -0.9872 0.0523 -0.1507
vn -0.9747 0.1399 -0.1741
vn 0.0006 0.0059 1.0000
vn -0.0235 -0.1163 0.9929
vn -0.0130 -0.0613 0.9980
vn -0.1951 0.9808 -0.0052
vn -0.1885 0.9734 0.1300
vn 0.0012 0.9934 0.1151
vn 0.0000 1.0000 -0.0052
vn 0.3827 0.9239 -0.0052
vn 0.3713 0.9192 0.1309
vn 0.5469 0.8245 0.1448
vn 0.5556 0.8315 -0.0052
vn 0.7016 0.6993 0.1368
vn 0.7071 0.7071 -0.0052
vn 0.8260 0.5504 0.1216
vn 0.8315 0.5556 -0.0052
vn 0.9181 0.3775 0.1211
vn 0.9239 0.3827 -0.0052
vn 0.9737 0.1928 0.1211
vn 0.9808 0.1951 -0.0052
vn 0.9926 0.0000 0.1214
vn 1.0000 0.0000 -0.0052
vn 0.9718 -0.1970 0.1298
vn 0.9808 -0.1951 -0.0052
vn 0.9182 -0.3756 0.1256
vn 0.9239 -0.3827 -0.0052
vn 0.8303 -0.5437 0.1223
vn 0.8315 -0.5556 -0.0052
vn 0.7021 -0.6995 0.1333
vn 0.7071 -0.7071 -0.0052
vn 0.5542 -0.8223 0.1294
vn 0.5556 -0.8315 -0.0052
vn 0.3813 -0.9153 0.1296
vn 0.3827 -0.9239 -0.0052
vn 0.1964 -0.9698 0.1445
vn 0.1989 -0.9800 -0.0052
vn -0.0006 -0.9916 0.1295
vn -0.0000 -1.0000 -0.0052
vn -0.1968 -0.9737 0.1149
vn -0.1989 -0.9800 -0.0052
vn -0.3814 -0.9163 0.1222
vn -0.3827 -0.9239 -0.0052
vn -0.5537 -0.8226 0.1292
vn -0.5556 -0.8315 -0.0052
vn -0.7021 -0.6995 0.1333
vn -0.7071 -0.7071 -0.0052
vn -0.8303 -0.5437 0.1223
vn -0.8315 -0.5556 -0.0052
vn -0.9182 -0.3756 0.1256
vn -0.9239 -0.3827 -0.0052
vn -0.9716 -0.1970 0.1307
vn -0.9808 -0.1951 -0.0052
vn -0.9919 0.0014 0.1271
vn -1.0000 0.0000 -0.0052
vn -0.9769 0.1928 0.0922
vn -0.9808 0.1951 -0.0052
vn -0.9411 0.3363 0.0362
vn -0.9239 0.3826 -0.0052
vn -0.8306 0.5569 -0.0053
vn -0.8347 0.5508 -0.0052
vn -0.6770 0.7356 0.0251
vn -0.7070 0.7072 -0.0052
vn -0.5605 0.8243 0.0798
vn -0.5556 0.8315 -0.0052
vn -0.3782 0.9166 0.1300
vn -0.3827 0.9239 -0.0052
vn 0.1900 0.9750 0.1152
vn 0.1951 0.9808 -0.0052
vn -0.0273 -0.1350 0.9905
vn -0.0000 -0.1377 0.9905
vn 0.0273 -0.1350 0.9905
vn -0.0715 -0.1131 0.9910
vn -0.0526 -0.1272 0.9905
vn -0.0880 -0.0959 0.9915
vn -0.1133 -0.0764 0.9906
vn -0.1302 -0.0530 0.9901
vn -0.1308 -0.0272 0.9910
vn -0.1304 0.0000 0.9915
vn -0.1460 0.0270 0.9889
vn -0.1458 0.0531 0.9879
vn -0.1154 0.0785 0.9902
vn -0.0999 0.1003 0.9899
vn -0.0813 0.1142 0.9901
vn -0.0564 0.1274 0.9903
vn -0.0322 0.1391 0.9898
vn -0.0004 0.1378 0.9905
vn 0.0277 0.1350 0.9905
vn 0.0541 0.1311 0.9899
vn 0.0832 0.1178 0.9895
vn 0.1071 0.0994 0.9893
vn 0.1293 0.0769 0.9886
vn 0.1526 0.0524 0.9869
vn 0.1608 0.0269 0.9866
vn 0.1604 0.0000 0.9871
vn 0.1457 -0.0271 0.9890
vn 0.1389 -0.0533 0.9889
vn 0.1235 -0.0781 0.9893
vn 0.0906 -0.0989 0.9910
vn 0.0737 -0.1165 0.9905
vn 0.0536 -0.1290 0.9902
vn 0.0001 0.0000 1.0000
vn -0.0001 0.0000 1.0000
vn 0.0000 0.9926 -0.1218
vn -0.2915 0.1720 0.9410
vn -0.3625 0.1592 0.9183
vn -0.4261 0.0091 0.9046
vn -0.3269 -0.1093 0.9387
vn -0.2427 -0.1121 0.9636
vn -0.7180 0.6825 -0.1367
vn -0.6162 0.7715 -0.1583
vn -0.6229 0.7823 0.0002
vn -0.7635 0.6458 0.0001
vn -0.0105 -0.1366 -0.9906
vn -0.0832 -0.1820 -0.9798
vn -0.2063 -0.0545 -0.9770
vn -0.1474 0.1241 -0.9813
vn -0.0901 0.1774 -0.9800
vn -0.5488 0.8309 0.0919
vn -0.5396 0.8382 -0.0789
vn 0.0904 0.0370 -0.9952
vn 0.1223 0.0089 -0.9925
vn 0.1070 0.2047 -0.9730
vn 0.1451 0.1238 -0.9816
vn 0.2003 -0.0468 -0.9786
vn 0.0825 -0.1754 -0.9810
vn 0.0108 -0.1413 -0.9899
vn 0.0758 0.9868 -0.1430
vn 0.0965 0.9953 0.0002
vn 0.0000 0.0061 1.0000
vn 0.2428 -0.1108 0.9637
vn 0.3319 -0.1085 0.9371
vn 0.4177 0.0098 0.9085
vn 0.3604 0.1449 0.9215
vn 0.2200 0.1040 0.9700
vn -0.0309 0.1741 0.9843
vn -0.0553 0.1743 0.9831
vn -0.0798 0.1736 0.9816
vn -0.0973 0.1658 0.9813
vn -0.1090 0.1330 0.9851
vn -0.1172 0.0783 0.9900
vn -0.1657 0.0596 0.9844
vn -0.1892 0.0369 0.9812
vn -0.2051 0.0101 0.9787
vn -0.2052 -0.0158 0.9786
vn -0.1736 -0.0406 0.9840
vn -0.1580 -0.0626 0.9855
vn -0.1333 -0.0812 0.9877
vn -0.0985 -0.0928 0.9908
vn -0.0788 -0.0962 0.9922
vn -0.0506 -0.1047 0.9932
vn -0.0287 -0.1010 0.9945
vn -0.0135 -0.0912 0.9957
vn 0.0206 -0.0802 0.9966
vn 0.0459 -0.0616 0.9970
vn 0.0635 -0.0412 0.9971
vn 0.0959 -0.0161 0.9953
vn 0.0958 0.0103 0.9953
vn 0.0793 0.0374 0.9962
vn 0.0950 0.0645 0.9934
vn 0.0797 0.0919 0.9926
vn 0.0469 0.1156 0.9922
vn 0.0463 0.1367 0.9895
vn 0.0285 0.1517 0.9880
vn -0.0058 0.1647 0.9863
vn 0.0000 -0.1140 0.9935
vn -0.1160 -0.0125 0.9932
vn -0.9873 0.0537 -0.1495
vn -0.9874 0.0522 0.1492
vn -0.9740 0.1462 0.1728
vn -0.9846 0.1436 -0.1002
vn -0.5489 0.8272 -0.1200
vn -0.5334 0.8369 0.1227
vn -0.5366 0.8403 0.0766
vn -0.5497 0.8317 -0.0778
vn 0.0773 0.0333 0.9964
vn 0.1027 0.0081 0.9947
vn 0.0000 0.0012 1.0000
vn 0.0378 0.1017 0.9941
vn 0.9738 0.1458 -0.1743
vn 0.9868 0.0520 -0.1536
vn 0.9870 0.0535 0.1515
vn 0.9720 0.1536 0.1781
vn 0.0522 0.0035 -0.9986
vn -0.0059 0.0039 -1.0000
vn 0.1009 0.0069 -0.9949
vn 0.1686 0.0431 -0.9847
vn -0.1624 0.0271 -0.9864
vn -0.0924 0.0070 -0.9957
vn 0.0058 0.0039 -1.0000
vn -0.0522 0.0035 -0.9986
vn -0.0681 -0.9905 0.1191
vn -0.1056 -0.9860 -0.1290
vn -0.0388 -0.9914 -0.1253
vn -0.0106 -0.9918 0.1272
vn -0.0014 -0.1298 0.9915
vn -0.0011 -0.1315 0.9913
vn -0.0002 -0.1399 0.9902
vn -0.0112 -0.0068 0.9999
vn 0.0000 -0.1320 0.9912
vn -0.0000 -0.1288 0.9917
vn 0.0106 -0.9918 0.1272
vn 0.0388 -0.9908 -0.1300
vn 0.1113 -0.9844 -0.1366
vn 0.0681 -0.9905 0.1191
vn 0.0011 -0.1299 0.9915
vn 0.0014 -0.1285 0.9917
vn 0.0134 -0.0044 0.9999
vn 0.0002 -0.1364 0.9907
vn -0.0272 -0.1330 0.9907
vn 0.0002 -0.1357 0.9908
vn 0.0815 -0.1163 0.9899
vn 0.0970 -0.0973 0.9905
vn 0.1132 -0.0764 0.9906
vn 0.1292 -0.0527 0.9902
vn 0.1296 -0.0269 0.9912
vn 0.1139 0.0001 0.9935
vn 0.1214 0.0268 0.9922
vn 0.1301 0.0531 0.9901
vn 0.1158 0.0784 0.9902
vn 0.0974 0.0972 0.9905
vn 0.0726 0.1148 0.9907
vn 0.0494 0.1291 0.9904
vn 0.0232 0.1351 0.9906
vn -0.0004 0.1420 0.9899
vn -0.0237 0.1394 0.9900
vn -0.0495 0.1291 0.9904
vn -0.0726 0.1148 0.9907
vn -0.0974 0.0972 0.9905
vn -0.1149 0.0779 0.9903
vn -0.1293 0.0526 0.9902
vn -0.1372 0.0267 0.9902
vn -0.1297 -0.0000 0.9916
vn -0.1296 -0.0268 0.9912
vn -0.1302 -0.0532 0.9901
vn -0.1204 -0.0755 0.9899
vn -0.0965 -0.0978 0.9905
vn -0.0740 -0.1162 0.9905
vn -0.0526 -0.1271 0.9905
vn 0.1581 -0.1195 -0.9802
vn 0.0548 -0.1307 -0.9899
vn 0.0161 -0.0008 -0.9999
vn -0.0001 -0.1348 -0.9909
vn -0.0000 -0.0018 -1.0000
vn -0.0542 -0.1318 -0.9898
vn -0.0161 -0.0008 -0.9999
vn 0.6039 0.7814 0.1575
vn 0.5994 0.8005 -0.0004
vn 0.7504 0.6610 -0.0007
vn 0.7057 0.6959 0.1334
vn -0.0673 0.9853 0.1572
vn -0.0837 0.9965 -0.0002
vn 0.0000 1.0000 -0.0002
vn 0.0000 0.9913 0.1314
vn 0.0811 -0.9874 0.1356
vn 0.1485 -0.9889 0.0011
vn 0.0060 -1.0000 0.0005
vn 0.0037 -0.9909 0.1345
vn -0.0000 0.1414 0.9900
vn 0.1930 -0.9737 -0.1214
vn 0.1909 -0.9740 0.1216
vn -0.0000 -0.9926 -0.1214
vn -0.3806 -0.9148 -0.1353
vn -0.3761 -0.9165 0.1360
vn -0.5477 -0.8255 0.1363
vn -0.5509 -0.8235 -0.1356
vn -0.7005 -0.7019 0.1288
vn -0.6976 -0.7058 -0.1230
vn -0.8267 -0.5490 0.1236
vn -0.8240 -0.5526 -0.1250
vn -0.9173 -0.3781 0.1251
vn -0.9184 -0.3760 -0.1234
vn -0.9725 -0.1955 0.1262
vn -0.9726 -0.1941 -0.1281
vn -0.9922 -0.0013 0.1248
vn -0.9911 -0.0007 -0.1331
vn -0.9733 0.1931 0.1245
vn -0.9733 0.1925 -0.1254
vn -0.9167 0.3788 0.1269
vn -0.9187 0.3763 -0.1199
vn -0.8257 0.5478 0.1343
vn -0.8233 0.5519 -0.1325
vn -0.6991 0.7013 0.1395
vn -0.6961 0.7054 -0.1338
vn -0.5482 0.8263 0.1291
vn -0.5465 0.8284 -0.1224
vn -0.3770 0.9182 0.1218
vn -0.3772 0.9181 -0.1218
vn -0.1913 0.9740 0.1215
vn -0.1949 0.9714 -0.1355
vn -0.0002 0.9917 0.1286
vn 0.0004 0.9908 -0.1357
vn 0.1904 0.9713 0.1429
vn 0.1939 0.9716 -0.1354
vn 0.3770 0.9172 0.1286
vn 0.3835 0.9147 -0.1279
vn 0.5496 0.8275 0.1147
vn 0.5524 0.8257 -0.1143
vn 0.6997 0.7021 0.1322
vn 0.7001 0.7024 -0.1287
vn 0.8253 0.5476 0.1378
vn 0.8256 0.5480 -0.1343
vn 0.9161 0.3785 0.1323
vn 0.9172 0.3764 -0.1304
vn 0.9723 0.1944 0.1299
vn 0.9730 0.1923 -0.1280
vn 0.9916 0.0000 0.1293
vn 0.9166 -0.3786 0.1286
vn 0.9162 -0.3783 -0.1321
vn 0.8256 -0.5481 0.1343
vn 0.8245 -0.5470 -0.1448
vn 0.7002 -0.7009 0.1360
vn 0.6988 -0.7008 -0.1430
vn 0.5473 -0.8245 0.1434
vn 0.5502 -0.8228 -0.1429
vn 0.3758 -0.9167 0.1359
vn 0.3805 -0.9148 -0.1353
vn -0.1904 -0.9732 0.1286
vn -0.1930 -0.9737 -0.1214
vn -0.6059 0.7876 0.1124
vn -0.6174 0.7790 -0.1093
vn -0.9384 0.3212 0.1278
vn -0.8751 0.4691 0.1186
vn -0.8778 0.4628 -0.1232
vn -0.9416 0.3149 -0.1191
vn 0.2108 -0.9671 -0.1425
vn 0.1829 -0.9788 0.0922
vn -0.5748 -0.8085 0.1260
vn -0.6764 -0.7269 0.1187
vn -0.7103 -0.6961 -0.1051
vn -0.6013 -0.7899 -0.1205
vn -0.1718 -0.9795 0.1048
vn -0.2058 -0.9704 -0.1266
vn 0.6251 0.7713 -0.1197
vn 0.5547 0.8200 -0.1409
vn 0.5305 0.8381 0.1271
vn 0.6099 0.7835 0.1187
vn 0.9424 0.3146 -0.1135
vn 0.8793 0.4610 -0.1200
vn 0.8775 0.4640 0.1211
vn 0.9388 0.3213 0.1244
vn -0.0013 -0.9909 0.1344
vn -0.0014 -1.0000 0.0002
vn -0.1431 -0.9897 0.0002
vn -0.0811 -0.9877 0.1334
vn 0.6043 -0.7878 -0.1194
vn 0.7146 -0.6914 -0.1063
vn 0.6919 -0.7086 0.1381
vn 0.5809 -0.8004 0.1483
vn -0.0455 0.0939 0.9945
vn 0.0080 -0.9931 0.1167
vn 0.0184 -0.9882 -0.1521
vn 0.0000 -0.9932 0.1167
vn 0.0000 -0.9888 -0.1495
vn -0.0080 -0.9931 0.1167
vn -0.0185 -0.9897 -0.1422
vn 0.0066 -0.0581 -0.9983
vn 0.1221 -0.0117 -0.9924
vn -0.0000 -1.0000 0.0002
vn -0.0000 -0.9918 0.1278
vn 0.0000 0.1309 0.9914
vn -0.1567 -0.1164 -0.9808
vn -0.1065 -0.0215 -0.9941
vn -0.0077 -0.0621 -0.9980
vn -0.0006 0.0059 -1.0000
vn 0.0267 -0.1181 -0.9926
vn -0.1951 0.9808 0.0052
vn 0.0000 1.0000 0.0052
vn 0.0002 0.9934 -0.1151
vn -0.1931 0.9726 -0.1297
vn 0.3827 0.9239 0.0052
vn 0.5556 0.8315 0.0052
vn 0.5499 0.8227 -0.1443
vn 0.3745 0.9180 -0.1304
vn 0.7071 0.7071 0.0052
vn 0.7016 0.6993 -0.1368
vn 0.8315 0.5556 0.0052
vn 0.8238 0.5533 -0.1233
vn 0.9239 0.3827 0.0052
vn 0.9165 0.3807 -0.1229
vn 0.9808 0.1951 0.0052
vn 0.9734 0.1935 -0.1229
vn 1.0000 0.0000 0.0052
vn 0.9921 0.0000 -0.1252
vn 0.9808 -0.1951 0.0052
vn 0.9728 -0.1933 -0.1275
vn 0.9239 -0.3827 0.0052
vn 0.9160 -0.3806 -0.1266
vn 0.8315 -0.5556 0.0052
vn 0.8210 -0.5562 -0.1287
vn 0.7071 -0.7071 0.0052
vn 0.6983 -0.7030 -0.1349
vn 0.5556 -0.8315 0.0052
vn 0.5513 -0.8241 -0.1298
vn 0.3827 -0.9239 0.0052
vn 0.3781 -0.9166 -0.1300
vn 0.1989 -0.9800 0.0052
vn 0.1964 -0.9698 -0.1445
vn -0.0000 -1.0000 0.0052
vn -0.0008 -0.9925 -0.1219
vn -0.1989 -0.9800 0.0052
vn -0.1965 -0.9738 -0.1147
vn -0.3827 -0.9239 0.0052
vn -0.3781 -0.9166 -0.1300
vn -0.5556 -0.8315 0.0052
vn -0.5509 -0.8245 -0.1297
vn -0.7071 -0.7071 0.0052
vn -0.6983 -0.7030 -0.1349
vn -0.8315 -0.5556 0.0052
vn -0.8210 -0.5562 -0.1287
vn -0.9239 -0.3827 0.0052
vn -0.9160 -0.3806 -0.1266
vn -0.9808 -0.1951 0.0052
vn -0.9727 -0.1933 -0.1285
vn -1.0000 0.0000 0.0052
vn -0.9919 0.0000 -0.1270
vn -0.9808 0.1951 0.0052
vn -0.9770 0.1939 -0.0892
vn -0.9239 0.3826 0.0052
vn -0.9398 0.3400 -0.0351
vn -0.8345 0.5510 0.0052
vn -0.8307 0.5567 0.0054
vn -0.7070 0.7072 0.0052
vn -0.6667 0.7449 -0.0244
vn -0.5556 0.8315 0.0052
vn -0.5517 0.8302 -0.0804
vn -0.3827 0.9239 0.0052
vn -0.3816 0.9152 -0.1297
vn 0.1951 0.9808 0.0052
vn 0.1900 0.9750 -0.1152
vn -0.0000 -0.1377 -0.9905
vn -0.0273 -0.1350 -0.9905
vn 0.0273 -0.1350 -0.9905
vn -0.0526 -0.1272 -0.9905
vn -0.0792 -0.1129 -0.9904
vn -0.0956 -0.0957 -0.9908
vn -0.1132 -0.0764 -0.9906
vn -0.1368 -0.0526 -0.9892
vn -0.1452 -0.0267 -0.9890
vn -0.1458 0.0000 -0.9893
vn -0.1381 0.0273 -0.9900
vn -0.1306 0.0534 -0.9900
vn -0.1154 0.0785 -0.9902
vn -0.0918 0.1006 -0.9907
vn -0.0731 0.1144 -0.9907
vn -0.0502 0.1275 -0.9906
vn -0.0260 0.1392 -0.9899
vn 0.0006 0.1378 -0.9905
vn 0.0287 0.1350 -0.9904
vn 0.0541 0.1311 -0.9899
vn 0.0750 0.1180 -0.9902
vn 0.0910 0.0999 -0.9908
vn 0.1137 0.0773 -0.9905
vn 0.1297 0.0529 -0.9901
vn 0.1379 0.0273 -0.9901
vn 0.1453 0.0000 -0.9894
vn 0.1460 -0.0270 -0.9889
vn 0.1309 -0.0536 -0.9899
vn 0.1078 -0.0784 -0.9911
vn 0.0985 -0.0987 -0.9902
vn 0.0816 -0.1163 -0.9899
vn 0.0536 -0.1290 -0.9902
vn 0.0001 0.0000 -1.0000
vn 0.0000 0.9926 0.1218
vn -0.1219 0.0089 0.9925
vn -0.0861 0.0394 0.9955
vn -0.7226 0.6777 0.1360
vn -0.7635 0.6458 -0.0001
vn -0.6128 0.7902 -0.0002
vn -0.6048 0.7776 0.1719
vn -0.0098 -0.1384 0.9903
vn -0.1067 0.1843 0.9771
vn -0.1300 0.1171 0.9846
vn -0.2001 -0.0495 0.9785
vn -0.0878 -0.1643 0.9825
vn -0.2415 -0.1122 -0.9639
vn -0.3235 -0.1121 -0.9396
vn -0.4565 0.0082 -0.8897
vn -0.3721 0.1463 -0.9166
vn -0.2567 0.1043 -0.9608
vn 0.0006 0.0059 -1.0000
vn 0.2415 -0.1109 -0.9640
vn 0.3018 0.1827 -0.9357
vn 0.3738 0.1599 -0.9136
vn 0.4408 0.0062 -0.8976
vn 0.3200 -0.1105 -0.9409
vn 0.0097 -0.1395 0.9902
vn 0.0877 -0.1760 0.9805
vn 0.2050 -0.0545 0.9772
vn 0.1349 0.1163 0.9840
vn 0.1013 0.1751 0.9793
vn 0.0965 0.9953 -0.0002
vn 0.0734 0.9870 0.1430
vn 0.0000 0.0061 -1.0000
vn 0.5531 0.8278 -0.0934
vn 0.5381 0.8392 0.0785
vn -0.0266 0.1741 -0.9844
vn -0.0016 0.1647 -0.9864
vn 0.0201 0.1518 -0.9882
vn 0.0459 0.1368 -0.9895
vn 0.0634 0.1153 -0.9913
vn 0.0726 0.0918 -0.9931
vn 0.0793 0.0646 -0.9948
vn 0.0793 0.0374 -0.9962
vn 0.0797 0.0099 -0.9968
vn 0.0635 -0.0168 -0.9978
vn 0.0555 -0.0413 -0.9976
vn 0.0376 -0.0618 -0.9974
vn 0.0083 -0.0805 -0.9967
vn -0.0051 -0.0911 -0.9958
vn -0.0280 -0.1010 -0.9945
vn -0.0560 -0.1047 -0.9929
vn -0.0892 -0.0960 -0.9914
vn -0.1111 -0.0925 -0.9895
vn -0.1206 -0.0817 -0.9893
vn -0.1493 -0.0629 -0.9868
vn -0.1657 -0.0408 -0.9853
vn -0.1734 -0.0166 -0.9847
vn -0.1893 0.0097 -0.9819
vn -0.1892 0.0369 -0.9812
vn -0.1657 0.0596 -0.9844
vn -0.1172 0.0783 -0.9900
vn -0.1146 0.1329 -0.9845
vn -0.1099 0.1655 -0.9801
vn -0.0873 0.1734 -0.9810
vn -0.0543 0.1744 -0.9832
vn 0.9699 0.1486 -0.1931
vn 0.9855 0.1395 0.0961
vn -0.0262 -0.1163 -0.9929
vn -0.0000 -0.1140 -0.9935
vn -0.9852 0.1425 0.0951
vn -0.9731 0.1470 -0.1776
vn -0.9739 0.1439 0.1754
vn -0.9061 0.3678 0.2089
vn -0.7956 0.2933 0.5301
vn -0.8057 0.1601 0.5703
vn -0.7611 0.6043 0.2355
vn -0.7511 0.2744 0.6004
vn -0.5778 0.6858 0.4425
vn -0.5723 -0.1054 0.8132
vn -0.3905 0.1302 0.9113
vn -0.5919 0.0942 0.8005
vn -0.4217 0.0686 0.9041
vn -0.7313 0.6334 -0.2530
vn -0.6756 0.3237 -0.6625
vn -0.5111 0.7375 -0.4415
vn -0.8986 0.3795 -0.2204
vn -0.7238 0.3118 -0.6155
vn -0.9740 0.1476 -0.1721
vn -0.9173 0.1751 -0.3575
vn -0.5976 0.1202 -0.7927
vn -0.3772 0.0767 -0.9229
vn -0.5125 0.1342 -0.8482
vn -0.2647 0.1793 -0.9475
vn -0.5390 0.0084 -0.8422
vn 0.8055 0.1559 0.5718
vn 0.7774 0.2974 0.5542
vn 0.9045 0.3712 0.2100
vn 0.4006 0.0584 0.9144
vn 0.5548 0.1027 0.8256
vn 0.2847 0.0679 0.9562
vn 0.5040 -0.0815 0.8598
vn 0.7131 0.2628 0.6499
vn 0.7659 0.6002 0.2304
vn 0.7025 0.5562 0.4440
vn 0.6441 0.5886 -0.4886
vn 0.7082 0.4737 -0.5236
vn 0.7385 0.6241 -0.2553
vn 0.4431 -0.1345 -0.8863
vn 0.2959 0.1490 -0.9435
vn 0.5181 0.0961 -0.8499
vn 0.4168 0.0511 -0.9076
vn 0.7817 0.1706 -0.5999
vn 0.7296 0.3558 -0.5840
vn 0.8883 0.3923 -0.2388
vn -0.2609 0.9463 -0.1911
vn -0.3182 0.7736 -0.5480
vn -0.1145 0.8183 -0.5632
vn -0.4432 0.8778 -0.1817
vn -0.3080 0.7583 -0.5745
vn -0.4596 0.6768 -0.5751
vn -0.1846 0.3333 -0.9246
vn -0.2069 0.5344 -0.8195
vn -0.0864 0.3775 -0.9220
vn 0.2001 0.3439 -0.9175
vn 0.2298 0.5331 -0.8143
vn 0.0749 0.3777 -0.9229
vn 0.4617 0.6708 -0.5804
vn 0.3398 0.7625 -0.5505
vn 0.4286 0.8832 -0.1903
vn 0.2577 0.9482 -0.1858
vn 0.3083 0.7688 -0.5603
vn 0.1326 0.9324 -0.3361
vn 0.0873 0.6591 -0.7470
vn -0.5193 0.4249 0.7415
vn -0.6425 0.4548 0.6167
vn -0.6357 0.2684 0.7237
vn -0.6215 0.6717 0.4030
vn -0.6761 0.6557 0.3361
vn -0.7165 0.6929 0.0810
vn -0.8084 0.5795 0.1033
vn -0.7951 0.4956 0.3497
vn -0.8305 0.3902 0.3974
vn -0.6829 0.1567 0.7135
vn -0.7867 -0.0998 0.6092
vn -0.6214 -0.2525 0.7417
vn -0.8840 0.2672 0.3835
vn -0.9448 -0.0004 0.3275
vn -0.9951 -0.0143 0.0976
vn -0.8974 -0.4310 0.0939
vn -0.8687 -0.3567 0.3437
vn -0.7303 -0.5437 0.4136
vn -0.5503 -0.3100 0.7753
vn -0.4945 -0.5392 0.6817
vn -0.3719 -0.4503 0.8117
vn -0.6596 -0.6166 0.4299
vn -0.5729 -0.7208 0.3902
vn -0.4997 -0.8590 0.1113
vn -0.3249 -0.9395 0.1090
vn -0.3747 -0.8431 0.3858
vn -0.2911 -0.8255 0.4836
vn -0.1312 -0.5021 -0.8548
vn -0.2860 -0.6022 -0.7454
vn -0.3057 -0.4289 -0.8500
vn -0.1258 -0.6833 -0.7192
vn -0.2869 -0.8727 -0.3950
vn -0.3066 -0.9496 -0.0658
vn -0.2196 -0.9620 -0.1624
vn -0.4637 -0.8798 -0.1047
vn -0.4384 -0.7873 -0.4335
vn -0.5221 -0.6875 -0.5047
vn -0.4064 -0.3559 -0.8415
vn -0.6520 -0.1495 -0.7434
vn -0.5125 0.1220 -0.8500
vn -0.6164 -0.6073 -0.5012
vn -0.8159 -0.3840 -0.4323
vn -0.8926 -0.4329 -0.1261
vn -0.9921 -0.0134 -0.1245
vn -0.9066 -0.0028 -0.4219
vn -0.8263 0.2688 -0.4950
vn -0.4586 0.2536 -0.8517
vn -0.5398 0.4469 -0.7134
vn -0.3468 0.4165 -0.8404
vn -0.7692 0.4096 -0.4905
vn -0.7487 0.5179 -0.4137
vn -0.8026 0.5845 -0.1195
vn -0.7101 0.6974 -0.0970
vn -0.6499 0.6509 -0.3925
vn -0.5606 0.6926 -0.4539
vn 0.3956 -0.4464 0.8027
vn 0.5278 -0.5034 0.6841
vn 0.5520 -0.3074 0.7752
vn 0.3086 -0.8285 0.4672
vn 0.4098 -0.8244 0.3903
vn 0.3331 -0.9376 0.1001
vn 0.4997 -0.8589 0.1119
vn 0.5793 -0.7125 0.3959
vn 0.6484 -0.6252 0.4345
vn 0.6185 -0.2400 0.7482
vn 0.7937 -0.0813 0.6029
vn 0.6804 0.1629 0.7145
vn 0.7385 -0.5412 0.4023
vn 0.8737 -0.3539 0.3339
vn 0.8864 -0.4535 0.0926
vn 0.9960 -0.0019 0.0895
vn 0.9478 0.0101 0.3187
vn 0.8808 0.2848 0.3783
vn 0.6204 0.2770 0.7337
vn 0.6653 0.4249 0.6139
vn 0.5159 0.3888 0.7633
vn 0.8271 0.4051 0.3897
vn 0.8084 0.4765 0.3457
vn 0.8156 0.5714 0.0911
vn 0.7129 0.6967 0.0801
vn 0.7044 0.6214 0.3429
vn 0.6047 0.6787 0.4167
vn 0.3545 0.4070 -0.8418
vn 0.5208 0.4398 -0.7317
vn 0.4485 0.2631 -0.8542
vn 0.5544 0.6901 -0.4652
vn 0.6620 0.6571 -0.3606
vn 0.7057 0.7052 -0.0688
vn 0.8088 0.5827 -0.0794
vn 0.7444 0.5554 -0.3708
vn 0.8563 0.4717 -0.2103
vn 0.6278 0.3300 -0.7050
vn 0.4999 0.1189 -0.8579
vn 0.6390 -0.1510 -0.7543
vn 0.4034 -0.3431 -0.8482
vn 0.8227 0.2705 -0.4999
vn 0.9028 -0.0012 -0.4301
vn 0.9930 0.0013 -0.1184
vn 0.8777 -0.4672 -0.1064
vn 0.8104 -0.4115 -0.4170
vn 0.6128 -0.6296 -0.4776
vn 0.3085 -0.4306 -0.8482
vn 0.2879 -0.6222 -0.7280
vn 0.1119 -0.5154 -0.8496
vn 0.5178 -0.7032 -0.4873
vn 0.4554 -0.8058 -0.3786
vn 0.4690 -0.8780 -0.0959
vn 0.3125 -0.9458 -0.0884
vn 0.2769 -0.8747 -0.3978
vn 0.1585 -0.8683 -0.4700
vn -0.5003 0.1364 -0.8550
vn -0.5238 0.0067 -0.8518
vn -0.4840 -0.0197 -0.8748
vn -0.4361 -0.4018 -0.8053
vn -0.4148 -0.3113 -0.8550
vn -0.3548 -0.5242 -0.7742
vn -0.4041 0.7969 -0.4490
vn 0.0623 0.0312 0.9976
vn 0.4340 -0.8625 -0.2604
vn -0.3502 -0.0730 -0.9338
vn 0.5501 0.1289 -0.8251
vn 0.4581 -0.0429 -0.8879
vn 0.5452 0.0186 -0.8381
vn -0.3956 -0.8722 -0.2877
vn 0.0000 0.0446 0.9990
vn 0.3876 0.8192 -0.4228
vn 0.3439 -0.5224 -0.7803
vn 0.4209 -0.3897 -0.8191
vn 0.3868 -0.3210 -0.8645
vn 0.2386 -0.1790 -0.9545
vn -0.5503 0.3734 -0.7468
vn 0.4310 0.0574 0.9005
vn 0.4566 0.1060 0.8833
vn 0.1448 0.0046 0.9895
vn 0.8190 0.0929 0.5663
vn 0.8018 0.1601 0.5758
vn 0.9553 0.2323 0.1827
vn -0.5211 0.8338 0.1824
vn -0.6058 0.7883 0.1075
vn -0.5710 0.8090 0.1394
vn -0.6529 0.7549 0.0612
vn -0.1252 -0.0029 0.9921
vn -0.4540 0.1091 0.8843
vn -0.4310 0.0595 0.9004
vn 0.3570 0.6024 -0.7139
vn 0.1508 0.9768 0.1518
vn 0.1201 0.9853 0.1213
vn 0.3635 0.9095 0.2016
vn 0.5294 0.8473 0.0430
vn -0.8233 0.0952 0.5596
vn -0.8046 0.1598 0.5719
vn -0.9550 0.2363 0.1796
vn 0.6168 0.7851 -0.0561
vn -0.8176 0.1440 -0.5575
vn -0.7666 0.2987 -0.5684
vn -0.9050 0.3696 -0.2105
vn -0.4081 0.0538 -0.9113
vn -0.5836 0.0763 -0.8084
vn -0.3327 0.0627 -0.9410
vn -0.5662 -0.1022 -0.8179
vn -0.7173 0.2709 -0.6419
vn -0.7583 0.6058 -0.2407
vn -0.6764 0.5637 -0.4740
vn -0.5288 0.7218 0.4465
vn -0.6717 0.3423 0.6570
vn -0.7379 0.6292 0.2442
vn -0.4961 0.0000 0.8682
vn -0.2790 0.1858 0.9421
vn -0.5344 0.1515 0.8316
vn -0.3981 0.0769 0.9141
vn -0.7789 0.1673 0.6044
vn -0.7392 0.3530 0.5735
vn -0.8898 0.3915 0.2345
vn 0.9039 0.3754 -0.2052
vn 0.7766 0.3194 -0.5430
vn 0.8155 0.1578 -0.5568
vn 0.7564 0.6093 -0.2380
vn 0.7545 0.4440 -0.4833
vn 0.5733 0.6842 -0.4507
vn 0.5275 -0.2060 -0.8242
vn 0.3603 0.1326 -0.9234
vn 0.5733 0.0477 -0.8180
vn 0.4029 0.0704 -0.9125
vn 0.7441 0.6208 0.2467
vn 0.7216 0.4651 0.5128
vn 0.6561 0.5832 0.4790
vn 0.8945 0.3903 0.2182
vn 0.7472 0.3425 0.5695
vn 0.7910 0.1616 0.5901
vn 0.3868 0.0483 0.9209
vn 0.5238 0.0802 0.8481
vn 0.2709 0.1172 0.9555
vn 0.4568 -0.1405 0.8784
vn -0.1209 0.9296 0.3483
vn -0.3201 0.7406 0.5908
vn -0.2700 0.9429 0.1953
vn -0.0894 0.6266 0.7742
vn -0.1180 0.3708 0.9212
vn -0.2389 0.5124 0.8249
vn -0.2157 0.3295 0.9192
vn -0.4157 0.6786 0.6056
vn -0.3202 0.7518 0.5764
vn -0.4296 0.8782 0.2104
vn 0.2515 0.9480 0.1952
vn 0.2893 0.7707 0.5677
vn 0.1203 0.9342 0.3358
vn 0.4356 0.8790 0.1940
vn 0.3081 0.7612 0.5706
vn 0.5292 0.7760 0.3431
vn 0.3516 0.5366 0.7671
vn 0.1874 0.3448 0.9198
vn 0.2088 0.5397 0.8155
vn 0.0890 0.3911 0.9160
vn 0.0901 0.6491 0.7554
vn -0.6582 0.2646 -0.7049
vn -0.6842 0.4201 -0.5962
vn -0.5273 0.3866 -0.7566
vn -0.8297 0.3943 -0.3951
vn -0.8111 0.4696 -0.3487
vn -0.8131 0.5730 -0.1026
vn -0.7167 0.6923 -0.0841
vn -0.7015 0.6295 -0.3341
vn -0.6222 0.6624 -0.4172
vn -0.6330 -0.2556 -0.7307
vn -0.7913 -0.0989 -0.6034
vn -0.6993 0.1649 -0.6956
vn -0.7228 -0.5505 -0.4177
vn -0.8677 -0.3641 -0.3384
vn -0.8896 -0.4479 -0.0898
vn -0.9953 -0.0110 -0.0958
vn -0.9400 0.0036 -0.3412
vn -0.8767 0.2796 -0.3915
vn -0.3848 -0.4445 -0.8089
vn -0.5084 -0.5089 -0.6947
vn -0.5585 -0.3096 -0.7696
vn -0.3132 -0.8267 -0.4673
vn -0.4129 -0.8234 -0.3893
vn -0.3393 -0.9354 -0.0999
vn -0.5029 -0.8570 -0.1127
vn -0.5860 -0.7101 -0.3903
vn -0.6445 -0.6266 -0.4382
vn -0.3179 -0.4132 0.8533
vn -0.2954 -0.5946 0.7478
vn -0.1248 -0.5035 0.8549
vn -0.5112 -0.7022 0.4956
vn -0.4514 -0.7977 0.3998
vn -0.4677 -0.8780 0.1019
vn -0.3128 -0.9460 0.0854
vn -0.2923 -0.8759 0.3838
vn -0.1663 -0.8627 0.4775
vn -0.5017 0.1164 0.8572
vn -0.6425 -0.1451 0.7524
vn -0.4067 -0.3373 0.8490
vn -0.8301 0.2774 0.4837
vn -0.9040 -0.0018 0.4275
vn -0.9939 -0.0034 0.1103
vn -0.8757 -0.4714 0.1041
vn -0.8076 -0.4127 0.4213
vn -0.6630 -0.7104 0.2362
vn -0.5037 -0.5020 0.7030
vn -0.3289 0.4048 0.8532
vn -0.5242 0.4364 0.7313
vn -0.4447 0.2683 0.8546
vn -0.5466 0.6990 0.4612
vn -0.6621 0.6460 0.3798
vn -0.7060 0.7042 0.0747
vn -0.8025 0.5908 0.0835
vn -0.7433 0.5519 0.3780
vn -0.7744 0.4305 0.4636
vn 0.5531 -0.3186 -0.7698
vn 0.5059 -0.5409 -0.6719
vn 0.3711 -0.4509 -0.8117
vn 0.6380 -0.6376 -0.4318
vn 0.5902 -0.7176 -0.3698
vn 0.4931 -0.8628 -0.1117
vn 0.3346 -0.9360 -0.1096
vn 0.3966 -0.8338 -0.3840
vn 0.2941 -0.8253 -0.4821
vn 0.6840 0.1529 -0.7133
vn 0.7653 -0.1050 -0.6350
vn 0.6080 -0.2558 -0.7516
vn 0.8752 0.2722 -0.4000
vn 0.9373 -0.0044 -0.3484
vn 0.9955 -0.0144 -0.0942
vn 0.8942 -0.4383 -0.0914
vn 0.8550 -0.3639 -0.3695
vn 0.7140 -0.5580 -0.4229
vn 0.5352 0.4255 -0.7297
vn 0.6843 0.4392 -0.5821
vn 0.6518 0.2691 -0.7090
vn 0.6283 0.6685 -0.3979
vn 0.7061 0.6410 -0.3007
vn 0.7119 0.6982 -0.0758
vn 0.8097 0.5781 -0.1006
vn 0.8141 0.4866 -0.3169
vn 0.8302 0.3883 -0.4000
vn 0.4516 0.2606 0.8533
vn 0.2820 0.2405 0.9288
vn 0.1980 0.2310 0.9526
vn 0.7749 0.4165 0.4756
vn 0.7412 0.5412 0.3972
vn 0.6185 0.5404 0.5704
vn 0.8007 0.5895 0.1064
vn 0.7075 0.7008 0.0912
vn 0.6560 0.6518 0.3806
vn 0.5591 0.6989 0.4461
vn 0.4870 0.5978 0.6368
vn 0.4173 -0.3508 0.8383
vn 0.6484 -0.1345 0.7493
vn 0.5040 0.1181 0.8556
vn 0.6208 -0.6203 0.4793
vn 0.8228 -0.3790 0.4235
vn 0.8899 -0.4420 0.1131
vn 0.9934 0.0052 0.1142
vn 0.9038 0.0214 0.4275
vn 0.8287 0.2822 0.4833
vn 0.1372 -0.5049 0.8522
vn 0.3023 -0.5945 0.7451
vn 0.3261 -0.4196 0.8471
vn 0.1314 -0.6883 0.7134
vn 0.2944 -0.8767 0.3805
vn 0.3064 -0.9496 0.0665
vn 0.2205 -0.9617 0.1628
vn 0.4592 -0.8818 0.1080
vn 0.4467 -0.7851 0.4291
vn 0.5233 -0.6911 0.4986
vn -0.5989 0.0599 0.7986
vn -0.5079 -0.0560 0.8596
vn -0.5852 -0.0395 0.8100
vn 0.2319 -0.8551 0.4638
vn 0.0398 0.2935 -0.9551
vn -0.4111 0.8808 0.2349
vn -0.3691 -0.4252 0.8264
vn -0.4440 -0.3406 0.8288
vn -0.3878 -0.2665 0.8824
vn -0.2418 -0.0756 0.9674
vn 0.6361 0.2138 0.7414
vn 0.5208 -0.2954 0.8009
vn 0.4101 -0.3943 0.8224
vn 0.3209 -0.4163 0.8507
vn 0.3872 -0.3582 0.8496
vn 0.3357 -0.4520 0.8264
vn 0.4082 0.8165 0.4082
vn 0.0000 0.4215 -0.9068
vn -0.2981 -0.9068 0.2981
vn 0.1474 -0.4423 0.8847
vn -0.1808 0.9754 -0.1263
vn -0.1439 0.9845 -0.1003
vn -0.3274 0.9167 -0.2292
vn 0.8211 0.1019 -0.5617
vn 0.8055 0.1737 -0.5666
vn 0.9530 0.2374 -0.1885
vn 0.4648 0.0634 -0.8832
vn 0.4720 0.1249 -0.8727
vn 0.1232 0.0071 -0.9924
vn -0.4304 0.4976 0.7531
vn -0.1848 0.0248 -0.9825
vn -0.1693 0.0351 -0.9849
vn -0.1084 -0.0253 -0.9938
vn -0.6741 0.0582 -0.7363
vn -0.8326 0.0880 -0.5468
vn -0.8155 0.1485 -0.5595
vn -0.6486 0.1052 -0.7538
vn -0.9549 0.2364 -0.1796
vn 0.1435 0.9824 -0.1198
vn 0.1796 0.9723 -0.1499
vn 0.4977 0.8659 0.0507
vn 0.3909 0.9062 -0.1612
vn 0.4928 0.6147 0.6159
vn 0.5500 0.7958 0.2536
vn 0.5150 0.6700 0.5347
vn 0.0075 -0.9727 -0.2319
vn 0.0089 -0.8714 -0.4905
vn 0.0060 -0.6995 -0.7146
vn 0.0039 -0.4940 -0.8694
vn 0.0052 -0.4971 -0.8677
vn -0.0000 -0.9727 -0.2319
vn 0.0000 -0.6995 -0.7147
vn -0.0000 -0.4970 -0.8677
vn -0.0075 -0.9727 -0.2319
vn -0.0060 -0.6995 -0.7146
vn -0.0039 -0.4963 -0.8682
vn -0.0090 -0.8771 -0.4802
vn -0.0052 -0.4987 -0.8668
vn 0.0000 0.4994 -0.8664
vn 0.0000 0.8667 -0.4988
vn 0.0000 0.4955 -0.8686
vn 0.0000 0.7001 -0.7141
vn 0.0000 0.9703 -0.2419
vn -0.0000 0.4978 -0.8673
vn -0.0431 -0.8583 0.5114
vn -0.1184 -0.8395 0.5304
vn -0.0402 -0.7135 0.6995
vn -0.1692 -0.4771 0.8624
vn -0.0741 -0.2596 0.9629
vn 0.0001 -0.8622 0.5066
vn 0.0002 -0.7231 0.6907
vn -0.0002 -0.2628 0.9648
vn 0.0424 -0.8533 0.5196
vn 0.0603 -0.5043 0.8614
vn 0.1204 -0.8373 0.5333
vn 0.1693 -0.4723 0.8650
vn -0.5584 0.0311 -0.8290
vn -0.8499 0.0461 -0.5249
vn 0.8574 0.0456 -0.5126
vn 0.5818 0.0306 -0.8128
vn -0.0510 -0.2523 0.9663
vn 0.0000 -0.2572 0.9664
vn 0.0000 -0.7135 0.7006
vn -0.1406 -0.6997 0.7005
vn -0.1410 -0.6996 0.7004
vn 0.0000 -0.9700 0.2429
vn -0.1862 -0.9520 0.2431
vn 0.0016 -0.5090 -0.8607
vn -0.1089 -0.4984 -0.8601
vn 0.0026 -0.7060 -0.7082
vn -0.1730 -0.8530 -0.4923
vn -0.0019 -0.9700 -0.2429
vn -0.0980 -0.2377 0.9664
vn -0.2777 -0.6659 0.6924
vn -0.3342 -0.8050 0.4901
vn -0.1055 -0.2375 -0.9656
vn -0.2883 -0.6715 -0.6826
vn -0.3363 -0.8074 -0.4847
vn -0.1340 -0.2110 0.9682
vn -0.3874 -0.6033 0.6971
vn -0.4837 -0.7240 0.4918
vn -0.2928 -0.4347 -0.8517
vn -0.4806 -0.7270 -0.4904
vn -0.1643 -0.1796 0.9699
vn -0.4917 -0.5088 0.7066
vn -0.4909 -0.5095 0.7067
vn -0.6923 -0.6802 0.2409
vn -0.3637 -0.3646 -0.8572
vn -0.6164 -0.6173 -0.4889
vn -0.4253 -0.2855 0.8588
vn -0.5902 -0.3947 0.7042
vn -0.8094 -0.5327 0.2474
vn -0.4232 -0.2893 -0.8586
vn -0.7240 -0.4890 -0.4865
vn -0.4728 -0.1950 0.8593
vn -0.6497 -0.2712 0.7102
vn -0.8927 -0.3700 0.2572
vn -0.4774 -0.1950 -0.8568
vn -0.8048 -0.3368 -0.4887
vn -0.4986 -0.1008 0.8609
vn -0.8498 -0.1722 0.4981
vn -0.2422 -0.0504 -0.9689
vn -0.7080 -0.1346 -0.6933
vn -0.8597 -0.1688 -0.4820
vn -0.2439 0.0000 0.9698
vn -0.7173 -0.0001 0.6968
vn -0.8704 -0.0016 0.4923
vn -0.5006 0.0009 -0.8657
vn -0.8701 -0.0006 -0.4930
vn -0.4980 0.1007 0.8613
vn -0.8472 0.1757 0.5014
vn -0.4883 0.1013 -0.8668
vn -0.6795 0.1402 -0.7201
vn -0.9496 0.1902 -0.2491
vn -0.4711 0.1947 0.8603
vn -0.6266 0.2729 0.7300
vn -0.8961 0.3714 0.2430
vn -0.2122 0.0994 -0.9722
vn -0.6603 0.2682 -0.7015
vn -0.8058 0.3338 -0.4892
vn -0.4314 0.2838 0.8564
vn -0.7254 0.4806 0.4928
vn -0.1851 0.1461 -0.9718
vn -0.5993 0.3920 -0.6980
vn -0.7254 0.4800 -0.4933
vn -0.3622 0.3632 0.8584
vn -0.6126 0.6148 0.4968
vn -0.1954 0.1810 -0.9639
vn -0.4965 0.5150 -0.6988
vn -0.6125 0.6156 -0.4959
vn -0.2826 0.4303 0.8573
vn -0.4823 0.7300 0.4841
vn -0.2896 0.4293 -0.8554
vn -0.4818 0.7261 -0.4905
vn -0.1052 0.2380 0.9656
vn -0.2777 0.6659 0.6924
vn -0.3375 0.8115 0.4771
vn -0.2021 0.4678 -0.8604
vn -0.2754 0.6437 -0.7140
vn -0.3650 0.8986 -0.2436
vn -0.1058 0.5037 0.8574
vn -0.1717 0.8493 0.4993
vn -0.1068 0.4898 -0.8653
vn -0.1436 0.6698 -0.7286
vn -0.1861 0.9520 -0.2431
vn 0.0010 0.5107 0.8598
vn 0.0017 0.8663 0.4994
vn 0.0011 0.5098 -0.8603
vn 0.0012 0.8679 -0.4967
vn 0.0517 0.2523 0.9663
vn 0.1426 0.6995 0.7003
vn 0.1685 0.8526 0.4947
vn 0.0585 0.2522 -0.9659
vn 0.1486 0.7067 -0.6917
vn 0.1718 0.8511 -0.4961
vn 0.1967 0.4747 0.8579
vn 0.3340 0.8035 0.4928
vn 0.2016 0.4682 -0.8603
vn 0.3330 0.8017 -0.4965
vn 0.2793 0.4244 0.8613
vn 0.3753 0.5839 0.7199
vn 0.5502 0.8037 0.2264
vn 0.2847 0.4203 -0.8616
vn 0.3892 0.5803 -0.7154
vn 0.5347 0.8133 -0.2294
vn 0.3622 0.3636 0.8583
vn 0.6133 0.6151 0.4955
vn 0.1814 0.1815 -0.9665
vn 0.5035 0.5046 -0.7013
vn 0.6139 0.6170 -0.4924
vn 0.4332 0.2858 0.8548
vn 0.7174 0.4841 0.5010
vn 0.1865 0.1470 -0.9714
vn 0.5993 0.3920 -0.6980
vn 0.7238 0.4790 -0.4966
vn 0.4848 0.1956 0.8525
vn 0.7958 0.3367 0.5033
vn 0.2136 0.1003 -0.9718
vn 0.6603 0.2682 -0.7015
vn 0.8032 0.3327 -0.4942
vn 0.5116 0.0991 0.8535
vn 0.6776 0.1410 0.7218
vn 0.9487 0.1900 0.2528
vn 0.2422 0.0504 -0.9689
vn 0.6952 0.1395 -0.7052
vn 0.8532 0.1721 -0.4924
vn 0.5157 -0.0000 0.8568
vn 0.6863 -0.0001 0.7273
vn 0.9679 -0.0026 0.2514
vn 0.5012 -0.0008 -0.8654
vn 0.8680 -0.0007 -0.4965
vn 0.5080 -0.0982 0.8557
vn 0.8533 -0.1696 0.4931
vn 0.4956 -0.0986 -0.8629
vn 0.8530 -0.1696 -0.4936
vn 0.4874 -0.1925 0.8517
vn 0.8041 -0.3319 0.4931
vn 0.2146 -0.0995 -0.9716
vn 0.6542 -0.2681 -0.7072
vn 0.8024 -0.3348 -0.4940
vn 0.4374 -0.2894 0.8514
vn 0.7188 -0.4809 0.5021
vn 0.1824 -0.1440 -0.9726
vn 0.5867 -0.4027 -0.7026
vn 0.7194 -0.4859 -0.4963
vn 0.1693 -0.1849 0.9681
vn 0.5088 -0.5102 0.6934
vn 0.6172 -0.6107 0.4960
vn 0.1664 -0.1825 -0.9690
vn 0.5087 -0.5103 -0.6934
vn 0.6146 -0.6173 -0.4911
vn 0.1380 -0.2173 0.9663
vn 0.3965 -0.5931 0.7007
vn 0.4862 -0.7164 0.5004
vn 0.1530 -0.2168 -0.9641
vn 0.4002 -0.5999 -0.6928
vn 0.4790 -0.7235 -0.4972
vn 0.0998 -0.2411 0.9654
vn 0.2739 -0.6591 0.7004
vn 0.3330 -0.8027 0.4948
vn 0.1224 -0.2405 -0.9629
vn 0.2847 -0.6645 -0.6910
vn 0.3345 -0.8052 -0.4896
vn 0.0510 -0.2523 0.9663
vn 0.1407 -0.6997 0.7005
vn 0.1410 -0.6996 0.7005
vn 0.1862 -0.9520 0.2431
vn 0.0583 -0.2522 -0.9659
vn 0.1505 -0.6986 -0.6995
vn 0.1495 -0.6988 -0.6995
vn 0.1849 -0.9522 -0.2432
vn -0.0351 -0.5066 -0.8614
vn -0.0589 -0.8705 -0.4886
vn -0.2870 -0.4527 0.8442
vn -0.2133 -0.8351 0.5071
vn -0.3174 0.5547 -0.7691
vn -0.4788 0.7766 -0.4095
vn -0.4860 0.5195 0.7028
vn -0.5456 0.7461 0.3817
vn 0.2896 -0.4545 0.8424
vn 0.2773 -0.6442 0.7128
vn 0.1322 -0.9601 0.2464
vn 0.0364 -0.5080 -0.8606
vn 0.0592 -0.8687 -0.4918
vn 0.5043 0.4777 0.7193
vn 0.5381 0.7493 0.3861
vn 0.3206 0.5407 -0.7778
vn 0.4726 0.7735 -0.4222
vn -0.5007 0.7211 0.4789
vn -0.4193 0.7792 -0.4659
vn 0.4288 0.7548 -0.4965
vn 0.4424 0.7849 -0.4338
vn 0.5367 0.7030 0.4667
vn 0.5348 0.7355 0.4159
vn -0.5337 0.5345 -0.6554
vn -0.2403 0.2524 -0.9373
vn 0.2397 0.2560 -0.9365
vn 0.5260 0.5558 -0.6438
vn 0.0012 -0.7437 -0.6686
vn 0.0012 -0.8623 -0.5064
vn 0.0006 -0.3425 -0.9395
vn 0.0007 -0.5011 -0.8654
vn 0.0000 -0.8682 -0.4962
vn 0.0000 -0.4998 -0.8661
vn -0.0012 -0.8582 -0.5134
vn -0.0007 -0.5036 -0.8639
vn -0.0012 -0.7437 -0.6685
vn -0.0006 -0.3511 -0.9364
vn -0.2568 0.9665 0.0002
vn -0.4560 0.8900 0.0002
vn -0.2817 -0.9595 -0.0002
vn -0.9184 -0.3957 -0.0001
vn -0.8344 0.5512 0.0001
vn 0.4315 0.9021 0.0002
vn 0.2577 0.9662 0.0002
vn 0.2833 -0.9590 -0.0013
vn 0.9327 -0.3606 -0.0005
vn 0.8233 0.5676 0.0008
vn -0.2521 -0.7465 0.6158
vn -0.3902 -0.6517 0.6504
vn -0.3377 -0.6910 0.6392
vn -0.0480 -0.1958 0.9795
vn -0.1509 -0.7859 0.5996
vn -0.1678 -0.7839 0.5977
vn -0.0488 -0.2551 0.9657
vn 0.4671 -0.5865 0.6617
vn 0.2850 -0.7090 0.6451
vn 0.3960 -0.6396 0.6589
vn 0.0621 -0.1950 0.9788
vn 0.1533 -0.7764 0.6113
vn 0.1721 -0.7669 0.6183
vn 0.0492 -0.2573 0.9651
vn 0.0000 -0.7948 0.6069
vn 0.0000 -0.2652 0.9642
vn 0.0005 0.8797 0.4755
vn 0.1831 0.9544 0.2358
vn 0.1382 0.6815 0.7186
vn -0.0008 0.5187 0.8550
vn 0.0978 0.4953 0.8632
vn 0.3295 0.8050 0.4933
vn 0.1998 0.4739 0.8576
vn 0.4835 0.7212 0.4962
vn 0.4128 0.6014 0.6840
vn 0.1563 0.2134 0.9644
vn 0.6131 0.6111 0.5006
vn 0.3655 0.3645 0.8564
vn 0.8079 0.5343 0.2486
vn 0.5754 0.3943 0.7166
vn 0.4081 0.2852 0.8673
vn 0.8970 0.3662 0.2474
vn 0.6330 0.2744 0.7239
vn 0.4666 0.1971 0.8622
vn 0.9510 0.1857 0.2474
vn 0.6723 0.1421 0.7265
vn 0.4995 0.1016 0.8603
vn 0.9688 0.0000 0.2479
vn 0.6991 -0.0002 0.7150
vn 0.5032 -0.0001 0.8641
vn 0.8511 -0.1726 0.4959
vn 0.5128 -0.0997 0.8527
vn 0.7976 -0.3330 0.5029
vn 0.4772 -0.1959 0.8567
vn 0.8141 -0.5241 0.2502
vn 0.5516 -0.3981 0.7330
vn 0.4072 -0.2854 0.8676
vn 0.6080 -0.6162 0.5006
vn 0.3582 -0.3653 0.8592
vn 0.4864 -0.7239 0.4894
vn 0.2856 -0.4332 0.8548
vn 0.3407 -0.8037 0.4878
vn 0.2839 -0.6617 0.6939
vn 0.0785 -0.2382 0.9680
vn 0.1732 -0.8472 0.5023
vn 0.1460 -0.7038 0.6952
vn 0.0510 -0.2570 0.9651
vn -0.0022 -0.8699 0.4932
vn -0.0031 -0.7104 0.7038
vn 0.0094 -0.2618 0.9651
vn -0.1777 -0.8592 0.4799
vn -0.1490 -0.6956 0.7028
vn -0.0425 -0.2487 0.9676
vn -0.3420 -0.8072 0.4811
vn -0.2838 -0.6617 0.6939
vn -0.0796 -0.2417 0.9671
vn -0.4911 -0.7194 0.4913
vn -0.2909 -0.4290 0.8552
vn -0.6118 -0.6112 0.5021
vn -0.3632 -0.3609 0.8590
vn -0.8141 -0.5241 0.2502
vn -0.5516 -0.3981 0.7330
vn -0.4072 -0.2854 0.8676
vn -0.7976 -0.3330 0.5029
vn -0.4772 -0.1959 0.8567
vn -0.8557 -0.1713 0.4882
vn -0.5221 -0.0991 0.8471
vn -0.8717 0.0022 0.4900
vn -0.5124 0.0007 0.8587
vn -0.9098 0.1942 0.3669
vn -0.7129 0.1701 0.6803
vn -0.9229 0.3584 0.1405
vn -0.9056 0.3498 0.2397
vn -0.8181 0.2461 0.5198
vn -0.8291 0.5590 -0.0102
vn -0.8294 0.5585 -0.0120
vn -0.9096 0.4153 -0.0099
vn -0.8254 0.5644 -0.0121
vn -0.6749 0.7233 0.1459
vn -0.6618 0.7103 0.2397
vn -0.7174 0.6965 -0.0140
vn -0.5293 0.7695 0.3575
vn -0.4979 0.6823 0.5354
vn -0.5484 0.6596 0.5141
vn -0.3352 0.7999 0.4977
vn -0.1908 0.4711 0.8612
vn -0.0938 0.2287 0.9690
vn -0.1659 0.8540 0.4931
vn -0.0990 0.5055 0.8571
vn -0.7464 0.0331 -0.6647
vn -0.8928 0.0861 -0.4421
vn 0.8972 0.0790 -0.4344
vn 0.7570 0.0316 -0.6526
vn -0.4542 0.0253 0.8905
vn -0.8404 0.0448 0.5402
vn 0.8392 0.0443 0.5421
vn 0.4576 0.0249 0.8888
vn 0.0072 1.0000 -0.0053
vn -0.0071 1.0000 -0.0050
vn 0.0040 -0.4940 0.8694
vn 0.0051 -0.4971 0.8677
vn 0.0059 -0.6995 0.7146
vn 0.0089 -0.8714 0.4905
vn 0.0074 -0.9727 0.2319
vn -0.0000 -0.4970 0.8677
vn 0.0000 -0.6995 0.7147
vn -0.0000 -0.9727 0.2319
vn -0.0041 -0.4963 0.8682
vn -0.0059 -0.6995 0.7146
vn -0.0074 -0.9727 0.2319
vn -0.0051 -0.4987 0.8668
vn -0.0090 -0.8771 0.4802
vn 0.0000 0.9655 0.2605
vn 0.0000 0.6817 0.7316
vn 0.0000 0.4941 0.8694
vn 0.0000 0.9703 0.2419
vn 0.0000 0.7001 0.7141
vn 0.0000 0.4955 0.8686
vn -0.0000 0.6916 0.7223
vn -0.0000 0.4999 0.8661
vn -0.0744 -0.2596 -0.9628
vn -0.1692 -0.4771 -0.8624
vn -0.0405 -0.7135 -0.6994
vn -0.0432 -0.8583 -0.5113
vn -0.1184 -0.8395 -0.5303
vn -0.0002 -0.2628 -0.9648
vn 0.0002 -0.7231 -0.6907
vn 0.0001 -0.8622 -0.5066
vn 0.0607 -0.5043 -0.8614
vn 0.0425 -0.8533 -0.5196
vn 0.1694 -0.4723 -0.8650
vn 0.1205 -0.8373 -0.5333
vn -0.8472 0.0468 0.5292
vn -0.5546 0.0319 0.8315
vn 0.5544 0.0308 0.8317
vn 0.8511 0.0464 0.5230
vn -0.1880 -0.9516 -0.2430
vn 0.0000 -0.9700 -0.2429
vn 0.0000 -0.7135 -0.7006
vn -0.1355 -0.7002 -0.7010
vn -0.1352 -0.7002 -0.7010
vn 0.0000 -0.2572 -0.9664
vn -0.0510 -0.2523 -0.9663
vn -0.1684 -0.8536 0.4929
vn 0.0007 -0.7060 0.7082
vn 0.0006 -0.5091 0.8607
vn -0.1012 -0.4990 0.8607
vn -0.3326 -0.8054 -0.4907
vn -0.2705 -0.6673 -0.6939
vn -0.0980 -0.2377 -0.9664
vn -0.3329 -0.8084 0.4855
vn -0.2812 -0.6730 0.6841
vn -0.4842 -0.7249 -0.4900
vn -0.4001 -0.5999 -0.6928
vn -0.1485 -0.2106 -0.9662
vn -0.4806 -0.7270 0.4904
vn -0.2857 -0.4354 0.8537
vn -0.6182 -0.6220 -0.4805
vn -0.5144 -0.5011 -0.6959
vn -0.1786 -0.1792 -0.9675
vn -0.6164 -0.6173 0.4889
vn -0.3634 -0.3647 0.8573
vn -0.7293 -0.4839 -0.4838
vn -0.4314 -0.2837 -0.8564
vn -0.7307 -0.4842 0.4813
vn -0.4352 -0.2872 0.8533
vn -0.8970 -0.3668 -0.2469
vn -0.6410 -0.2732 -0.7173
vn -0.4727 -0.1952 -0.8593
vn -0.8945 -0.3705 0.2501
vn -0.4727 -0.1952 0.8593
vn -0.8514 -0.1713 -0.4957
vn -0.5045 -0.1011 -0.8575
vn -0.9486 -0.1911 0.2524
vn -0.6767 -0.1394 0.7229
vn -0.4866 -0.1010 0.8678
vn -0.8690 -0.0004 -0.4948
vn -0.5193 0.0004 -0.8546
vn -0.9683 -0.0026 0.2496
vn -0.6844 0.0001 0.7291
vn -0.4906 0.0001 0.8714
vn -0.9495 0.1889 -0.2505
vn -0.6837 0.1397 -0.7163
vn -0.4982 0.0993 -0.8614
vn -0.9496 0.1902 0.2491
vn -0.6795 0.1402 0.7201
vn -0.4943 0.1010 0.8634
vn -0.8986 0.3676 -0.2397
vn -0.6445 0.2689 -0.7158
vn -0.4699 0.1939 -0.8612
vn -0.8942 0.3688 0.2537
vn -0.6519 0.2705 0.7084
vn -0.4728 0.1961 0.8591
vn -0.7254 0.4806 -0.4928
vn -0.4314 0.2838 -0.8564
vn -0.7200 0.4818 0.4994
vn -0.4204 0.2882 0.8604
vn -0.6130 0.6159 -0.4950
vn -0.3621 0.3623 -0.8588
vn -0.6080 0.6187 0.4974
vn -0.3608 0.3697 0.8562
vn -0.4797 0.7327 -0.4828
vn -0.2824 0.4295 -0.8578
vn -0.4825 0.7269 0.4887
vn -0.2834 0.4289 0.8578
vn -0.3324 0.8132 -0.4777
vn -0.2741 0.6666 -0.6932
vn -0.0937 0.2383 -0.9667
vn -0.3650 0.8986 0.2436
vn -0.2754 0.6437 0.7140
vn -0.1949 0.4684 0.8618
vn -0.1707 0.8494 -0.4994
vn -0.0991 0.5040 -0.8580
vn -0.1842 0.9523 0.2432
vn -0.1436 0.6698 0.7286
vn -0.0995 0.4900 0.8660
vn 0.0008 0.8664 -0.4994
vn 0.0009 0.5107 -0.8598
vn 0.0012 0.8680 0.4966
vn 0.0011 0.5098 0.8603
vn 0.1686 0.8523 -0.4951
vn 0.1352 0.7002 -0.7010
vn 0.0536 0.2523 -0.9662
vn 0.1672 0.8517 0.4966
vn 0.1413 0.7075 0.6925
vn 0.0434 0.2524 0.9667
vn 0.3307 0.8040 -0.4941
vn 0.1890 0.4759 -0.8589
vn 0.3295 0.8026 0.4973
vn 0.1905 0.4694 0.8622
vn 0.5404 0.8098 -0.2284
vn 0.3813 0.5825 -0.7178
vn 0.2754 0.4244 -0.8626
vn 0.5347 0.8133 0.2294
vn 0.3892 0.5803 0.7154
vn 0.2780 0.4209 0.8635
vn 0.6137 0.6162 -0.4936
vn 0.3553 0.3633 -0.8612
vn 0.6089 0.6194 0.4956
vn 0.3576 0.3659 0.8592
vn 0.7242 0.4793 -0.4957
vn 0.4261 0.2859 -0.8583
vn 0.7184 0.4809 0.5026
vn 0.4211 0.2886 0.8599
vn 0.8034 0.3297 -0.4959
vn 0.4722 0.1955 -0.8596
vn 0.8022 0.3317 0.4964
vn 0.4734 0.1965 0.8586
vn 0.9482 0.1884 -0.2559
vn 0.6856 0.1403 -0.7144
vn 0.4991 0.0997 -0.8608
vn 0.8532 0.1721 0.4924
vn 0.4921 0.1010 0.8646
vn 0.9660 0.0000 -0.2585
vn 0.7023 -0.0001 -0.7119
vn 0.5141 -0.0000 -0.8577
vn 0.8680 -0.0007 0.4965
vn 0.4890 -0.0007 0.8723
vn 0.9481 -0.1911 -0.2542
vn 0.6833 -0.1378 -0.7171
vn 0.5033 -0.0998 -0.8583
vn 0.9481 -0.1911 0.2542
vn 0.6741 -0.1385 0.7256
vn 0.4848 -0.1003 0.8688
vn 0.8037 -0.3296 -0.4954
vn 0.4766 -0.1934 -0.8576
vn 0.8020 -0.3324 0.4962
vn 0.4697 -0.1941 0.8612
vn 0.7254 -0.4763 -0.4969
vn 0.6054 -0.3968 -0.6900
vn 0.2012 -0.1471 -0.9685
vn 0.7262 -0.4811 0.4911
vn 0.4292 -0.2886 0.8558
vn 0.6124 -0.6145 -0.4974
vn 0.5088 -0.5102 -0.6934
vn 0.1840 -0.1844 -0.9655
vn 0.6093 -0.6201 0.4942
vn 0.3599 -0.3700 0.8565
vn 0.4808 -0.7194 -0.5013
vn 0.3965 -0.5931 -0.7007
vn 0.1529 -0.2169 -0.9642
vn 0.4730 -0.7256 0.4997
vn 0.2863 -0.4354 0.8535
vn 0.3313 -0.8030 -0.4954
vn 0.2667 -0.6605 -0.7019
vn 0.0998 -0.2411 -0.9654
vn 0.3310 -0.8062 0.4904
vn 0.2776 -0.6659 0.6925
vn 0.1880 -0.9516 -0.2430
vn 0.1355 -0.7002 -0.7010
vn 0.1352 -0.7002 -0.7010
vn 0.0510 -0.2523 -0.9663
vn 0.1849 -0.9522 0.2432
vn 0.1403 -0.6998 0.7005
vn 0.1412 -0.6996 0.7004
vn 0.0508 -0.2523 0.9663
vn -0.0591 -0.8705 0.4886
vn -0.0344 -0.5082 0.8606
vn -0.1320 -0.9603 -0.2456
vn -0.2744 -0.6361 -0.7211
vn -0.2852 -0.4495 -0.8465
vn -0.4523 0.7874 0.4189
vn -0.3092 0.5316 0.7885
vn -0.5505 0.7395 -0.3874
vn -0.4594 0.4787 -0.7482
vn 0.2142 -0.8374 -0.5029
vn 0.2857 -0.4585 -0.8415
vn 0.0591 -0.8667 0.4953
vn 0.0341 -0.5015 0.8645
vn 0.5541 0.7397 -0.3819
vn 0.4863 0.5224 -0.7004
vn 0.4582 0.7901 0.4073
vn 0.4351 0.7581 0.4857
vn 0.1441 0.2358 0.9611
vn -0.4959 0.7377 -0.4581
vn -0.4906 0.7037 -0.5139
vn -0.4288 0.7548 0.4965
vn 0.4478 0.7995 0.4005
vn 0.4382 0.7715 0.4613
vn 0.5007 0.7211 -0.4789
vn -0.1668 0.1912 0.9673
vn -0.4706 0.5294 0.7059
vn -0.5021 0.5601 0.6589
vn 0.6355 0.7179 0.2843
vn 0.4385 0.5070 0.7420
vn 0.2306 0.2523 0.9398
vn 0.0005 -0.3381 0.9411
vn 0.0006 -0.4948 0.8690
vn 0.0009 -0.6834 0.7300
vn 0.0012 -0.8616 0.5076
vn 0.0015 -0.9581 0.2866
vn 0.0000 -0.4998 0.8661
vn 0.0000 -0.8682 0.4962
vn -0.0007 -0.5025 0.8646
vn -0.0012 -0.8599 0.5105
vn -0.0005 -0.3392 0.9407
vn -0.0011 -0.7476 0.6641
vn -0.4553 0.8903 -0.0002
vn -0.2688 0.9632 -0.0002
vn -0.8344 0.5512 -0.0001
vn -0.9221 -0.3871 0.0001
vn -0.2818 -0.9595 0.0002
vn 0.2577 0.9662 -0.0002
vn 0.4296 0.9030 -0.0002
vn 0.8261 0.5635 -0.0008
vn 0.9327 -0.3606 0.0005
vn 0.2833 -0.9590 0.0013
vn -0.0492 -0.1965 -0.9793
vn -0.3093 -0.6658 -0.6790
vn -0.3544 -0.6099 -0.7088
vn -0.2345 -0.7456 -0.6237
vn -0.0498 -0.2550 -0.9656
vn -0.1605 -0.7886 -0.5936
vn -0.1458 -0.7827 -0.6051
vn 0.0487 -0.1943 -0.9797
vn 0.4142 -0.6239 -0.6627
vn 0.3527 -0.6654 -0.6580
vn 0.2584 -0.7198 -0.6443
vn 0.0504 -0.2573 -0.9650
vn 0.1639 -0.7679 -0.6192
vn 0.1487 -0.7769 -0.6118
vn 0.0000 -0.2652 -0.9642
vn 0.0011 -0.7879 -0.6158
vn -0.0010 0.5186 -0.8550
vn 0.1028 0.4951 -0.8627
vn -0.0016 0.8797 -0.4755
vn 0.1401 0.6813 -0.7184
vn 0.1831 0.9544 -0.2358
vn 0.2036 0.4736 -0.8569
vn 0.3329 0.8038 -0.4930
vn 0.1408 0.2139 -0.9667
vn 0.4128 0.6014 -0.6840
vn 0.4867 0.7194 -0.4955
vn 0.3654 0.3646 -0.8565
vn 0.6131 0.6111 -0.5006
vn 0.4216 0.2838 -0.8612
vn 0.5754 0.3943 -0.7166
vn 0.8031 0.5401 -0.2517
vn 0.4661 0.1965 -0.8627
vn 0.6422 0.2723 -0.7166
vn 0.8934 0.3726 -0.2509
vn 0.4978 0.1010 -0.8614
vn 0.8540 0.1699 -0.4918
vn 0.2504 -0.0000 -0.9682
vn 0.7148 -0.0002 -0.6993
vn 0.8735 -0.0001 -0.4869
vn 0.2510 -0.0501 -0.9667
vn 0.7012 -0.1384 -0.6994
vn 0.8558 -0.1683 -0.4891
vn 0.2217 -0.1001 -0.9700
vn 0.6591 -0.2643 -0.7041
vn 0.8055 -0.3316 -0.4912
vn 0.4183 -0.2821 -0.8634
vn 0.5816 -0.3896 -0.7141
vn 0.7942 -0.5481 -0.2625
vn 0.3584 -0.3643 -0.8595
vn 0.6092 -0.6166 -0.4986
vn 0.1190 -0.2183 -0.9686
vn 0.4089 -0.5944 -0.6924
vn 0.4893 -0.7233 -0.4872
vn 0.0940 -0.2378 -0.9667
vn 0.2765 -0.6632 -0.6955
vn 0.3337 -0.8060 -0.4889
vn 0.0523 -0.2570 -0.9650
vn 0.1423 -0.7042 -0.6956
vn 0.1713 -0.8474 -0.5026
vn 0.0006 -0.5114 -0.8593
vn 0.0000 -0.8713 -0.4908
vn -0.1081 -0.5013 -0.8585
vn -0.1742 -0.8599 -0.4799
vn -0.1030 -0.2412 -0.9650
vn -0.2787 -0.6710 -0.6871
vn -0.3344 -0.8086 -0.4840
vn -0.1209 -0.2215 -0.9676
vn -0.4039 -0.5885 -0.7004
vn -0.4879 -0.7211 -0.4918
vn -0.3559 -0.3619 -0.8616
vn -0.6075 -0.6145 -0.5034
vn -0.4183 -0.2821 -0.8634
vn -0.5816 -0.3896 -0.7141
vn -0.7942 -0.5481 -0.2625
vn -0.2217 -0.1001 -0.9700
vn -0.6591 -0.2643 -0.7041
vn -0.8055 -0.3316 -0.4912
vn -0.2515 -0.0502 -0.9666
vn -0.7003 -0.1383 -0.7004
vn -0.8550 -0.1682 -0.4905
vn -0.5076 0.0003 -0.8616
vn -0.8692 0.0003 -0.4944
vn -0.7218 0.1623 -0.6728
vn -0.9159 0.1877 -0.3547
vn -0.8181 0.2461 -0.5198
vn -0.9079 0.3473 -0.2346
vn -0.9290 0.3482 -0.1257
vn -0.8227 0.5683 0.0109
vn -0.9078 0.4193 0.0097
vn -0.8291 0.5590 0.0131
vn -0.8297 0.5580 0.0120
vn -0.7141 0.6999 0.0118
vn -0.6523 0.7174 -0.2445
vn -0.6714 0.7267 -0.1456
vn -0.5237 0.6719 -0.5237
vn -0.4899 0.6858 -0.5382
vn -0.5199 0.7757 -0.3579
vn -0.1092 0.2283 -0.9674
vn -0.1982 0.4708 -0.8597
vn -0.3355 0.7996 -0.4981
vn -0.1039 0.5055 -0.8566
vn -0.1692 0.8533 -0.4932
vn -0.8880 0.0864 0.4517
vn -0.7246 0.0343 0.6883
vn 0.7377 0.0327 0.6743
vn 0.8904 0.0808 0.4479
vn -0.8517 0.0438 -0.5222
vn -0.6997 0.0354 -0.7136
vn -0.1954 0.0120 -0.9807
vn 0.2119 0.0119 -0.9772
vn 0.7064 0.0349 -0.7070
vn 0.8525 0.0434 -0.5209
vn 0.0066 1.0000 0.0053
vn -0.0064 1.0000 0.0050
vn 0.3827 -0.9239 -0.0009
vn 0.1951 -0.9808 -0.0009
vn 0.1951 0.9808 -0.0009
vn 0.3827 0.9239 -0.0009
vn -0.7071 0.7071 -0.0009
vn -0.5556 0.8315 -0.0009
vn -0.0000 -1.0000 -0.0009
vn 0.5436 0.8393 -0.0007
vn -0.3827 0.9239 -0.0009
vn -0.1951 -0.9808 -0.0009
vn 0.7071 0.7071 -0.0006
vn -0.1951 0.9808 -0.0009
vn -0.3827 -0.9239 -0.0009
vn 0.8393 0.5436 -0.0007
vn -0.0000 1.0000 -0.0009
vn -0.5556 -0.8315 -0.0009
vn 0.9239 0.3827 -0.0009
vn -0.7071 -0.7071 -0.0009
vn 0.9808 0.1951 -0.0009
vn -0.8315 -0.5556 -0.0009
vn 1.0000 -0.0000 -0.0009
vn -0.9239 -0.3827 -0.0009
vn 0.9808 -0.1951 -0.0009
vn -0.9808 -0.1951 -0.0009
vn 0.9239 -0.3827 -0.0009
vn -1.0000 0.0000 -0.0009
vn 0.8315 -0.5556 -0.0009
vn -0.9808 0.1951 -0.0009
vn 0.7071 -0.7071 -0.0009
vn -0.9239 0.3827 -0.0009
vn 0.5556 -0.8315 -0.0009
vn -0.8315 0.5556 -0.0009
vn 0.3827 -0.9239 0.0009
vn 0.1951 -0.9808 0.0009
vn 0.1951 0.9808 0.0009
vn 0.3827 0.9239 0.0009
vn -0.7071 0.7071 0.0009
vn -0.5556 0.8315 0.0009
vn -0.0000 -1.0000 0.0009
vn 0.5436 0.8393 0.0007
vn -0.3827 0.9239 0.0009
vn -0.1951 -0.9808 0.0009
vn 0.7071 0.7071 0.0006
vn -0.1951 0.9808 0.0009
vn -0.3827 -0.9239 0.0009
vn 0.8393 0.5436 0.0007
vn -0.0000 1.0000 0.0009
vn -0.5556 -0.8315 0.0009
vn 0.9239 0.3827 0.0009
vn -0.7071 -0.7071 0.0009
vn 0.9808 0.1951 0.0009
vn -0.8315 -0.5556 0.0009
vn 1.0000 -0.0000 0.0009
vn -0.9239 -0.3827 0.0009
vn 0.9808 -0.1951 0.0009
vn -0.9808 -0.1951 0.0009
vn 0.9239 -0.3827 0.0009
vn -1.0000 0.0000 0.0009
vn 0.8315 -0.5556 0.0009
vn -0.9808 0.1951 0.0009
vn 0.7071 -0.7071 0.0009
vn -0.9239 0.3827 0.0009
vn 0.5556 -0.8315 0.0009
vn -0.8315 0.5556 0.0009
usemtl Material.004
s off
f 2751/2868/853 2731/2869/853 2701/2870/853
f 1973/2871/854 1970/2872/854 2723/2873/854 3034/2874/854
f 1970/2872/855 1969/2875/855 2727/2876/855 2723/2873/855
f 1972/2877/856 1973/2871/856 3034/2874/856 3030/2878/856
f 2730/2879/857 1971/2880/857 3026/2881/857 2698/2882/857
f 1971/2880/858 1972/2877/858 3030/2878/858 3026/2881/858
f 3015/2883/859 3011/2884/859 2715/2885/859 2751/2886/859
f 2718/2887/860 2715/2888/860 2736/2889/860
f 1969/2875/861 2719/2890/861 2735/2891/861 2727/2876/861
f 2006/2892/862 2037/2893/862 2036/2894/862 2035/2895/862 2034/2896/862 2033/2897/862 2032/2898/862 2031/2899/862 2030/2900/862 2029/2901/862 2028/2902/862 2027/2903/862 2026/2904/862 2025/2905/862 2024/2906/862 2023/2907/862 2022/2908/862 2021/2909/862 2020/2910/862 2019/2911/862 2018/2912/862 2017/2913/862 2016/2914/862 2015/2915/862 2014/2916/862 2013/2917/862 2012/2918/862 2011/2919/862 2010/2920/862 2009/2921/862 2008/2922/862 2007/2923/862
f 3539/2924/860 3556/2925/860 3535/2926/860
f 2156/2927/863 3542/2928/863 3546/2929/863 2155/2930/863
f 3571/2931/853 3519/2932/853 3550/2933/853
f 2158/2934/864 3851/2935/864 3855/2936/864 2159/2937/864
f 2159/2937/865 3855/2936/865 3542/2928/865 2156/2927/865
f 3551/2938/866 3518/2939/866 3847/2940/866 2157/2941/866
f 2157/2941/867 3847/2940/867 3851/2935/867 2158/2934/867
f 2155/2930/868 3546/2929/868 3557/2942/868 3538/2943/868
f 3835/2944/869 3571/2945/869 3535/2946/869 3831/2947/869
f 2192/2948/870 2193/2949/870 2194/2950/870 2195/2951/870 2196/2952/870 2197/2953/870 2198/2954/870 2199/2955/870 2200/2956/870 2201/2957/870 2202/2958/870 2203/2959/870 2204/2960/870 2205/2961/870 2206/2962/870 2207/2963/870 2208/2964/870 2209/2965/870 2210/2966/870 2211/2967/870 2212/2968/870 2213/2969/870 2214/2970/870 2215/2971/870 2216/2972/870 2217/2973/870 2218/2974/870 2219/2975/870 2220/2976/870 2221/2977/870 2222/2978/870 2223/2979/870
f 2698/2882/871 2702/2980/871 2704/2981/871 2703/2982/871
f 2701/2870/872 2711/2983/872 2713/2984/872 2712/2985/872
f 2711/2986/873 2703/2982/873 2704/2981/873 2713/2987/873
f 2735/2891/874 2741/2988/874 2743/2989/874 2742/2990/874
f 2741/2988/875 2745/2991/875 2746/2992/875 2743/2989/875
f 2736/2889/876 2744/2993/876 2746/2994/876 2745/2995/876
f 3518/2939/877 3522/2996/877 3524/2997/877 3523/2998/877
f 3522/2996/878 3526/2999/878 3527/3000/878 3524/2997/878
f 3519/2932/879 3525/3001/879 3527/3002/879 3526/3003/879
f 3524/2997/880 3527/3000/880 3530/3004/880 3533/3005/880
f 3556/2925/881 3564/3006/881 3566/3007/881 3565/3008/881
f 3564/3009/882 3568/3010/882 3569/3011/882 3566/3012/882
f 3557/2942/883 3567/3013/883 3569/3014/883 3568/3010/883
f 2727/2876/884 2735/2891/884 2742/2990/884 2729/3015/884
f 2723/2873/885 2727/2876/885 2729/3015/885 2725/3016/885
f 2698/2882/886 3026/2881/886 3028/3017/886 2702/2980/886
f 3026/2881/887 3030/2878/887 3032/3018/887 3028/3017/887
f 3030/2878/888 3034/2874/888 3036/3019/888 3032/3018/888
f 3034/2874/889 2723/2873/889 2725/3016/889 3036/3019/889
f 2715/2885/890 3011/2884/890 3013/3020/890 2717/3021/890
f 2753/3022/891 3017/3023/891 3015/2883/891 2751/2886/891
f 2718/2887/892 2736/2889/892 2745/2995/892 2720/3024/892
f 2720/3025/893 2745/2991/893 2741/2988/893 2721/3026/893
f 2721/3026/894 2741/2988/894 2735/2891/894 2719/2890/894
f 2701/2870/895 2731/2869/895 2733/3027/895 2711/2983/895
f 2711/2986/896 2733/3028/896 2732/3029/896 2703/2982/896
f 2703/2982/897 2732/3029/897 2730/2879/897 2698/2882/897
f 2751/2868/898 2701/2870/898 2712/2985/898 2753/3030/898
f 2736/2889/899 2715/2888/899 2717/3031/899 2744/2993/899
f 3548/3032/900 3567/3013/900 3557/2942/900 3546/2929/900
f 3544/3033/901 3548/3032/901 3546/2929/901 3542/2928/901
f 3523/2998/902 3849/3034/902 3847/2940/902 3518/2939/902
f 3849/3034/903 3853/3035/903 3851/2935/903 3847/2940/903
f 3853/3035/904 3857/3036/904 3855/2936/904 3851/2935/904
f 3857/3036/905 3544/3033/905 3542/2928/905 3855/2936/905
f 3537/3037/906 3833/3038/906 3831/2947/906 3535/2946/906
f 3571/2945/907 3835/2944/907 3837/3039/907 3573/3040/907
f 3538/2943/908 3557/2942/908 3568/3010/908 3540/3041/908
f 3540/3041/909 3568/3010/909 3564/3042/909 3541/3043/909
f 3541/3044/910 3564/3006/910 3556/2925/910 3539/2924/910
f 3518/2939/911 3551/2938/911 3553/3045/911 3522/2996/911
f 3522/2996/912 3553/3045/912 3552/3046/912 3526/2999/912
f 3526/3003/913 3552/3047/913 3550/2933/913 3519/2932/913
f 3573/3048/914 3525/3001/914 3519/2932/914 3571/2931/914
f 3565/3008/915 3537/3049/915 3535/2926/915 3556/2925/915
s 1
f 2304/3050/916 2248/3051/917 3011/2884/918 2038/3052/919
f 2619/3053/920 2270/3054/921 2260/3055/922 2579/3056/923
f 2258/3057/924 2272/3058/925 3014/3059/926 3022/3060/927
f 1900/3061/928 2259/3062/929 3023/3063/930 2042/3064/931
f 2236/3065/932 1904/3066/933 2039/3067/934 3018/3068/935
f 2531/3069/936 2298/3070/937 2339/3071/938 2491/3072/939
f 2299/3073/940 2664/3074/941 2674/3075/942 2295/3076/943
f 2295/3076/943 2674/3075/942 2678/3077/944 2291/3078/945
f 2283/3079/946 2623/3080/947 2575/3081/948 2354/3082/949
f 2287/3083/950 2682/3084/951 2687/3085/952 2282/3086/953
f 2362/3087/954 2366/3088/955 2370/3089/956 2374/3090/957 2378/3091/958 2382/3092/959 2386/3093/960 2390/3094/961 2394/3095/962 2398/3096/963 2402/3097/964 2406/3098/965 2410/3099/966 2414/3100/967 2418/3101/968 2422/3102/969 2426/3103/970 2430/3104/971 2434/3105/972 2438/3106/973 2442/3107/974 2446/3108/975 2450/3109/976 2454/3110/977 2458/3111/978 2462/3112/979 2466/3113/980 2470/3114/981 2474/3115/982 2478/3116/983 2482/3117/984 2358/3118/985
f 2355/3119/986 1900/3061/928 1901/3120/987 2351/3121/988
f 2351/3121/988 1901/3120/987 1902/3122/989 2347/3123/990
f 2347/3123/990 1902/3122/989 1903/3124/991 2343/3125/992
f 2291/3078/945 2678/3077/944 2682/3084/951 2287/3083/950
f 2327/3126/993 2686/3127/994 3515/3128/995 3506/3129/996
f 2302/3130/997 2315/3131/998 2149/3132/999 3502/3133/1000
f 2688/3134/1001 2683/3135/1002 2154/3136/1003 3514/3137/1004
f 2326/3138/1005 2322/3139/1006 2043/3140/919 2047/3141/919
f 3007/3142/1007 2882/3143/1008 2359/3144/1009 2483/3145/1010
f 2891/3146/1011 2895/3147/1012 2371/3148/1013 2367/3149/1014
f 2895/3147/1012 2899/3150/1015 2375/3151/1016 2371/3148/1013
f 2899/3152/1015 2903/3153/1017 2379/3154/1018 2375/3155/1016
f 2903/3153/1017 2907/3156/1019 2383/3157/1020 2379/3154/1018
f 2907/3156/1019 2911/3158/1021 2387/3159/1022 2383/3157/1020
f 2911/3158/1021 2915/3160/1023 2391/3161/1024 2387/3159/1022
f 2915/3160/1023 2919/3162/1025 2395/3163/1026 2391/3161/1024
f 2919/3162/1025 2923/3164/1027 2399/3165/1028 2395/3163/1026
f 2923/3164/1027 2927/3166/1029 2403/3167/1030 2399/3165/1028
f 2927/3166/1029 2931/3168/1031 2407/3169/1032 2403/3167/1030
f 2931/3170/1031 2935/3171/1033 2411/3172/1034 2407/3173/1032
f 2935/3171/1033 2939/3174/1035 2415/3175/1036 2411/3172/1034
f 2939/3174/1035 2943/3176/1037 2419/3177/1038 2415/3175/1036
f 2943/3176/1037 2947/3178/1039 2423/3179/1040 2419/3177/1038
f 2947/3178/1039 2951/3180/1041 2427/3181/1042 2423/3179/1040
f 2951/3180/1041 2955/3182/1043 2431/3183/1044 2427/3181/1042
f 2955/3182/1043 2959/3184/1045 2435/3185/1046 2431/3183/1044
f 2959/3184/1045 2963/3186/1047 2439/3187/1048 2435/3185/1046
f 2963/3188/1047 2967/3189/1049 2443/3190/1050 2439/3191/1048
f 2967/3189/1049 2971/3192/1051 2447/3193/1052 2443/3190/1050
f 2971/3192/1051 2975/3194/1053 2451/3195/1054 2447/3193/1052
f 2975/3194/1053 2979/3196/1055 2455/3197/1056 2451/3195/1054
f 2979/3196/1055 2983/3198/1057 2459/3199/1058 2455/3197/1056
f 2983/3198/1057 2987/3200/1059 2463/3201/1060 2459/3199/1058
f 2987/3200/1059 2991/3202/1061 2467/3203/1062 2463/3201/1060
f 2991/3202/1061 2995/3204/1063 2471/3205/1064 2467/3203/1062
f 2995/3206/1063 2999/3207/1065 2475/3208/1066 2471/3209/1064
f 2999/3207/1065 3003/3210/1067 2479/3211/1068 2475/3208/1066
f 3003/3210/1067 3007/3142/1007 2483/3145/1010 2479/3211/1068
f 2882/3143/1008 2887/3212/1069 2363/3213/1070 2359/3144/1009
f 2564/3214/1071 2495/3215/1072 2487/3216/1073 2535/3217/1074
f 2887/3212/1069 2891/3146/1011 2367/3149/1014 2363/3213/1070
f 2552/3218/1075 2507/3219/1076 2496/3220/1077 2563/3221/1078
f 2575/3081/948 2623/3080/947 2652/3222/1079 2583/3223/1080
f 2540/3224/1081 2519/3225/1082 2508/3226/1083 2551/3227/1084
f 2531/3069/936 2491/3072/939 2520/3228/1085 2539/3229/1086
f 2608/3230/1087 2627/3231/1088 2619/3053/920 2579/3056/923
f 2596/3232/1089 2639/3233/1090 2628/3234/1091 2607/3235/1092
f 2675/3236/1093 2663/3237/1094 3511/3238/1095 2152/3239/1096
f 2584/3240/1097 2651/3241/1098 2640/3242/1099 2595/3243/1100
f 2314/3244/1101 2304/3050/916 2038/3052/919 2040/3245/919
f 2286/3246/1102 2283/3079/946 2354/3082/949 2350/3247/1103
f 2290/3248/1104 2286/3246/1102 2350/3247/1103 2346/3249/1105
f 2294/3250/1106 2290/3248/1104 2346/3249/1105 2342/3251/1107
f 2298/3070/937 2294/3250/1106 2342/3251/1107 2339/3071/938
f 2683/3135/1002 2679/3252/1108 2153/3253/1109 2154/3136/1003
f 2318/3254/1110 2314/3244/1101 2040/3245/919 2041/3255/919
f 2343/3125/992 1903/3124/991 1904/3066/933 2338/3256/1111
f 2679/3252/1108 2675/3236/1093 2152/3239/1096 2153/3253/1109
f 2042/3064/931 3023/3063/930 2699/3257/1112 3027/3258/1113
f 2322/3139/1006 2318/3254/1110 2041/3255/919 2043/3140/919
f 3022/3060/927 3014/3059/926 2750/3259/1114 2700/3260/1115
f 2044/3261/1116 2042/3064/931 3027/3258/1113 3031/3262/1117
f 3052/3263/1118 3830/3264/1119 3838/3265/1120 3038/3266/1121
f 2039/3067/934 2046/3267/1122 2722/3268/1123 2726/3269/1124
f 2037/3270/1125 2879/3271/1126 2755/3272/1127 2006/3273/1128
f 2008/3274/1129 2763/3275/1130 2767/3276/1131 2009/3277/1132
f 2009/3277/1132 2767/3276/1131 2771/3278/1133 2010/3279/1134
f 2010/3280/1134 2771/3281/1133 2775/3282/1135 2011/3283/1136
f 2011/3283/1136 2775/3282/1135 2779/3284/1137 2012/3285/1138
f 2012/3285/1138 2779/3284/1137 2783/3286/1139 2013/3287/1140
f 2013/3287/1140 2783/3286/1139 2787/3288/1141 2014/3289/1142
f 2014/3289/1142 2787/3288/1141 2791/3290/1143 2015/3291/1144
f 2015/3291/1144 2791/3290/1143 2795/3292/1145 2016/3293/1146
f 2016/3293/1146 2795/3292/1145 2799/3294/1147 2017/3295/1148
f 2017/3295/1148 2799/3294/1147 2803/3296/1149 2018/3297/1150
f 2018/3298/1150 2803/3299/1149 2807/3300/1151 2019/3301/1152
f 2019/3301/1152 2807/3300/1151 2811/3302/1153 2020/3303/1154
f 2020/3303/1154 2811/3302/1153 2815/3304/1155 2021/3305/1156
f 2021/3305/1156 2815/3304/1155 2819/3306/1157 2022/3307/1158
f 2022/3307/1158 2819/3306/1157 2823/3308/1159 2023/3309/1160
f 2023/3309/1160 2823/3308/1159 2827/3310/1161 2024/3311/1162
f 2024/3311/1162 2827/3310/1161 2831/3312/1163 2025/3313/1164
f 2025/3313/1164 2831/3312/1163 2835/3314/1165 2026/3315/1166
f 2026/3316/1166 2835/3317/1165 2839/3318/1167 2027/3319/1168
f 2027/3319/1168 2839/3318/1167 2843/3320/1169 2028/3321/1170
f 2028/3321/1170 2843/3320/1169 2847/3322/1171 2029/3323/1172
f 2029/3323/1172 2847/3322/1171 2851/3324/1173 2030/3325/1174
f 2030/3325/1174 2851/3324/1173 2855/3326/1175 2031/3327/1176
f 2031/3327/1176 2855/3326/1175 2859/3328/1177 2032/3329/1178
f 2032/3329/1178 2859/3328/1177 2863/3330/1179 2033/3331/1180
f 2033/3331/1180 2863/3330/1179 2867/3332/1181 2034/3333/1182
f 2034/3334/1182 2867/3335/1181 2871/3336/1183 2035/3337/1184
f 2035/3337/1184 2871/3336/1183 2875/3338/1185 2036/3339/1186
f 2036/3339/1186 2875/3338/1185 2879/3271/1126 2037/3270/1125
f 2006/3273/1128 2755/3272/1127 2759/3340/1187 2007/3341/1188
f 1905/3342/862 1906/3343/862 2886/3344/1189 2883/3345/1190
f 2007/3341/1188 2759/3340/1187 2763/3275/1130 2008/3274/1129
f 1907/3346/862 1906/3343/862 1975/3347/862 1976/3348/862
f 1916/3349/862 1915/3350/862 1984/3351/862 1985/3352/862
f 1925/3353/862 1924/3354/862 1993/3355/862 1994/3356/862
f 1934/3357/862 1933/3358/862 2002/3359/862 2003/3360/862
f 1912/3361/862 1911/3362/862 1980/3363/862 1981/3364/862
f 1921/3365/862 1920/3366/862 1989/3367/862 1990/3368/862
f 1930/3369/862 1929/3370/862 1998/3371/862 1999/3372/862
f 1908/3373/862 1907/3346/862 1976/3348/862 1977/3374/862
f 1917/3375/862 1916/3349/862 1985/3352/862 1986/3376/862
f 1926/3377/862 1925/3353/862 1994/3356/862 1995/3378/862
f 1935/3379/862 1934/3357/862 2003/3360/862 2004/3380/862
f 1913/3381/862 1912/3361/862 1981/3364/862 1982/3382/862
f 1922/3383/862 1921/3365/862 1990/3368/862 1991/3384/862
f 1931/3385/862 1930/3369/862 1999/3372/862 2000/3386/862
f 1909/3387/862 1908/3373/862 1977/3374/862 1978/3388/862
f 1918/3389/862 1917/3375/862 1986/3376/862 1987/3390/862
f 1927/3391/862 1926/3377/862 1995/3378/862 1996/3392/862
f 1936/3393/862 1935/3379/862 2004/3380/862 2005/3394/862
f 1914/3395/862 1913/3381/862 1982/3382/862 1983/3396/862
f 1923/3397/862 1922/3383/862 1991/3384/862 1992/3398/862
f 1932/3399/862 1931/3385/862 2000/3386/862 2001/3400/862
f 1910/3401/862 1909/3387/862 1978/3388/862 1979/3402/862
f 1919/3403/862 1918/3389/862 1987/3390/862 1988/3404/862
f 1928/3405/862 1927/3391/862 1996/3392/862 1997/3406/862
f 1906/3343/862 1905/3342/862 1974/3407/862 1975/3347/862
f 1905/3342/862 1936/3393/862 2005/3394/862 1974/3407/862
f 1915/3350/862 1914/3395/862 1983/3396/862 1984/3351/862
f 1924/3354/862 1923/3397/862 1992/3398/862 1993/3355/862
f 1933/3358/862 1932/3399/862 2001/3400/862 2002/3359/862
f 1911/3362/862 1910/3401/862 1979/3402/862 1980/3363/862
f 1920/3366/862 1919/3403/862 1988/3404/862 1989/3367/862
f 1929/3370/862 1928/3405/862 1997/3406/862 1998/3371/862
f 1936/3393/862 1905/3342/862 2883/3345/1190 3006/3408/1191
f 1907/3346/862 1908/3373/862 2894/3409/1192 2890/3410/1193
f 1908/3373/862 1909/3387/862 2898/3411/1194 2894/3409/1192
f 1909/3387/862 1910/3401/862 2902/3412/1195 2898/3411/1194
f 1910/3401/862 1911/3362/862 2906/3413/1196 2902/3412/1195
f 1911/3362/862 1912/3361/862 2910/3414/1197 2906/3413/1196
f 1912/3361/862 1913/3381/862 2914/3415/1198 2910/3414/1197
f 1913/3381/862 1914/3395/862 2918/3416/1199 2914/3415/1198
f 1914/3395/862 1915/3350/862 2922/3417/1200 2918/3416/1199
f 1915/3350/862 1916/3349/862 2926/3418/1201 2922/3417/1200
f 1916/3349/862 1917/3375/862 2930/3419/1202 2926/3418/1201
f 1917/3375/862 1918/3389/862 2934/3420/1203 2930/3419/1202
f 1918/3389/862 1919/3403/862 2938/3421/1204 2934/3420/1203
f 1919/3403/862 1920/3366/862 2942/3422/1205 2938/3421/1204
f 1920/3366/862 1921/3365/862 2946/3423/1206 2942/3422/1205
f 1921/3365/862 1922/3383/862 2950/3424/1207 2946/3423/1206
f 1922/3383/862 1923/3397/862 2954/3425/1208 2950/3424/1207
f 1923/3397/862 1924/3354/862 2958/3426/1209 2954/3425/1208
f 1924/3354/862 1925/3353/862 2962/3427/1210 2958/3426/1209
f 1925/3353/862 1926/3377/862 2966/3428/1211 2962/3427/1210
f 1926/3377/862 1927/3391/862 2970/3429/1212 2966/3428/1211
f 1927/3391/862 1928/3405/862 2974/3430/1213 2970/3429/1212
f 1928/3405/862 1929/3370/862 2978/3431/1214 2974/3430/1213
f 1929/3370/862 1930/3369/862 2982/3432/1215 2978/3431/1214
f 1930/3369/862 1931/3385/862 2986/3433/1216 2982/3432/1215
f 1931/3385/862 1932/3399/862 2990/3434/1217 2986/3433/1216
f 1932/3399/862 1933/3358/862 2994/3435/1218 2990/3434/1217
f 1933/3358/862 1934/3357/862 2998/3436/1219 2994/3435/1218
f 1934/3357/862 1935/3379/862 3002/3437/1220 2998/3436/1219
f 1935/3379/862 1936/3393/862 3006/3408/1191 3002/3437/1220
f 1906/3343/862 1907/3346/862 2890/3410/1193 2886/3344/1189
f 1975/3347/862 1974/3407/862 2006/2892/862 2007/2923/862
f 1976/3348/862 1975/3347/862 2007/2923/862 2008/2922/862
f 1977/3374/862 1976/3348/862 2008/2922/862 2009/2921/862
f 1978/3388/862 1977/3374/862 2009/2921/862 2010/2920/862
f 1979/3402/862 1978/3388/862 2010/2920/862 2011/2919/862
f 1980/3363/862 1979/3402/862 2011/2919/862 2012/2918/862
f 1981/3364/862 1980/3363/862 2012/2918/862 2013/2917/862
f 1982/3382/862 1981/3364/862 2013/2917/862 2014/2916/1221
f 1983/3396/862 1982/3382/862 2014/2916/1221 2015/2915/1221
f 1984/3351/862 1983/3396/862 2015/2915/1221 2016/2914/862
f 1985/3352/862 1984/3351/862 2016/2914/862 2017/2913/862
f 1986/3376/862 1985/3352/862 2017/2913/862 2018/2912/862
f 1987/3390/862 1986/3376/862 2018/2912/862 2019/2911/862
f 1988/3404/862 1987/3390/862 2019/2911/862 2020/2910/862
f 1989/3367/862 1988/3404/862 2020/2910/862 2021/2909/862
f 1990/3368/862 1989/3367/862 2021/2909/862 2022/2908/862
f 1991/3384/862 1990/3368/862 2022/2908/862 2023/2907/862
f 1992/3398/862 1991/3384/862 2023/2907/862 2024/2906/862
f 1993/3355/862 1992/3398/862 2024/2906/862 2025/2905/862
f 1994/3356/862 1993/3355/862 2025/2905/862 2026/2904/862
f 1995/3378/862 1994/3356/862 2026/2904/862 2027/2903/862
f 1996/3392/862 1995/3378/862 2027/2903/862 2028/2902/862
f 1997/3406/862 1996/3392/862 2028/2902/862 2029/2901/862
f 1998/3371/862 1997/3406/862 2029/2901/862 2030/2900/1222
f 1999/3372/862 1998/3371/862 2030/2900/1222 2031/2899/862
f 2000/3386/862 1999/3372/862 2031/2899/862 2032/2898/862
f 2001/3400/862 2000/3386/862 2032/2898/862 2033/2897/862
f 2002/3359/862 2001/3400/862 2033/2897/862 2034/2896/862
f 2003/3360/862 2002/3359/862 2034/2896/862 2035/2895/862
f 2004/3380/862 2003/3360/862 2035/2895/862 2036/2894/862
f 2005/3394/862 2004/3380/862 2036/2894/862 2037/2893/862
f 1974/3407/862 2005/3394/862 2037/2893/862 2006/2892/862
f 2315/3131/998 2319/3438/1223 2150/3439/999 2149/3132/999
f 2338/3256/1111 1904/3066/933 2236/3065/932 2486/3440/1224 2494/3441/1225 2506/3442/1226 2518/3443/1227 2490/3444/1228
f 2662/3445/1229 2303/3446/1230 3503/3447/1231 3510/3448/1232
f 2530/3449/1233 2538/3450/1234 2550/3451/1235 2562/3452/1236 2534/3453/1237 2248/3051/917 2304/3050/916 2664/3074/941 2299/3073/940
f 2487/3216/1073 2235/3454/1238 2246/3455/1239 2535/3217/1074
f 1904/3066/933 1903/3124/991 2046/3267/1122 2039/3067/934
f 2271/3456/1240 2326/3138/1005 2047/3141/919 3015/2883/1241
f 2282/3086/953 2687/3085/952 2326/3138/1005 2271/3456/1240 2618/3457/1242 2626/3458/1243 2638/3459/1244 2650/3460/1245 2622/3461/1246
f 2319/3438/1223 2323/3462/1223 2151/3463/999 2150/3439/999
f 1901/3120/987 1900/3061/928 2042/3064/931 2044/3261/1116
f 2323/3462/1223 2328/3464/1247 3507/3465/1248 2151/3463/999
f 1902/3122/989 1901/3120/987 2044/3261/1116 2045/3466/1249
f 1903/3124/991 1902/3122/989 2045/3466/1249 2046/3267/1122
f 2574/3467/1250 2582/3468/1251 2594/3469/1252 2606/3470/1253 2578/3471/1254 2259/3062/929 1900/3061/928 2355/3119/986
f 2758/3472/1255 2754/3473/1256 2878/3474/1257 2874/3475/1258 2870/3476/1259 2866/3477/1260 2862/3478/1260 2858/3479/1260 2854/3480/1261 2850/3481/1262 2846/3482/1263 2842/3483/1264 2838/3484/1265 2834/3485/1266 2830/3486/1267 2826/3487/1268 2822/3488/1269 2818/3489/1270 2814/3490/1271 2810/3491/1272 2806/3492/1273 2802/3493/1274 2798/3494/1275 2794/3495/1276 2790/3496/1277 2786/3497/1278 2782/3498/1279 2778/3499/1280 2774/3500/1281 2770/3501/1282 2766/3502/1283 2762/3503/1284
f 2046/3267/1122 2045/3466/1249 3035/3504/1285 2722/3268/1123
f 3018/3068/935 2039/3067/934 2726/3269/1124 2734/3505/1286
f 3010/3506/1287 3019/3507/1288 2737/3508/1289 2714/3509/1290
f 2045/3466/1249 2044/3261/1116 3031/3262/1117 3035/3504/1285
f 3291/3510/1291 3339/3511/1292 3050/3512/1293 3040/3513/1294
f 3076/3514/1295 3835/2944/1296 2233/3515/1297 3132/3516/1298
f 3062/3517/1299 3843/3518/1300 3834/3519/1301 3075/3520/1302
f 2048/3521/1303 2228/3522/1304 3842/3523/1305 3064/3524/1306
f 3039/3525/1307 3839/3526/1308 2225/3527/1309 2052/3528/1310
f 3335/3529/1311 3295/3530/1312 3142/3531/1313 3103/3532/1314
f 3102/3533/1315 3098/3534/1316 3479/3535/1317 3467/3536/1318
f 3098/3534/1316 3094/3537/1319 3483/3538/1320 3479/3535/1317
f 3086/3539/1321 3159/3540/1322 3379/3541/1323 3427/3542/1324
f 3090/3543/1325 3087/3544/1326 3492/3545/1327 3487/3546/1328
f 3166/3547/1329 3162/3548/1330 3286/3549/1191 3282/3550/1220 3278/3551/1331 3274/3552/1332 3270/3553/1333 3266/3554/1334 3262/3555/1335 3258/3556/1336 3254/3557/1337 3250/3558/1338 3246/3559/1339 3242/3560/1340 3238/3561/1341 3234/3562/1342 3230/3563/1343 3226/3564/1344 3222/3565/1345 3218/3566/1346 3214/3567/1347 3210/3568/1348 3206/3569/1349 3202/3570/1350 3198/3571/1351 3194/3572/1352 3190/3573/1353 3186/3574/1354 3182/3575/1355 3178/3576/1356 3174/3577/1357 3170/3578/1358
f 3158/3579/1359 3154/3580/1360 2049/3581/1361 2048/3521/1303
f 3154/3580/1360 3150/3582/1362 2050/3583/1363 2049/3581/1361
f 3150/3582/1362 3146/3584/1364 2051/3585/1365 2050/3583/1363
f 3094/3537/1319 3090/3543/1325 3487/3546/1328 3483/3538/1320
f 3131/3586/1366 3506/3129/1367 3515/3128/1368 3490/3587/1369
f 3106/3588/1370 3502/3133/1371 2149/3132/1372 3118/3589/1373
f 3491/3590/1374 3514/3137/1375 2154/3136/1376 3486/3591/1377
f 3132/3516/1298 2233/3515/1297 2229/3592/1297 3127/3593/1378
f 3826/3594/1379 3287/3595/1380 3163/3596/1008 3703/3597/1381
f 3710/3598/1382 3171/3599/1383 3175/3600/1384 3714/3601/1385
f 3714/3601/1385 3175/3600/1384 3179/3602/1386 3718/3603/1387
f 3718/3604/1387 3179/3605/1386 3183/3606/1388 3722/3607/1389
f 3722/3607/1389 3183/3606/1388 3187/3608/1390 3726/3609/1391
f 3726/3609/1391 3187/3608/1390 3191/3610/1392 3730/3611/1393
f 3730/3611/1393 3191/3610/1392 3195/3612/1394 3734/3613/1395
f 3734/3613/1395 3195/3612/1394 3199/3614/1396 3738/3615/1397
f 3738/3615/1397 3199/3614/1396 3203/3616/1398 3742/3617/1399
f 3742/3617/1399 3203/3616/1398 3207/3618/1400 3746/3619/1401
f 3746/3619/1401 3207/3618/1400 3211/3620/1402 3750/3621/1403
f 3750/3622/1403 3211/3623/1402 3215/3624/1404 3754/3625/1405
f 3754/3625/1405 3215/3624/1404 3219/3626/1406 3758/3627/1407
f 3758/3627/1407 3219/3626/1406 3223/3628/1408 3762/3629/1409
f 3762/3629/1409 3223/3628/1408 3227/3630/1410 3766/3631/1411
f 3766/3631/1411 3227/3630/1410 3231/3632/1412 3770/3633/1413
f 3770/3633/1413 3231/3632/1412 3235/3634/1414 3774/3635/1415
f 3774/3635/1415 3235/3634/1414 3239/3636/1416 3778/3637/1417
f 3778/3637/1417 3239/3636/1416 3243/3638/1418 3782/3639/1419
f 3782/3640/1419 3243/3641/1418 3247/3642/1420 3786/3643/1421
f 3786/3643/1421 3247/3642/1420 3251/3644/1422 3790/3645/1423
f 3790/3645/1423 3251/3644/1422 3255/3646/1424 3794/3647/1425
f 3794/3647/1425 3255/3646/1424 3259/3648/1426 3798/3649/1056
f 3798/3649/1056 3259/3648/1426 3263/3650/1057 3802/3651/1058
f 3802/3651/1058 3263/3650/1057 3267/3652/1427 3806/3653/1428
f 3806/3653/1428 3267/3652/1427 3271/3654/1429 3810/3655/1430
f 3810/3655/1430 3271/3654/1429 3275/3656/1431 3814/3657/1432
f 3814/3658/1432 3275/3659/1431 3279/3660/1433 3818/3661/1434
f 3818/3661/1434 3279/3660/1433 3283/3662/1435 3822/3663/1436
f 3822/3663/1436 3283/3662/1435 3287/3595/1380 3826/3594/1379
f 3703/3597/1381 3163/3596/1008 3167/3664/1437 3706/3665/1438
f 3367/3666/1439 3339/3511/1292 3291/3510/1291 3300/3667/1440
f 3706/3665/1438 3167/3664/1437 3171/3599/1383 3710/3598/1382
f 3355/3668/1441 3368/3669/1442 3299/3670/1443 3312/3671/1444
f 3379/3541/1323 3388/3672/1445 3455/3673/1446 3427/3542/1324
f 3343/3674/1447 3356/3675/1448 3311/3676/1449 3324/3677/1450
f 3335/3529/1311 3344/3678/1451 3323/3679/1452 3295/3530/1312
f 3411/3680/1453 3383/3681/1454 3423/3682/1455 3432/3683/1456
f 3399/3684/1457 3412/3685/1458 3431/3686/1459 3444/3687/1460
f 3478/3688/1461 2152/3239/1462 3511/3238/1463 3468/3689/1464
f 3387/3690/1465 3400/3691/1466 3443/3692/1467 3456/3693/1468
f 3119/3694/1378 2226/3695/1297 2224/3696/1297 3107/3697/1469
f 3091/3698/1470 3155/3699/1471 3159/3540/1322 3086/3539/1321
f 3095/3700/1472 3151/3701/1473 3155/3699/1471 3091/3698/1470
f 3099/3702/1474 3147/3703/1475 3151/3701/1473 3095/3700/1472
f 3103/3532/1314 3142/3531/1313 3147/3703/1475 3099/3702/1474
f 2154/3704/862 3514/3705/862 3516/3706/862 3517/3707/862 3515/3708/862 3506/3709/862 3508/3710/862 3509/3711/862 3507/3712/862 2151/3713/862
f 2152/3714/862 2153/3715/862 2150/3716/862 2149/3717/862
f 2153/3715/862 2154/3704/862 2151/3713/862 2150/3716/862
f 2228/3522/1304 3846/3718/1476 3521/3719/1477 3842/3523/1305
f 3486/3591/1377 2154/3136/1376 2153/3253/1478 3482/3720/1479
f 3123/3721/1480 2227/3722/1297 2226/3695/1297 3119/3694/1378
f 3146/3584/1364 3143/3723/1481 2052/3528/1310 2051/3585/1365
f 3482/3720/1479 2153/3253/1478 2152/3239/1462 3478/3688/1461
f 3510/3724/862 3512/3725/862 3513/3726/862 3511/3727/862 2152/3714/862 2149/3717/862 3502/3728/862 3504/3729/862 3505/3730/862 3503/3731/862
f 3127/3593/1378 2229/3592/1297 2227/3722/1297 3123/3721/1480
f 3839/3526/1308 3554/3732/1482 3547/3733/1483 2225/3527/1309
f 2230/3734/1484 3850/3735/1485 3846/3718/1476 2228/3522/1304
f 2223/3736/1486 2192/3737/1487 3575/3738/1488 3699/3739/1489
f 2194/3740/1490 2195/3741/1491 3587/3742/1492 3583/3743/1493
f 2195/3741/1491 2196/3744/1494 3591/3745/1495 3587/3742/1492
f 2196/3746/1494 2197/3747/1496 3595/3748/1497 3591/3749/1495
f 2197/3747/1496 2198/3750/1498 3599/3751/1499 3595/3748/1497
f 2198/3750/1498 2199/3752/1500 3603/3753/1501 3599/3751/1499
f 2199/3752/1500 2200/3754/1502 3607/3755/1503 3603/3753/1501
f 2200/3754/1502 2201/3756/1504 3611/3757/1505 3607/3755/1503
f 2201/3756/1504 2202/3758/1506 3615/3759/1507 3611/3757/1505
f 2202/3758/1506 2203/3760/1508 3619/3761/1509 3615/3759/1507
f 2203/3760/1508 2204/3762/1510 3623/3763/1511 3619/3761/1509
f 2204/3764/1510 2205/3765/1512 3627/3766/1513 3623/3767/1511
f 2205/3765/1512 2206/3768/1514 3631/3769/1515 3627/3766/1513
f 2206/3768/1514 2207/3770/1516 3635/3771/1517 3631/3769/1515
f 2207/3770/1516 2208/3772/1518 3639/3773/1519 3635/3771/1517
f 2208/3772/1518 2209/3774/1520 3643/3775/1521 3639/3773/1519
f 2209/3774/1520 2210/3776/1522 3647/3777/1523 3643/3775/1521
f 2210/3776/1522 2211/3778/1524 3651/3779/1525 3647/3777/1523
f 2211/3778/1524 2212/3780/1526 3655/3781/1527 3651/3779/1525
f 2212/3782/1526 2213/3783/1528 3659/3784/1529 3655/3785/1527
f 2213/3783/1528 2214/3786/1530 3663/3787/1531 3659/3784/1529
f 2214/3786/1530 2215/3788/1532 3667/3789/1533 3663/3787/1531
f 2215/3788/1532 2216/3790/1534 3671/3791/1535 3667/3789/1533
f 2216/3790/1534 2217/3792/1536 3675/3793/1537 3671/3791/1535
f 2217/3792/1536 2218/3794/1538 3679/3795/1539 3675/3793/1537
f 2218/3794/1538 2219/3796/1540 3683/3797/1541 3679/3795/1539
f 2219/3796/1540 2220/3798/1542 3687/3799/1543 3683/3797/1541
f 2220/3800/1542 2221/3801/1544 3691/3802/1545 3687/3803/1543
f 2221/3801/1544 2222/3804/1546 3695/3805/1547 3691/3802/1545
f 2222/3804/1546 2223/3736/1486 3699/3739/1489 3695/3805/1547
f 2192/3737/1487 2193/3806/1548 3579/3807/1549 3575/3738/1488
f 2053/3808/870 3702/3809/1550 3707/3810/1551 2054/3811/870
f 2193/3806/1548 2194/3740/1490 3583/3743/1493 3579/3807/1549
f 2055/3812/870 2162/3813/870 2161/3814/870 2054/3811/870
f 2064/3815/870 2171/3816/870 2170/3817/870 2063/3818/870
f 2073/3819/870 2180/3820/870 2179/3821/870 2072/3822/870
f 2082/3823/870 2189/3824/870 2188/3825/870 2081/3826/870
f 2060/3827/870 2167/3828/870 2166/3829/870 2059/3830/870
f 2069/3831/870 2176/3832/870 2175/3833/870 2068/3834/870
f 2078/3835/870 2185/3836/870 2184/3837/870 2077/3838/870
f 2056/3839/870 2163/3840/870 2162/3813/870 2055/3812/870
f 2065/3841/870 2172/3842/870 2171/3816/870 2064/3815/870
f 2074/3843/870 2181/3844/870 2180/3820/870 2073/3819/870
f 2083/3845/870 2190/3846/870 2189/3824/870 2082/3823/870
f 2061/3847/870 2168/3848/870 2167/3828/870 2060/3827/870
f 2070/3849/870 2177/3850/870 2176/3832/870 2069/3831/870
f 2079/3851/870 2186/3852/870 2185/3836/870 2078/3835/870
f 2057/3853/870 2164/3854/870 2163/3840/870 2056/3839/870
f 2066/3855/870 2173/3856/870 2172/3842/870 2065/3841/870
f 2075/3857/870 2182/3858/870 2181/3844/870 2074/3843/870
f 2084/3859/870 2191/3860/870 2190/3846/870 2083/3845/870
f 2062/3861/870 2169/3862/870 2168/3848/870 2061/3847/870
f 2071/3863/870 2178/3864/870 2177/3850/870 2070/3849/870
f 2080/3865/870 2187/3866/870 2186/3852/870 2079/3851/870
f 2058/3867/870 2165/3868/870 2164/3854/870 2057/3853/870
f 2067/3869/870 2174/3870/870 2173/3856/870 2066/3855/870
f 2076/3871/870 2183/3872/870 2182/3858/870 2075/3857/870
f 2054/3811/870 2161/3814/870 2160/3873/870 2053/3808/870
f 2053/3808/870 2160/3873/870 2191/3860/870 2084/3859/870
f 2063/3818/870 2170/3817/870 2169/3862/870 2062/3861/870
f 2072/3822/870 2179/3821/870 2178/3864/870 2071/3863/870
f 2081/3826/870 2188/3825/870 2187/3866/870 2080/3865/870
f 2059/3830/870 2166/3829/870 2165/3868/870 2058/3867/870
f 2068/3834/870 2175/3833/870 2174/3870/870 2067/3869/870
f 2077/3838/870 2184/3837/870 2183/3872/870 2076/3871/870
f 2084/3859/870 3827/3874/1552 3702/3809/1550 2053/3808/870
f 2055/3812/870 3711/3875/1553 3715/3876/1554 2056/3839/870
f 2056/3839/870 3715/3876/1554 3719/3877/1555 2057/3853/870
f 2057/3853/870 3719/3877/1555 3723/3878/1556 2058/3867/870
f 2058/3867/870 3723/3878/1556 3727/3879/1557 2059/3830/870
f 2059/3830/870 3727/3879/1557 3731/3880/1558 2060/3827/870
f 2060/3827/870 3731/3880/1558 3735/3881/1559 2061/3847/870
f 2061/3847/870 3735/3881/1559 3739/3882/1560 2062/3861/870
f 2062/3861/870 3739/3882/1560 3743/3883/1561 2063/3818/870
f 2063/3818/870 3743/3883/1561 3747/3884/1562 2064/3815/870
f 2064/3815/870 3747/3884/1562 3751/3885/1563 2065/3841/870
f 2065/3841/870 3751/3885/1563 3755/3886/1564 2066/3855/870
f 2066/3855/870 3755/3886/1564 3759/3887/1565 2067/3869/870
f 2067/3869/870 3759/3887/1565 3763/3888/1566 2068/3834/870
f 2068/3834/870 3763/3888/1566 3767/3889/1567 2069/3831/870
f 2069/3831/870 3767/3889/1567 3771/3890/1568 2070/3849/870
f 2070/3849/870 3771/3890/1568 3775/3891/1569 2071/3863/870
f 2071/3863/870 3775/3891/1569 3779/3892/1570 2072/3822/870
f 2072/3822/870 3779/3892/1570 3783/3893/1571 2073/3819/870
f 2073/3819/870 3783/3893/1571 3787/3894/1572 2074/3843/870
f 2074/3843/870 3787/3894/1572 3791/3895/1573 2075/3857/870
f 2075/3857/870 3791/3895/1573 3795/3896/1574 2076/3871/870
f 2076/3871/870 3795/3896/1574 3799/3897/1575 2077/3838/870
f 2077/3838/870 3799/3897/1575 3803/3898/1576 2078/3835/870
f 2078/3835/870 3803/3898/1576 3807/3899/1577 2079/3851/870
f 2079/3851/870 3807/3899/1577 3811/3900/1578 2080/3865/870
f 2080/3865/870 3811/3900/1578 3815/3901/1579 2081/3826/870
f 2081/3826/870 3815/3901/1579 3819/3902/1580 2082/3823/870
f 2082/3823/870 3819/3902/1580 3823/3903/1581 2083/3845/870
f 2083/3845/870 3823/3903/1581 3827/3874/1552 2084/3859/870
f 2054/3811/870 3707/3810/1551 3711/3875/1553 2055/3812/870
f 2161/3814/870 2193/2949/870 2192/2948/870 2160/3873/870
f 2162/3813/870 2194/2950/870 2193/2949/870 2161/3814/870
f 2163/3840/870 2195/2951/870 2194/2950/870 2162/3813/870
f 2164/3854/870 2196/2952/870 2195/2951/870 2163/3840/870
f 2165/3868/870 2197/2953/870 2196/2952/870 2164/3854/870
f 2166/3829/870 2198/2954/870 2197/2953/870 2165/3868/870
f 2167/3828/870 2199/2955/870 2198/2954/870 2166/3829/870
f 2168/3848/870 2200/2956/870 2199/2955/870 2167/3828/870
f 2169/3862/870 2201/2957/870 2200/2956/870 2168/3848/870
f 2170/3817/870 2202/2958/870 2201/2957/870 2169/3862/870
f 2171/3816/870 2203/2959/870 2202/2958/870 2170/3817/870
f 2172/3842/870 2204/2960/870 2203/2959/870 2171/3816/870
f 2173/3856/870 2205/2961/870 2204/2960/870 2172/3842/870
f 2174/3870/870 2206/2962/870 2205/2961/870 2173/3856/870
f 2175/3833/870 2207/2963/870 2206/2962/870 2174/3870/870
f 2176/3832/870 2208/2964/870 2207/2963/870 2175/3833/870
f 2177/3850/870 2209/2965/870 2208/2964/870 2176/3832/870
f 2178/3864/870 2210/2966/870 2209/2965/870 2177/3850/870
f 2179/3821/870 2211/2967/870 2210/2966/870 2178/3864/870
f 2180/3820/870 2212/2968/870 2211/2967/870 2179/3821/870
f 2181/3844/870 2213/2969/870 2212/2968/870 2180/3820/870
f 2182/3858/870 2214/2970/1582 2213/2969/870 2181/3844/870
f 2183/3872/870 2215/2971/870 2214/2970/1582 2182/3858/870
f 2184/3837/870 2216/2972/870 2215/2971/870 2183/3872/870
f 2185/3836/870 2217/2973/870 2216/2972/870 2184/3837/870
f 2186/3852/870 2218/2974/870 2217/2973/870 2185/3836/870
f 2187/3866/870 2219/2975/870 2218/2974/870 2186/3852/870
f 2188/3825/870 2220/2976/870 2219/2975/870 2187/3866/870
f 2189/3824/870 2221/2977/870 2220/2976/870 2188/3825/870
f 2190/3846/870 2222/2978/870 2221/2977/870 2189/3824/870
f 2191/3860/870 2223/2979/870 2222/2978/870 2190/3846/870
f 2160/3873/870 2192/2948/870 2223/2979/870 2191/3860/870
f 3118/3589/1373 2149/3132/1372 2150/3439/1372 3122/3904/1583
f 3107/3697/1469 2224/3696/1297 3831/2947/1584 3051/3905/1585
f 3466/3906/1586 3510/3448/1587 3503/3447/1588 3108/3907/1589
f 3334/3908/1590 3102/3533/1315 3467/3536/1318 3107/3697/1469 3051/3905/1585 3338/3909/1591 3366/3910/1592 3354/3911/1593 3342/3912/1594
f 3143/3723/1481 3294/3913/1595 3322/3914/1596 3310/3915/1597 3298/3916/1598 3290/3917/1599 3039/3525/1307 2052/3528/1310
f 2052/3528/1310 2225/3527/1309 2232/3918/1600 2051/3585/1365
f 3378/3919/1601 3158/3579/1359 2048/3521/1303 3064/3524/1306 3382/3920/1602 3410/3921/1603 3398/3922/1604 3386/3923/1605
f 3087/3544/1326 3426/3924/1606 3454/3925/1607 3442/3926/1608 3430/3927/1609 3422/3928/1610 3076/3514/1295 3132/3516/1298 3492/3545/1327
f 3122/3904/1583 2150/3439/1372 2151/3463/1372 3126/3929/1583
f 2049/3581/1361 2230/3734/1484 2228/3522/1304 2048/3521/1303
f 3126/3929/1583 2151/3463/1372 3507/3465/1611 3130/3930/1612
f 2050/3583/1363 2231/3931/1613 2230/3734/1484 2049/3581/1361
f 2051/3585/1365 2232/3918/1600 2231/3931/1613 2050/3583/1363
f 3423/3682/1455 3383/3681/1454 3063/3932/1614 3074/3933/1615
f 3578/3934/1616 3582/3935/1617 3586/3936/1618 3590/3937/1619 3594/3938/1620 3598/3939/1621 3602/3940/1622 3606/3941/1623 3610/3942/1624 3614/3943/1625 3618/3944/1626 3622/3945/1627 3626/3946/1628 3630/3947/1629 3634/3948/1630 3638/3949/1631 3642/3950/1632 3646/3951/1633 3650/3952/1634 3654/3953/1635 3658/3954/1636 3662/3955/1637 3666/3956/1638 3670/3957/1639 3674/3958/1640 3678/3959/1641 3682/3960/1641 3686/3961/1641 3690/3962/1642 3694/3963/1643 3698/3964/1644 3574/3965/1645
f 3843/3518/1300 3520/3966/1646 3570/3967/1647 3834/3519/1301
f 2232/3918/1600 3543/3968/1648 3854/3969/1649 2231/3931/1613
f 2225/3527/1309 3547/3733/1483 3543/3968/1648 2232/3918/1600
f 2231/3931/1613 3854/3969/1649 3850/3735/1485 2230/3734/1484
f 3830/3264/1119 3534/3970/1650 3555/3971/1651 3838/3265/1120
f 2234/3972/1652 2237/3973/1653 2239/3974/1654 2238/3975/1655
f 2237/3976/1653 2241/3977/1656 2242/3978/1657 2239/3979/1654
f 2235/3454/1238 2240/3980/1658 2242/3978/1657 2241/3977/1656
f 2240/3981/1659 2244/3982/1660 2245/3983/1661 2242/3984/1657
f 2236/3065/932 2243/3985/1662 2245/3983/1661 2244/3982/1660
f 2243/3985/1662 2238/3986/1655 2239/3987/1654 2245/3983/1661
f 2239/3979/1654 2242/3978/1657 2245/3988/1661
f 2246/3455/1239 2249/3989/1663 2251/3990/1664 2250/3991/1665
f 2249/3989/1663 2253/3992/1666 2254/3993/1667 2251/3990/1664
f 2247/3994/1668 2252/3995/1669 2254/3996/1667 2253/3997/1666
f 2252/3998/1670 2256/3999/1671 2257/4000/1672 2254/4001/1667
f 2248/3051/917 2255/4002/1673 2257/4000/1672 2256/3999/1671
f 2255/4002/1673 2250/4003/1674 2251/4004/1664 2257/4000/1672
f 2251/3990/1664 2254/3993/1667 2257/4005/1672
f 2258/3057/924 2261/4006/1675 2263/4007/1676 2262/4008/1677
f 2261/4009/1675 2265/4010/1678 2266/4011/1679 2263/4012/1676
f 2259/3062/929 2264/4013/1680 2266/4011/1679 2265/4010/1678
f 2264/4013/1680 2268/4014/1681 2269/4015/1682 2266/4011/1679
f 2260/3055/922 2267/4016/1683 2269/4017/1682 2268/4018/1684
f 2267/4016/1683 2262/4019/1677 2263/4020/1676 2269/4017/1682
f 2263/4012/1676 2266/4011/1679 2269/4015/1682
f 2270/3054/1685 2273/4021/1685 2275/4022/1686 2274/4023/1687
f 2273/4024/1688 2277/4025/1689 2278/4026/1690 2275/4027/1688
f 2271/3456/1240 2276/4028/1691 2278/4026/1690 2277/4025/1689
f 2276/4028/1691 2280/4029/1692 2281/4030/1693 2278/4026/1690
f 2272/3058/925 2279/4031/1694 2281/4032/1693 2280/4033/1692
f 2279/4034/1694 2274/4023/1687 2275/4022/1686 2281/4035/1693
f 2275/4027/1686 2278/4026/1690 2281/4030/1693
f 2302/3130/997 2305/4036/1695 2307/4037/1696 2306/4038/1697
f 2305/4036/1695 2309/4039/1698 2310/4040/1699 2307/4037/1696
f 2303/3446/1230 2308/4041/1700 2310/4040/1699 2309/4039/1698
f 2308/4042/1700 2312/4043/1701 2313/4044/1702 2310/4045/1699
f 2304/3050/916 2311/4046/1703 2313/4044/1702 2312/4043/1701
f 2311/4046/1703 2306/4047/1697 2307/4048/1696 2313/4044/1702
f 2307/4037/1696 2310/4040/1699 2313/4049/1702
f 2326/3138/1005 2329/4050/1704 2331/4051/1705 2330/4052/1706
f 2329/4050/1704 2333/4053/1707 2334/4054/1708 2331/4051/1705
f 2327/3126/993 2332/4055/1709 2334/4056/1708 2333/4057/1707
f 2332/4055/1709 2336/4058/1710 2337/4059/1711 2334/4056/1708
f 2328/3464/1247 2335/4060/1712 2337/4059/1711 2336/4058/1710
f 2335/4061/1713 2330/4052/1706 2331/4051/1705 2337/4062/1711
f 2331/4051/1705 2334/4054/1708 2337/4062/1711
f 2494/3441/1225 2497/4063/1714 2499/4064/1715 2498/4065/1716
f 2497/4063/1714 2501/4066/1717 2502/4067/1718 2499/4064/1715
f 2495/3215/1072 2500/4068/1719 2502/4069/1718 2501/4070/1717
f 2500/4068/1719 2504/4071/1720 2505/4072/1721 2502/4069/1718
f 2496/3220/1077 2503/4073/1722 2505/4074/1721 2504/4075/1720
f 2503/4076/1722 2498/4065/1716 2499/4064/1715 2505/4077/1721
f 2499/4064/1715 2502/4067/1718 2505/4077/1721
f 2506/3442/1226 2509/4078/1723 2511/4079/1724 2510/4080/1725
f 2509/4078/1723 2513/4081/1726 2514/4082/1727 2511/4079/1724
f 2507/3219/1076 2512/4083/1728 2514/4084/1727 2513/4085/1726
f 2512/4086/1728 2516/4087/1729 2517/4088/1730 2514/4089/1727
f 2508/3226/1083 2515/4090/1731 2517/4088/1730 2516/4087/1729
f 2515/4091/1731 2510/4080/1725 2511/4079/1724 2517/4092/1730
f 2511/4079/1724 2514/4082/1727 2517/4092/1730
f 2518/3443/1227 2521/4093/1732 2523/4094/1733 2522/4095/1734
f 2521/4093/1732 2525/4096/1735 2526/4097/1736 2523/4094/1733
f 2519/3225/1082 2524/4098/1737 2526/4099/1736 2525/4100/1735
f 2524/4098/1737 2528/4101/1738 2529/4102/1739 2526/4099/1736
f 2520/3228/1085 2527/4103/1740 2529/4102/1739 2528/4101/1738
f 2527/4104/1740 2522/4095/1734 2523/4094/1733 2529/4105/1739
f 2523/4094/1733 2526/4097/1736 2529/4105/1739
f 2538/3450/1234 2541/4106/1741 2543/4107/1742 2542/4108/1743
f 2541/4106/1741 2545/4109/1744 2546/4110/1745 2543/4107/1742
f 2539/3229/1086 2544/4111/1746 2546/4112/1745 2545/4113/1747
f 2544/4111/1746 2548/4114/1748 2549/4115/1749 2546/4112/1745
f 2540/3224/1081 2547/4116/1750 2549/4115/1749 2548/4114/1748
f 2547/4117/1750 2542/4108/1743 2543/4107/1742 2549/4118/1749
f 2543/4107/1742 2546/4110/1745 2549/4118/1749
f 2550/3451/1235 2553/4119/1751 2555/4120/1752 2554/4121/1753
f 2553/4119/1751 2557/4122/1754 2558/4123/1755 2555/4120/1752
f 2551/3227/1084 2556/4124/1756 2558/4125/1755 2557/4126/1754
f 2556/4124/1756 2560/4127/1757 2561/4128/1758 2558/4125/1755
f 2552/3218/1075 2559/4129/1759 2561/4130/1758 2560/4131/1757
f 2559/4132/1759 2554/4121/1753 2555/4120/1752 2561/4133/1758
f 2555/4120/1752 2558/4123/1755 2561/4133/1758
f 2562/3452/1236 2565/4134/1760 2567/4135/1761 2566/4136/1762
f 2565/4134/1760 2569/4137/1763 2570/4138/1764 2567/4135/1761
f 2563/3221/1078 2568/4139/1765 2570/4140/1764 2569/4141/1763
f 2568/4142/1765 2572/4143/1766 2573/4144/1767 2570/4145/1764
f 2564/3214/1071 2571/4146/1768 2573/4144/1767 2572/4143/1766
f 2571/4147/1768 2566/4136/1762 2567/4135/1761 2573/4148/1767
f 2567/4135/1761 2570/4138/1764 2573/4148/1767
f 2582/3468/1251 2585/4149/1769 2587/4150/1770 2586/4151/1771
f 2585/4149/1769 2589/4152/1772 2590/4153/1773 2587/4150/1770
f 2583/3223/1080 2588/4154/1774 2590/4155/1773 2589/4156/1772
f 2588/4154/1774 2592/4157/1775 2593/4158/1776 2590/4155/1773
f 2584/3240/1097 2591/4159/1777 2593/4158/1776 2592/4157/1775
f 2591/4160/1777 2586/4151/1771 2587/4150/1770 2593/4161/1776
f 2587/4150/1770 2590/4153/1773 2593/4161/1776
f 2594/3469/1252 2597/4162/1778 2599/4163/1779 2598/4164/1780
f 2597/4162/1778 2601/4165/1781 2602/4166/1782 2599/4163/1779
f 2595/3243/1100 2600/4167/1783 2602/4168/1782 2601/4169/1781
f 2600/4167/1783 2604/4170/1784 2605/4171/1785 2602/4168/1782
f 2596/3232/1089 2603/4172/1786 2605/4173/1785 2604/4174/1784
f 2603/4175/1786 2598/4164/1780 2599/4163/1779 2605/4176/1785
f 2599/4163/1779 2602/4166/1782 2605/4176/1785
f 2606/3470/1253 2609/4177/1787 2611/4178/1788 2610/4179/1789
f 2609/4177/1787 2613/4180/1790 2614/4181/1791 2611/4178/1788
f 2607/3235/1092 2612/4182/1792 2614/4183/1791 2613/4184/1790
f 2612/4185/1792 2616/4186/1793 2617/4187/1794 2614/4188/1791
f 2608/3230/1087 2615/4189/1795 2617/4187/1794 2616/4186/1793
f 2615/4190/1795 2610/4179/1789 2611/4178/1788 2617/4191/1794
f 2611/4178/1788 2614/4181/1791 2617/4191/1794
f 2626/3458/1243 2629/4192/1796 2631/4193/1797 2630/4194/1798
f 2629/4192/1796 2633/4195/1799 2634/4196/1800 2631/4193/1797
f 2627/3231/1088 2632/4197/1801 2634/4198/1800 2633/4199/1799
f 2632/4197/1801 2636/4200/1802 2637/4201/1803 2634/4198/1800
f 2628/3234/1091 2635/4202/1804 2637/4203/1803 2636/4204/1802
f 2635/4205/1805 2630/4206/1798 2631/4193/1797 2637/4207/1803
f 2631/4193/1797 2634/4196/1800 2637/4207/1803
f 2638/3459/1244 2641/4208/1806 2643/4209/1807 2642/4210/1808
f 2641/4208/1806 2645/4211/1809 2646/4212/1810 2643/4209/1807
f 2639/3233/1090 2644/4213/1811 2646/4214/1810 2645/4215/1809
f 2644/4216/1811 2648/4217/1812 2649/4218/1813 2646/4219/1810
f 2640/3242/1099 2647/4220/1814 2649/4218/1813 2648/4217/1812
f 2647/4221/1814 2642/4210/1808 2643/4209/1807 2649/4222/1813
f 2643/4209/1807 2646/4212/1810 2649/4222/1813
f 2650/3460/1245 2653/4223/1815 2655/4224/1816 2654/4225/1817
f 2653/4223/1815 2657/4226/1818 2658/4227/1819 2655/4224/1816
f 2651/3241/1098 2656/4228/1820 2658/4229/1819 2657/4230/1818
f 2656/4228/1820 2660/4231/1821 2661/4232/1822 2658/4229/1819
f 2652/3222/1079 2659/4233/1823 2661/4232/1822 2660/4231/1821
f 2659/4234/1823 2654/4225/1817 2655/4224/1816 2661/4235/1822
f 2655/4224/1816 2658/4227/1819 2661/4235/1822
f 2662/3445/1824 2665/4236/1825 2667/4237/1826 2666/4238/1824
f 2665/4236/1825 2669/4239/1827 2670/4240/1828 2667/4237/1826
f 2663/3237/1829 2668/4241/1829 2670/4240/1828 2669/4239/1827
f 2668/4242/1830 2672/4243/1830 2673/4244/1830 2670/4245/1830
f 2664/3074/1831 2671/4246/1831 2673/4244/1831 2672/4243/1831
f 2671/4246/1832 2666/4247/1832 2667/4248/1832 2673/4244/1832
f 2667/4237/1826 2670/4240/1828 2673/4249/1833
f 2686/3127/1834 2689/4250/1834 2691/4251/1835 2690/4252/1836
f 2689/4253/1837 2693/4254/1837 2694/4255/1837 2691/4256/1837
f 2687/3085/1838 2692/4257/1838 2694/4255/1838 2693/4258/1838
f 2692/4257/1839 2696/4259/1839 2697/4260/1839 2694/4255/1839
f 2688/3134/1840 2695/4261/1841 2697/4262/1842 2696/4263/1840
f 2695/4261/1841 2690/4252/1836 2691/4251/1835 2697/4262/1842
f 2691/4256/1835 2694/4255/1843 2697/4260/1842
f 2702/4264/1844 2706/4265/1844 2707/4266/1844 2704/4267/1844
f 2699/3257/1112 2705/4268/1845 2707/4266/1846 2706/4265/1847
f 2705/4268/1845 2709/4269/1848 2710/4270/1849 2707/4266/1846
f 2700/3260/1115 2708/4271/1850 2710/4272/1849 2709/4273/1848
f 2708/4271/1851 2712/2985/1851 2713/2984/1852 2710/4272/1853
f 2704/4267/1854 2707/4266/1854 2710/4270/1853 2713/4274/1852
f 2734/3505/1286 2738/4275/1855 2740/4276/1856 2739/4277/1857
f 2738/4275/1858 2742/4278/1858 2743/4279/1858 2740/4276/1858
f 2744/2993/1859 2748/4280/1860 2749/4281/1861 2746/2994/1862
f 2737/3508/1289 2747/4282/1863 2749/4281/1864 2748/4280/1865
f 2747/4283/1863 2739/4284/1857 2740/4285/1856 2749/4286/1864
f 2740/4276/1866 2743/4279/1866 2746/4287/1862 2749/4286/1861
f 3038/3266/1121 3041/4288/1867 3043/4289/1868 3042/4290/1869
f 3041/4291/1867 3045/4292/1870 3046/4293/1871 3043/4294/1868
f 3039/3525/1307 3044/4295/1872 3046/4293/1871 3045/4292/1870
f 3044/4295/1872 3048/4296/1873 3049/4297/1874 3046/4293/1871
f 3040/3513/1294 3047/4298/1875 3049/4299/1874 3048/4300/1876
f 3047/4298/1875 3042/4301/1869 3043/4302/1868 3049/4299/1874
f 3043/4294/1868 3046/4293/1871 3049/4297/1874
f 3050/3512/1293 3053/4303/1877 3055/4304/1878 3054/4305/1879
f 3053/4306/1880 3057/4307/1881 3058/4308/1882 3055/4309/1878
f 3051/3905/1585 3056/4310/1883 3058/4308/1882 3057/4307/1881
f 3056/4310/1883 3060/4311/1884 3061/4312/1885 3058/4308/1882
f 3052/3263/1118 3059/4313/1886 3061/4314/1885 3060/4315/1884
f 3059/4316/1886 3054/4305/1879 3055/4304/1878 3061/4317/1885
f 3055/4309/1878 3058/4308/1882 3061/4312/1885
f 3062/3517/1299 3065/4318/1887 3067/4319/1888 3066/4320/1889
f 3065/4321/1887 3069/4322/1890 3070/4323/1891 3067/4324/1888
f 3063/3932/1614 3068/4325/1892 3070/4323/1891 3069/4322/1890
f 3068/4326/1893 3072/4327/1894 3073/4328/1895 3070/4329/1893
f 3064/3524/1306 3071/4330/1896 3073/4328/1895 3072/4327/1894
f 3071/4330/1896 3066/4331/1889 3067/4332/1888 3073/4328/1895
f 3067/4324/1888 3070/4323/1891 3073/4333/1895
f 3074/3933/1615 3077/4334/1897 3079/4335/1898 3078/4336/1899
f 3077/4334/1897 3081/4337/1900 3082/4338/1901 3079/4335/1898
f 3075/3520/1302 3080/4339/1902 3082/4340/1901 3081/4341/1900
f 3080/4342/1902 3084/4343/1903 3085/4344/1904 3082/4345/1901
f 3076/3514/1295 3083/4346/1905 3085/4344/1904 3084/4343/1903
f 3083/4346/1905 3078/4347/1906 3079/4348/1906 3085/4344/1904
f 3079/4335/1898 3082/4338/1901 3085/4349/1904
f 3106/3588/1370 3109/4350/1907 3111/4351/1908 3110/4352/1909
f 3109/4353/1910 3113/4354/1911 3114/4355/1912 3111/4356/1908
f 3107/3697/1469 3112/4357/1913 3114/4355/1912 3113/4354/1911
f 3112/4357/1913 3116/4358/1914 3117/4359/1915 3114/4355/1912
f 3108/3907/1589 3115/4360/1916 3117/4361/1915 3116/4362/1914
f 3115/4360/1916 3110/4352/1909 3111/4351/1908 3117/4361/1915
f 3111/4356/1908 3114/4355/1912 3117/4363/1915
f 3130/3930/1612 3133/4364/1917 3135/4365/1918 3134/4366/1919
f 3133/4364/1917 3137/4367/1920 3138/4368/1921 3135/4365/1918
f 3131/3586/1366 3136/4369/1922 3138/4368/1921 3137/4367/1920
f 3136/4370/1923 3140/4371/1924 3141/4372/1925 3138/4373/1921
f 3132/3516/1298 3139/4374/1926 3141/4372/1925 3140/4371/1924
f 3139/4374/1926 3134/4375/1927 3135/4376/1918 3141/4372/1925
f 3135/4376/1918 3138/4373/1921 3141/4372/1925
f 3298/3916/1598 3301/4377/1928 3303/4378/1929 3302/4379/1930
f 3301/4377/1928 3305/4380/1931 3306/4381/1932 3303/4378/1929
f 3299/3670/1443 3304/4382/1933 3306/4383/1932 3305/4384/1931
f 3304/4385/1933 3308/4386/1934 3309/4387/1935 3306/4388/1932
f 3300/3667/1440 3307/4389/1936 3309/4387/1935 3308/4386/1934
f 3307/4390/1936 3302/4379/1930 3303/4378/1929 3309/4391/1935
f 3303/4378/1929 3306/4381/1932 3309/4391/1935
f 3310/3915/1597 3313/4392/1937 3315/4393/1938 3314/4394/1939
f 3313/4392/1937 3317/4395/1940 3318/4396/1941 3315/4393/1938
f 3311/3676/1449 3316/4397/1942 3318/4398/1941 3317/4399/1940
f 3316/4397/1942 3320/4400/1943 3321/4401/1944 3318/4398/1941
f 3312/3671/1444 3319/4402/1945 3321/4403/1944 3320/4404/1943
f 3319/4405/1945 3314/4394/1939 3315/4393/1938 3321/4406/1944
f 3315/4393/1938 3318/4396/1941 3321/4406/1944
f 3322/3914/1596 3325/4407/1946 3327/4408/1947 3326/4409/1948
f 3325/4407/1946 3329/4410/1949 3330/4411/1950 3327/4408/1947
f 3323/3679/1452 3328/4412/1951 3330/4413/1950 3329/4414/1949
f 3328/4412/1951 3332/4415/1952 3333/4416/1953 3330/4413/1950
f 3324/3677/1450 3331/4417/1954 3333/4416/1953 3332/4415/1952
f 3331/4418/1954 3326/4409/1948 3327/4408/1947 3333/4419/1953
f 3327/4408/1947 3330/4411/1950 3333/4419/1953
f 3342/3912/1594 3345/4420/1955 3347/4421/1956 3346/4422/1957
f 3345/4420/1955 3349/4423/1958 3350/4424/1959 3347/4421/1956
f 3343/3674/1447 3348/4425/1960 3350/4426/1959 3349/4427/1958
f 3348/4425/1960 3352/4428/1961 3353/4429/1962 3350/4426/1959
f 3344/3678/1451 3351/4430/1963 3353/4429/1962 3352/4428/1961
f 3351/4431/1963 3346/4422/1957 3347/4421/1956 3353/4432/1962
f 3347/4421/1956 3350/4424/1959 3353/4432/1962
f 3354/3911/1593 3357/4433/1964 3359/4434/1965 3358/4435/1966
f 3357/4433/1964 3361/4436/1967 3362/4437/1968 3359/4434/1965
f 3355/3668/1441 3360/4438/1969 3362/4439/1968 3361/4440/1967
f 3360/4441/1969 3364/4442/1970 3365/4443/1971 3362/4444/1968
f 3356/3675/1448 3363/4445/1972 3365/4443/1971 3364/4442/1970
f 3363/4446/1973 3358/4435/1966 3359/4434/1965 3365/4447/1971
f 3359/4434/1965 3362/4437/1968 3365/4447/1971
f 3366/3910/1592 3369/4448/1974 3371/4449/1975 3370/4450/1976
f 3369/4448/1974 3373/4451/1977 3374/4452/1978 3371/4449/1975
f 3367/3666/1439 3372/4453/1979 3374/4454/1978 3373/4455/1977
f 3372/4453/1979 3376/4456/1980 3377/4457/1981 3374/4454/1978
f 3368/3669/1442 3375/4458/1982 3377/4459/1981 3376/4460/1980
f 3375/4461/1982 3370/4450/1976 3371/4449/1975 3377/4462/1981
f 3371/4449/1975 3374/4452/1978 3377/4462/1981
f 3386/3923/1605 3389/4463/1983 3391/4464/1984 3390/4465/1985
f 3389/4463/1983 3393/4466/1986 3394/4467/1987 3391/4464/1984
f 3387/3690/1465 3392/4468/1988 3394/4469/1987 3393/4470/1986
f 3392/4468/1988 3396/4471/1989 3397/4472/1990 3394/4469/1987
f 3388/3672/1445 3395/4473/1991 3397/4472/1990 3396/4471/1989
f 3395/4474/1991 3390/4465/1985 3391/4464/1984 3397/4475/1990
f 3391/4464/1984 3394/4467/1987 3397/4475/1990
f 3398/3922/1604 3401/4476/1992 3403/4477/1993 3402/4478/1994
f 3401/4476/1992 3405/4479/1995 3406/4480/1996 3403/4477/1993
f 3399/3684/1457 3404/4481/1997 3406/4482/1996 3405/4483/1995
f 3404/4484/1997 3408/4485/1998 3409/4486/1999 3406/4487/1996
f 3400/3691/1466 3407/4488/2000 3409/4486/1999 3408/4485/1998
f 3407/4489/2000 3402/4478/1994 3403/4477/1993 3409/4490/1999
f 3403/4477/1993 3406/4480/1996 3409/4490/1999
f 3410/3921/1603 3413/4491/2001 3415/4492/2002 3414/4493/2003
f 3413/4491/2001 3417/4494/2004 3418/4495/2005 3415/4492/2002
f 3411/3680/1453 3416/4496/2006 3418/4497/2005 3417/4498/2004
f 3416/4496/2006 3420/4499/2007 3421/4500/2008 3418/4497/2005
f 3412/3685/1458 3419/4501/2009 3421/4502/2008 3420/4503/2007
f 3419/4504/2009 3414/4505/2003 3415/4492/2002 3421/4506/2008
f 3415/4492/2002 3418/4495/2005 3421/4506/2008
f 3430/3927/1609 3433/4507/2010 3435/4508/2011 3434/4509/2012
f 3433/4507/2010 3437/4510/2013 3438/4511/2014 3435/4508/2015
f 3431/3686/1459 3436/4512/2016 3438/4513/2014 3437/4514/2013
f 3436/4515/2016 3440/4516/2017 3441/4517/2018 3438/4518/2014
f 3432/3683/1456 3439/4519/2019 3441/4517/2018 3440/4516/2017
f 3439/4520/2019 3434/4509/2020 3435/4508/2015 3441/4521/2018
f 3435/4508/2015 3438/4511/2014 3441/4521/2018
f 3442/3926/1608 3445/4522/2021 3447/4523/2022 3446/4524/2023
f 3445/4522/2021 3449/4525/2024 3450/4526/2025 3447/4523/2022
f 3443/3692/1467 3448/4527/2026 3450/4528/2025 3449/4529/2024
f 3448/4527/2026 3452/4530/2027 3453/4531/2028 3450/4528/2025
f 3444/3687/1460 3451/4532/2029 3453/4533/2028 3452/4534/2027
f 3451/4535/2029 3446/4524/2023 3447/4523/2022 3453/4536/2028
f 3447/4523/2022 3450/4526/2025 3453/4536/2028
f 3454/3925/1607 3457/4537/2030 3459/4538/2031 3458/4539/2032
f 3457/4537/2030 3461/4540/2033 3462/4541/2034 3459/4538/2031
f 3455/3673/1446 3460/4542/2035 3462/4543/2034 3461/4544/2036
f 3460/4542/2035 3464/4545/2037 3465/4546/2038 3462/4543/2034
f 3456/3693/1468 3463/4547/2039 3465/4546/2038 3464/4545/2037
f 3463/4548/2039 3458/4539/2032 3459/4538/2031 3465/4549/2038
f 3459/4538/2031 3462/4541/2034 3465/4549/2038
f 3466/3906/2040 3469/4550/2040 3471/4551/2041 3470/4552/2042
f 3469/4553/2043 3473/4554/2043 3474/4555/2043 3471/4556/2043
f 3467/3536/2044 3472/4557/2044 3474/4555/2044 3473/4554/2044
f 3472/4557/2045 3476/4558/2045 3477/4559/2045 3474/4555/2045
f 3468/3689/2046 3475/4560/2047 3477/4561/2048 3476/4562/2046
f 3475/4560/2047 3470/4552/2042 3471/4551/2041 3477/4561/2048
f 3471/4556/2041 3474/4555/2049 3477/4559/2048
f 3490/3587/2050 3493/4563/2050 3495/4564/2050 3494/4565/2050
f 3493/4563/2051 3497/4566/2052 3498/4567/2053 3495/4564/2054
f 3491/3590/2055 3496/4568/2055 3498/4567/2053 3497/4566/2052
f 3496/4569/2056 3500/4570/2056 3501/4571/2056 3498/4572/2056
f 3492/3545/2057 3499/4573/2057 3501/4571/2057 3500/4574/2057
f 3499/4573/2058 3494/4575/2058 3495/4576/2058 3501/4571/2058
f 3495/4564/2054 3498/4567/2053 3501/4577/2059
f 3525/3001/2060 3529/4578/2061 3530/4579/2062 3527/3002/2062
f 3520/3966/1646 3528/4580/2063 3530/4579/2064 3529/4578/2065
f 3528/4581/2063 3532/4582/2066 3533/4583/2067 3530/4584/2064
f 3521/3719/1477 3531/4585/2068 3533/4583/2067 3532/4582/2066
f 3531/4585/2069 3523/4586/2069 3524/4587/2069 3533/4583/2069
f 3554/3732/1482 3558/4588/2070 3560/4589/2071 3559/4590/2072
f 3558/4588/2073 3562/4591/2074 3563/4592/2075 3560/4589/2076
f 3555/3971/1651 3561/4593/2077 3563/4594/2075 3562/4595/2074
f 3561/4593/2078 3565/3008/2079 3566/3007/2080 3563/4594/2081
f 3567/4596/2082 3559/4590/2082 3560/4589/2083 3569/4597/2084
f 3560/4589/2083 3563/4592/2081 3566/4598/2080 3569/4597/2084
f 2234/3972/1652 2247/3994/1668 2253/3997/1666 2237/3973/1653
f 2237/3976/1653 2253/3992/1666 2249/3989/1663 2241/3977/1656
f 2241/3977/1656 2249/3989/1663 2246/3455/1239 2235/3454/1238
f 2272/3058/925 2258/3057/924 2262/4008/1677 2279/4031/1694
f 2279/4034/1694 2262/4019/1677 2267/4016/1683 2274/4023/1687
f 2274/4023/1687 2267/4016/1683 2260/3055/922 2270/3054/921
f 2283/3079/946 2286/3246/1102 2288/4599/2085 2285/4600/2086
f 2285/4601/2086 2288/4602/2087 2289/4603/2088 2284/4604/2089
f 2284/4604/2089 2289/4603/2088 2287/3083/950 2282/3086/953
f 2286/3246/1102 2290/3248/1104 2292/4605/2090 2288/4599/2085
f 2288/4602/2087 2292/4606/2091 2293/4607/2092 2289/4603/2088
f 2289/4603/2088 2293/4607/2092 2291/3078/945 2287/3083/950
f 2290/3248/1104 2294/3250/1106 2296/4608/2093 2292/4605/2090
f 2292/4606/2091 2296/4609/2094 2297/4610/2095 2293/4607/2092
f 2293/4607/2092 2297/4610/2095 2295/3076/943 2291/3078/945
f 2294/3250/1106 2298/3070/937 2300/4611/2096 2296/4608/2093
f 2296/4609/2094 2300/4612/2096 2301/4613/2097 2297/4610/2095
f 2297/4610/2095 2301/4613/2097 2299/3073/940 2295/3076/943
f 2304/3050/916 2314/3244/1101 2316/4614/2098 2311/4046/1703
f 2311/4046/1703 2316/4614/2098 2317/4615/2099 2306/4047/1697
f 2306/4038/1697 2317/4616/2099 2315/3131/998 2302/3130/997
f 2314/3244/1101 2318/3254/1110 2320/4617/2100 2316/4614/2098
f 2316/4614/2098 2320/4617/2100 2321/4618/2101 2317/4615/2099
f 2317/4616/2099 2321/4619/2102 2319/3438/1223 2315/3131/998
f 2318/3254/1110 2322/3139/1006 2324/4620/2103 2320/4617/2100
f 2320/4617/2100 2324/4620/2103 2325/4621/2101 2321/4618/2101
f 2321/4619/2102 2325/4622/2102 2323/3462/1223 2319/3438/1223
f 2322/3139/1006 2326/3138/1005 2330/4052/1706 2324/4620/2103
f 2324/4620/2103 2330/4052/1706 2335/4061/1713 2325/4621/2101
f 2325/4622/2102 2335/4060/1712 2328/3464/1247 2323/3462/1223
f 2339/3071/938 2342/3251/1107 2344/4623/2104 2341/4624/2105
f 2341/4625/2105 2344/4626/2104 2345/4627/2106 2340/4628/2107
f 2340/4628/2107 2345/4627/2108 2343/3125/992 2338/3256/1111
f 2342/3251/1107 2346/3249/1105 2348/4629/2109 2344/4623/2104
f 2344/4626/2104 2348/4630/2109 2349/4631/2110 2345/4627/2106
f 2345/4627/2108 2349/4631/2111 2347/3123/990 2343/3125/992
f 2346/3249/1105 2350/3247/1103 2352/4632/2112 2348/4629/2109
f 2348/4630/2109 2352/4633/2112 2353/4634/2113 2349/4631/2110
f 2349/4631/2111 2353/4634/2113 2351/3121/988 2347/3123/990
f 2350/3247/1103 2354/3082/949 2356/4635/2114 2352/4632/2112
f 2352/4633/2112 2356/4636/2114 2357/4637/2115 2353/4634/2113
f 2353/4634/2113 2357/4637/2115 2355/3119/986 2351/3121/988
f 3011/2884/918 2248/3051/917 2256/3999/1671 3013/3020/2116
f 3013/3020/2116 2256/3999/1671 2252/3998/1670 3012/4638/2117
f 3012/4639/2117 2252/3995/1669 2247/3994/1668 3010/3506/1287
f 3014/3059/926 2272/3058/925 2280/4033/1692 3016/4640/2118
f 3016/4641/2118 2280/4029/1692 2276/4028/1691 3017/3023/2119
f 3017/3023/2119 2276/4028/1691 2271/3456/1240 3015/2883/1241
f 2883/3345/1190 2886/3344/1189 2888/4642/2120 2885/4643/2121
f 2885/4644/2122 2888/4645/2123 2889/4646/2124 2884/4647/2122
f 2884/4647/2125 2889/4646/2126 2887/3212/1069 2882/3143/1008
f 2362/3087/954 2358/3118/985 2360/4648/2127 2364/4649/2128
f 2364/4650/2128 2360/4651/2127 2361/4652/2129 2365/4653/2130
f 2365/4653/2130 2361/4652/2131 2359/3144/1009 2363/3213/1070
f 2886/3344/1189 2890/3410/1193 2892/4654/2132 2888/4642/2120
f 2888/4645/2123 2892/4655/2133 2893/4656/2134 2889/4646/2124
f 2889/4646/2126 2893/4656/2134 2891/3146/1011 2887/3212/1069
f 2366/3088/955 2362/3087/954 2364/4649/2128 2368/4657/2135
f 2368/4658/2136 2364/4650/2128 2365/4653/2130 2369/4659/2137
f 2369/4659/2137 2365/4653/2130 2363/3213/1070 2367/3149/1014
f 2890/3410/1193 2894/3409/1192 2896/4660/2138 2892/4654/2132
f 2892/4655/2133 2896/4661/2139 2897/4662/2140 2893/4656/2134
f 2893/4656/2134 2897/4662/2140 2895/3147/1012 2891/3146/1011
f 2370/3089/956 2366/3088/955 2368/4657/2135 2372/4663/2141
f 2372/4664/2141 2368/4658/2136 2369/4659/2137 2373/4665/2142
f 2373/4665/2142 2369/4659/2137 2367/3149/1014 2371/3148/1013
f 2894/3409/1192 2898/3411/1194 2900/4666/2143 2896/4660/2138
f 2896/4661/2139 2900/4667/2144 2901/4668/2145 2897/4662/2140
f 2897/4662/2140 2901/4668/2146 2899/3150/1015 2895/3147/1012
f 2374/3090/957 2370/3089/956 2372/4663/2141 2376/4669/2147
f 2376/4670/2147 2372/4664/2141 2373/4665/2142 2377/4671/2148
f 2377/4671/2148 2373/4665/2142 2371/3148/1013 2375/3151/1016
f 2898/3411/1194 2902/3412/1195 2904/4672/2149 2900/4666/2143
f 2900/4673/2144 2904/4674/2149 2905/4675/2150 2901/4676/2145
f 2901/4676/2146 2905/4675/2151 2903/3153/1017 2899/3152/1015
f 2378/3091/958 2374/3090/957 2376/4669/2147 2380/4677/2152
f 2380/4678/2152 2376/4679/2147 2377/4680/2148 2381/4681/2153
f 2381/4681/2153 2377/4680/2148 2375/3155/1016 2379/3154/1018
f 2902/3412/1195 2906/3413/1196 2908/4682/2154 2904/4672/2149
f 2904/4674/2149 2908/4683/2154 2909/4684/2155 2905/4675/2150
f 2905/4675/2151 2909/4684/2156 2907/3156/1019 2903/3153/1017
f 2382/3092/959 2378/3091/958 2380/4677/2152 2384/4685/2157
f 2384/4686/2157 2380/4678/2152 2381/4681/2153 2385/4687/2158
f 2385/4687/2158 2381/4681/2153 2379/3154/1018 2383/3157/1020
f 2906/3413/1196 2910/3414/1197 2912/4688/2159 2908/4682/2154
f 2908/4683/2154 2912/4689/2159 2913/4690/2160 2909/4684/2155
f 2909/4684/2156 2913/4690/2160 2911/3158/1021 2907/3156/1019
f 2386/3093/960 2382/3092/959 2384/4685/2157 2388/4691/2161
f 2388/4692/2162 2384/4686/2157 2385/4687/2158 2389/4693/2163
f 2389/4693/2163 2385/4687/2158 2383/3157/1020 2387/3159/1022
f 2910/3414/1197 2914/3415/1198 2916/4694/2164 2912/4688/2159
f 2912/4689/2159 2916/4695/2165 2917/4696/2166 2913/4690/2160
f 2913/4690/2160 2917/4696/2166 2915/3160/1023 2911/3158/1021
f 2390/3094/961 2386/3093/960 2388/4691/2161 2392/4697/2167
f 2392/4698/2167 2388/4692/2162 2389/4693/2163 2393/4699/2168
f 2393/4699/2168 2389/4693/2163 2387/3159/1022 2391/3161/1024
f 2914/3415/1198 2918/3416/1199 2920/4700/2169 2916/4694/2164
f 2916/4695/2165 2920/4701/2169 2921/4702/2170 2917/4696/2166
f 2917/4696/2166 2921/4702/2170 2919/3162/1025 2915/3160/1023
f 2394/3095/962 2390/3094/961 2392/4697/2167 2396/4703/2171
f 2396/4704/2171 2392/4698/2167 2393/4699/2168 2397/4705/2172
f 2397/4705/2173 2393/4699/2168 2391/3161/1024 2395/3163/1026
f 2918/3416/1199 2922/3417/1200 2924/4706/2174 2920/4700/2169
f 2920/4701/2169 2924/4707/2174 2925/4708/2175 2921/4702/2170
f 2921/4702/2170 2925/4708/2176 2923/3164/1027 2919/3162/1025
f 2398/3096/963 2394/3095/962 2396/4703/2171 2400/4709/2177
f 2400/4710/2178 2396/4704/2171 2397/4705/2172 2401/4711/2179
f 2401/4711/2179 2397/4705/2173 2395/3163/1026 2399/3165/1028
f 2922/3417/1200 2926/3418/1201 2928/4712/2180 2924/4706/2174
f 2924/4707/2174 2928/4713/2180 2929/4714/2181 2925/4708/2175
f 2925/4708/2176 2929/4714/2181 2927/3166/1029 2923/3164/1027
f 2402/3097/964 2398/3096/963 2400/4709/2177 2404/4715/2182
f 2404/4716/2183 2400/4710/2178 2401/4711/2179 2405/4717/2184
f 2405/4717/2184 2401/4711/2179 2399/3165/1028 2403/3167/1030
f 2926/3418/1201 2930/3419/1202 2932/4718/2185 2928/4712/2180
f 2928/4713/2180 2932/4719/2185 2933/4720/2186 2929/4714/2181
f 2929/4714/2181 2933/4720/2186 2931/3168/1031 2927/3166/1029
f 2406/3098/965 2402/3097/964 2404/4715/2182 2408/4721/2187
f 2408/4722/2188 2404/4716/2183 2405/4717/2184 2409/4723/2189
f 2409/4723/2189 2405/4717/2184 2403/3167/1030 2407/3169/1032
f 2930/3419/1202 2934/3420/1203 2936/4724/2190 2932/4718/2185
f 2932/4725/2185 2936/4726/2190 2937/4727/2191 2933/4728/2186
f 2933/4728/2186 2937/4727/2191 2935/3171/1033 2931/3170/1031
f 2410/3099/966 2406/3098/965 2408/4721/2187 2412/4729/2192
f 2412/4730/2192 2408/4731/2188 2409/4732/2189 2413/4733/2193
f 2413/4733/2193 2409/4732/2189 2407/3173/1032 2411/3172/1034
f 2934/3420/1203 2938/3421/1204 2940/4734/2194 2936/4724/2190
f 2936/4726/2190 2940/4735/2195 2941/4736/2196 2937/4727/2191
f 2937/4727/2191 2941/4736/2196 2939/3174/1035 2935/3171/1033
f 2414/3100/967 2410/3099/966 2412/4729/2192 2416/4737/2197
f 2416/4738/2197 2412/4730/2192 2413/4733/2193 2417/4739/2198
f 2417/4739/2199 2413/4733/2193 2411/3172/1034 2415/3175/1036
f 2938/3421/1204 2942/3422/1205 2944/4740/2200 2940/4734/2194
f 2940/4735/2195 2944/4741/2200 2945/4742/2201 2941/4736/2196
f 2941/4736/2196 2945/4742/2201 2943/3176/1037 2939/3174/1035
f 2418/3101/968 2414/3100/967 2416/4737/2197 2420/4743/2202
f 2420/4744/2202 2416/4738/2197 2417/4739/2198 2421/4745/2203
f 2421/4745/2204 2417/4739/2199 2415/3175/1036 2419/3177/1038
f 2942/3422/1205 2946/3423/1206 2948/4746/2205 2944/4740/2200
f 2944/4741/2200 2948/4747/2205 2949/4748/2206 2945/4742/2201
f 2945/4742/2201 2949/4748/2206 2947/3178/1039 2943/3176/1037
f 2422/3102/969 2418/3101/968 2420/4743/2202 2424/4749/2207
f 2424/4750/2207 2420/4744/2202 2421/4745/2203 2425/4751/2208
f 2425/4751/2208 2421/4745/2204 2419/3177/1038 2423/3179/1040
f 2946/3423/1206 2950/3424/1207 2952/4752/2209 2948/4746/2205
f 2948/4747/2205 2952/4753/2210 2953/4754/2211 2949/4748/2206
f 2949/4748/2206 2953/4754/2211 2951/3180/1041 2947/3178/1039
f 2426/3103/970 2422/3102/969 2424/4749/2207 2428/4755/2212
f 2428/4756/2213 2424/4750/2207 2425/4751/2208 2429/4757/2214
f 2429/4757/2214 2425/4751/2208 2423/3179/1040 2427/3181/1042
f 2950/3424/1207 2954/3425/1208 2956/4758/2215 2952/4752/2209
f 2952/4753/2210 2956/4759/2215 2957/4760/2216 2953/4754/2211
f 2953/4754/2211 2957/4760/2216 2955/3182/1043 2951/3180/1041
f 2430/3104/971 2426/3103/970 2428/4755/2212 2432/4761/2217
f 2432/4762/2217 2428/4756/2213 2429/4757/2214 2433/4763/2218
f 2433/4763/2218 2429/4757/2214 2427/3181/1042 2431/3183/1044
f 2954/3425/1208 2958/3426/1209 2960/4764/2219 2956/4758/2215
f 2956/4759/2215 2960/4765/2219 2961/4766/2220 2957/4760/2216
f 2957/4760/2216 2961/4766/2221 2959/3184/1045 2955/3182/1043
f 2434/3105/972 2430/3104/971 2432/4761/2217 2436/4767/2222
f 2436/4768/2222 2432/4762/2217 2433/4763/2218 2437/4769/2223
f 2437/4769/2224 2433/4763/2218 2431/3183/1044 2435/3185/1046
f 2958/3426/1209 2962/3427/1210 2964/4770/2225 2960/4764/2219
f 2960/4765/2219 2964/4771/2225 2965/4772/2226 2961/4766/2220
f 2961/4766/2221 2965/4772/2226 2963/3186/1047 2959/3184/1045
f 2438/3106/973 2434/3105/972 2436/4767/2222 2440/4773/2227
f 2440/4774/2228 2436/4768/2222 2437/4769/2223 2441/4775/2229
f 2441/4775/2229 2437/4769/2224 2435/3185/1046 2439/3187/1048
f 2962/3427/1210 2966/3428/1211 2968/4776/2230 2964/4770/2225
f 2964/4777/2225 2968/4778/2230 2969/4779/2231 2965/4780/2226
f 2965/4780/2226 2969/4779/2231 2967/3189/1049 2963/3188/1047
f 2442/3107/974 2438/3106/973 2440/4773/2227 2444/4781/2232
f 2444/4782/2233 2440/4783/2228 2441/4784/2229 2445/4785/2234
f 2445/4785/2234 2441/4784/2229 2439/3191/1048 2443/3190/1050
f 2966/3428/1211 2970/3429/1212 2972/4786/2235 2968/4776/2230
f 2968/4778/2230 2972/4787/2235 2973/4788/2236 2969/4779/2231
f 2969/4779/2231 2973/4788/2236 2971/3192/1051 2967/3189/1049
f 2446/3108/975 2442/3107/974 2444/4781/2232 2448/4789/2237
f 2448/4790/2238 2444/4782/2233 2445/4785/2234 2449/4791/2239
f 2449/4791/2239 2445/4785/2234 2443/3190/1050 2447/3193/1052
f 2970/3429/1212 2974/3430/1213 2976/4792/2240 2972/4786/2235
f 2972/4787/2235 2976/4793/2240 2977/4794/2241 2973/4788/2236
f 2973/4788/2236 2977/4794/2242 2975/3194/1053 2971/3192/1051
f 2450/3109/976 2446/3108/975 2448/4789/2237 2452/4795/2243
f 2452/4796/2244 2448/4790/2238 2449/4791/2239 2453/4797/2245
f 2453/4797/2245 2449/4791/2239 2447/3193/1052 2451/3195/1054
f 2974/3430/1213 2978/3431/1214 2980/4798/2246 2976/4792/2240
f 2976/4793/2240 2980/4799/2246 2981/4800/2247 2977/4794/2241
f 2977/4794/2242 2981/4800/2248 2979/3196/1055 2975/3194/1053
f 2454/3110/977 2450/3109/976 2452/4795/2243 2456/4801/2249
f 2456/4802/2249 2452/4796/2244 2453/4797/2245 2457/4803/2250
f 2457/4803/2250 2453/4797/2245 2451/3195/1054 2455/3197/1056
f 2978/3431/1214 2982/3432/1215 2984/4804/2251 2980/4798/2246
f 2980/4799/2246 2984/4805/2251 2985/4806/2252 2981/4800/2247
f 2981/4800/2248 2985/4806/2252 2983/3198/1057 2979/3196/1055
f 2458/3111/978 2454/3110/977 2456/4801/2249 2460/4807/2253
f 2460/4808/2253 2456/4802/2249 2457/4803/2250 2461/4809/2254
f 2461/4809/2254 2457/4803/2250 2455/3197/1056 2459/3199/1058
f 2982/3432/1215 2986/3433/1216 2988/4810/2255 2984/4804/2251
f 2984/4805/2251 2988/4811/2255 2989/4812/2256 2985/4806/2252
f 2985/4806/2252 2989/4812/2256 2987/3200/1059 2983/3198/1057
f 2462/3112/979 2458/3111/978 2460/4807/2253 2464/4813/2257
f 2464/4814/2258 2460/4808/2253 2461/4809/2254 2465/4815/2259
f 2465/4815/2259 2461/4809/2254 2459/3199/1058 2463/3201/1060
f 2986/3433/1216 2990/3434/1217 2992/4816/2260 2988/4810/2255
f 2988/4811/2255 2992/4817/2260 2993/4818/2261 2989/4812/2256
f 2989/4812/2256 2993/4818/2261 2991/3202/1061 2987/3200/1059
f 2466/3113/980 2462/3112/979 2464/4813/2257 2468/4819/2262
f 2468/4820/2263 2464/4814/2258 2465/4815/2259 2469/4821/2264
f 2469/4821/2264 2465/4815/2259 2463/3201/1060 2467/3203/1062
f 2990/3434/1217 2994/3435/1218 2996/4822/2265 2992/4816/2260
f 2992/4817/2260 2996/4823/2266 2997/4824/2267 2993/4818/2261
f 2993/4818/2261 2997/4824/2267 2995/3204/1063 2991/3202/1061
f 2470/3114/981 2466/3113/980 2468/4819/2262 2472/4825/2268
f 2472/4826/2269 2468/4820/2263 2469/4821/2264 2473/4827/2270
f 2473/4827/2270 2469/4821/2264 2467/3203/1062 2471/3205/1064
f 2994/3435/1218 2998/3436/1219 3000/4828/2271 2996/4822/2265
f 2996/4829/2266 3000/4830/2272 3001/4831/2273 2997/4832/2267
f 2997/4832/2267 3001/4831/2273 2999/3207/1065 2995/3206/1063
f 2474/3115/982 2470/3114/981 2472/4825/2268 2476/4833/2274
f 2476/4834/2275 2472/4835/2269 2473/4836/2270 2477/4837/2276
f 2477/4837/2276 2473/4836/2270 2471/3209/1064 2475/3208/1066
f 2998/3436/1219 3002/3437/1220 3004/4838/2277 3000/4828/2271
f 3000/4830/2272 3004/4839/2278 3005/4840/2279 3001/4831/2273
f 3001/4831/2273 3005/4840/2279 3003/3210/1067 2999/3207/1065
f 2478/3116/983 2474/3115/982 2476/4833/2274 2480/4841/2280
f 2480/4842/2281 2476/4834/2275 2477/4837/2276 2481/4843/2282
f 2481/4843/2282 2477/4837/2276 2475/3208/1066 2479/3211/1068
f 3002/3437/1220 3006/3408/1191 3008/4844/2283 3004/4838/2277
f 3004/4839/2278 3008/4845/2284 3009/4846/2285 3005/4840/2279
f 3005/4840/2279 3009/4846/2286 3007/3142/1007 3003/3210/1067
f 2482/3117/984 2478/3116/983 2480/4841/2280 2484/4847/2287
f 2484/4848/2288 2480/4842/2281 2481/4843/2282 2485/4849/2289
f 2485/4849/2290 2481/4843/2282 2479/3211/1068 2483/3145/1010
f 3006/3408/1191 2883/3345/1190 2885/4643/2121 3008/4844/2283
f 3008/4845/2284 2885/4644/2122 2884/4647/2122 3009/4846/2285
f 3009/4846/2286 2884/4647/2125 2882/3143/1008 3007/3142/1007
f 2358/3118/985 2482/3117/984 2484/4847/2287 2360/4648/2127
f 2360/4651/2127 2484/4848/2288 2485/4849/2289 2361/4652/2129
f 2361/4652/2131 2485/4849/2290 2483/3145/1010 2359/3144/1009
f 2538/3450/1234 2530/3449/1233 2532/4850/2291 2541/4106/1741
f 2541/4106/1741 2532/4850/2291 2533/4851/2292 2545/4109/1744
f 2545/4113/1747 2533/4852/2292 2531/3069/936 2539/3229/1086
f 2490/3444/1228 2518/3443/1227 2522/4095/1734 2492/4853/2293
f 2492/4853/2293 2522/4095/1734 2527/4104/1740 2493/4854/2294
f 2493/4855/2294 2527/4103/1740 2520/3228/1085 2491/3072/939
f 2519/3225/1082 2540/3224/1081 2548/4114/1748 2524/4098/1737
f 2524/4098/1737 2548/4114/1748 2544/4111/1746 2528/4101/1738
f 2528/4101/1738 2544/4111/1746 2539/3229/1086 2520/3228/1085
f 2550/3451/1235 2538/3450/1234 2542/4108/1743 2553/4119/1751
f 2553/4119/1751 2542/4108/1743 2547/4117/1750 2557/4122/1754
f 2557/4126/1754 2547/4116/1750 2540/3224/1081 2551/3227/1084
f 2518/3443/1227 2506/3442/1226 2510/4080/1725 2521/4093/1732
f 2521/4093/1732 2510/4080/1725 2515/4091/1731 2525/4096/1735
f 2525/4100/1735 2515/4090/1731 2508/3226/1083 2519/3225/1082
f 2507/3219/1076 2552/3218/1075 2560/4131/1757 2512/4083/1728
f 2512/4086/1728 2560/4127/1757 2556/4124/1756 2516/4087/1729
f 2516/4087/1729 2556/4124/1756 2551/3227/1084 2508/3226/1083
f 2562/3452/1236 2550/3451/1235 2554/4121/1753 2565/4134/1760
f 2565/4134/1760 2554/4121/1753 2559/4132/1759 2569/4137/1763
f 2569/4141/1763 2559/4129/1759 2552/3218/1075 2563/3221/1078
f 2506/3442/1226 2494/3441/1225 2498/4065/1716 2509/4078/1723
f 2509/4078/1723 2498/4065/1716 2503/4076/1722 2513/4081/1726
f 2513/4085/1726 2503/4073/1722 2496/3220/1077 2507/3219/1076
f 2495/3215/1072 2564/3214/1071 2572/4143/1766 2500/4068/1719
f 2500/4068/1719 2572/4143/1766 2568/4142/1765 2504/4071/1720
f 2504/4075/1720 2568/4139/1765 2563/3221/1078 2496/3220/1077
f 2534/3453/1237 2562/3452/1236 2566/4136/1762 2536/4856/2295
f 2536/4856/2295 2566/4136/1762 2571/4147/1768 2537/4857/2296
f 2537/4858/2296 2571/4146/1768 2564/3214/1071 2535/3217/1074
f 2494/3441/1225 2486/3440/1224 2488/4859/2297 2497/4063/1714
f 2497/4063/1714 2488/4859/2297 2489/4860/2298 2501/4066/1717
f 2501/4070/1717 2489/4861/2298 2487/3216/1073 2495/3215/1072
f 2582/3468/1251 2574/3467/1250 2576/4862/2299 2585/4149/1769
f 2585/4149/1769 2576/4862/2299 2577/4863/2300 2589/4152/1772
f 2589/4156/1772 2577/4864/2301 2575/3081/948 2583/3223/1080
f 2622/3461/1246 2650/3460/1245 2654/4225/1817 2624/4865/2302
f 2624/4865/2302 2654/4225/1817 2659/4234/1823 2625/4866/2303
f 2625/4867/2303 2659/4233/1823 2652/3222/1079 2623/3080/947
f 2651/3241/1098 2584/3240/1097 2592/4157/1775 2656/4228/1820
f 2656/4228/1820 2592/4157/1775 2588/4154/1774 2660/4231/1821
f 2660/4231/1821 2588/4154/1774 2583/3223/1080 2652/3222/1079
f 2594/3469/1252 2582/3468/1251 2586/4151/1771 2597/4162/1778
f 2597/4162/1778 2586/4151/1771 2591/4160/1777 2601/4165/1781
f 2601/4169/1781 2591/4159/1777 2584/3240/1097 2595/3243/1100
f 2650/3460/1245 2638/3459/1244 2642/4210/1808 2653/4223/1815
f 2653/4223/1815 2642/4210/1808 2647/4221/1814 2657/4226/1818
f 2657/4230/1818 2647/4220/1814 2640/3242/1099 2651/3241/1098
f 2639/3233/1090 2596/3232/1089 2604/4174/1784 2644/4213/1811
f 2644/4216/1811 2604/4170/1784 2600/4167/1783 2648/4217/1812
f 2648/4217/1812 2600/4167/1783 2595/3243/1100 2640/3242/1099
f 2606/3470/1253 2594/3469/1252 2598/4164/1780 2609/4177/1787
f 2609/4177/1787 2598/4164/1780 2603/4175/1786 2613/4180/1790
f 2613/4184/1790 2603/4172/1786 2596/3232/1089 2607/3235/1092
f 2638/3459/1244 2626/3458/1243 2630/4194/1798 2641/4208/1806
f 2641/4208/1806 2630/4194/1798 2635/4205/1805 2645/4211/1809
f 2645/4215/1809 2635/4202/1804 2628/3234/1091 2639/3233/1090
f 2627/3231/1088 2608/3230/1087 2616/4186/1793 2632/4197/1801
f 2632/4197/1801 2616/4186/1793 2612/4868/1792 2636/4200/1802
f 2636/4204/1802 2612/4182/1792 2607/3235/1092 2628/3234/1091
f 2578/3471/1254 2606/3470/1253 2610/4179/1789 2580/4869/2304
f 2580/4869/2304 2610/4179/1789 2615/4190/1795 2581/4870/2305
f 2581/4871/2305 2615/4189/1795 2608/3230/1087 2579/3056/923
f 2626/3458/1243 2618/3457/1242 2620/4872/2306 2629/4192/1796
f 2629/4192/1796 2620/4872/2306 2621/4873/2307 2633/4195/1799
f 2633/4199/1799 2621/4874/2307 2619/3053/920 2627/3231/1088
f 2530/3449/1233 2299/3073/940 2301/4613/2097 2532/4850/2291
f 2532/4850/2291 2301/4613/2097 2300/4612/2096 2533/4851/2292
f 2533/4852/2292 2300/4611/2096 2298/3070/937 2531/3069/936
f 2338/3256/1111 2490/3444/1228 2492/4853/2293 2340/4628/2107
f 2340/4628/2107 2492/4853/2293 2493/4854/2294 2341/4625/2105
f 2341/4624/2105 2493/4855/2294 2491/3072/939 2339/3071/938
f 2486/3440/1224 2236/3065/932 2244/3982/1660 2488/4859/2297
f 2488/4859/2297 2244/3982/2308 2240/3981/1658 2489/4860/2298
f 2489/4861/2298 2240/3980/1658 2235/3454/1238 2487/3216/1073
f 2248/3051/917 2534/3453/1237 2536/4856/2295 2255/4002/1673
f 2255/4002/2309 2536/4856/2295 2537/4857/2296 2250/4003/1665
f 2250/3991/1665 2537/4858/2296 2535/3217/1074 2246/3455/1239
f 2282/3086/953 2622/3461/1246 2624/4865/2302 2284/4604/2089
f 2284/4604/2089 2624/4865/2302 2625/4866/2303 2285/4601/2086
f 2285/4600/2086 2625/4867/2303 2623/3080/947 2283/3079/946
f 2574/3467/1250 2355/3119/986 2357/4637/2115 2576/4862/2299
f 2576/4862/2299 2357/4637/2115 2356/4636/2114 2577/4863/2300
f 2577/4864/2301 2356/4635/2114 2354/3082/949 2575/3081/948
f 2618/3457/1242 2271/3456/1240 2277/4025/1689 2620/4872/2306
f 2620/4872/2306 2277/4025/2310 2273/4024/2311 2621/4875/2307
f 2621/4874/2307 2273/4021/2311 2270/3054/921 2619/3053/920
f 2259/3062/929 2578/3471/1254 2580/4869/2304 2264/4013/1680
f 2264/4013/2312 2580/4869/2304 2581/4870/2305 2268/4014/2313
f 2268/4018/2313 2581/4876/2305 2579/3056/923 2260/3055/922
f 2303/3446/1230 2662/3445/1229 2666/4238/2314 2308/4041/1700
f 2308/4877/1700 2666/4247/2314 2671/4246/2315 2312/4043/1701
f 2312/4043/1701 2671/4246/2315 2664/3074/941 2304/3050/916
f 2326/3138/1005 2687/3085/952 2693/4258/2316 2329/4050/1704
f 2329/4050/1704 2693/4258/2316 2689/4253/2317 2333/4053/1707
f 2333/4057/1707 2689/4250/2317 2686/3127/994 2327/3126/993
f 2683/3135/1002 2688/3134/1001 2696/4263/2318 2685/4878/2319
f 2685/4879/2319 2696/4259/2318 2692/4257/2320 2684/4880/2321
f 2684/4880/2321 2692/4257/2320 2687/3085/952 2682/3084/951
f 2679/3252/1108 2683/3135/1002 2685/4878/2319 2681/4881/2322
f 2681/4882/2322 2685/4879/2319 2684/4880/2321 2680/4883/2323
f 2680/4883/2323 2684/4880/2321 2682/3084/951 2678/3077/944
f 2675/3236/1093 2679/3252/1108 2681/4881/2322 2677/4884/2324
f 2677/4885/2324 2681/4882/2322 2680/4883/2323 2676/4886/2325
f 2676/4886/2325 2680/4883/2323 2678/3077/944 2674/3075/942
f 2663/3237/1094 2675/3236/1093 2677/4884/2324 2668/4241/2326
f 2668/4242/2326 2677/4885/2324 2676/4886/2325 2672/4243/2327
f 2672/4243/2327 2676/4886/2325 2674/3075/942 2664/3074/941
f 2302/3130/997 3502/3133/1000 3504/3729/2328 2305/4036/1695
f 2305/4036/1695 3504/3729/2328 3505/3730/2329 2309/4039/1698
f 2309/4039/1698 3505/3730/2329 3503/3447/1231 2303/3446/1230
f 3511/3238/1095 2663/3237/1094 2669/4239/2330 3513/3726/2330
f 3513/3726/2331 2669/4239/2331 2665/4236/2331 3512/3725/2331
f 3512/3725/2332 2665/4236/2332 2662/3445/1229 3510/3448/1232
f 2327/3126/993 3506/3129/996 3508/3710/2333 2332/4055/1709
f 2332/4055/1709 3508/3710/2333 3509/3711/2334 2336/4058/1710
f 2336/4058/1710 3509/3711/2334 3507/3465/1248 2328/3464/1247
f 2688/3134/1001 3514/3137/1004 3516/3706/2335 2695/4261/2335
f 2695/4261/2336 3516/3706/2336 3517/3707/2336 2690/4252/2336
f 2690/4252/2337 3517/3707/2337 3515/3128/995 2686/3127/994
f 2729/4887/2338 2742/4278/2339 2738/4275/2339 2728/4888/2340
f 2728/4888/2341 2738/4275/1855 2734/3505/1286 2726/3269/1124
f 2725/4889/2342 2729/4890/2338 2728/4888/2340 2724/4891/2343
f 2724/4891/2344 2728/4888/2341 2726/3269/1124 2722/3268/1123
f 2702/4264/2345 3028/4892/2346 3029/4893/2347 2706/4265/2345
f 2706/4265/1847 3029/4893/2348 3027/3258/1113 2699/3257/1112
f 3028/4892/2346 3032/4894/2349 3033/4895/2350 3029/4893/2347
f 3029/4893/2348 3033/4895/2351 3031/3262/1117 3027/3258/1113
f 3032/4894/2349 3036/4896/2352 3037/4897/2352 3033/4895/2350
f 3033/4895/2351 3037/4897/2353 3035/3504/1285 3031/3262/1117
f 3036/4896/2352 2725/4889/2342 2724/4891/2343 3037/4897/2352
f 3037/4897/2353 2724/4891/2344 2722/3268/1123 3035/3504/1285
f 2759/3340/1187 2755/3272/1127 2757/4898/2354 2761/4899/2355
f 2761/4899/2356 2757/4898/2354 2756/4900/2357 2760/4901/2358
f 2760/4902/2358 2756/4903/2357 2754/3473/1256 2758/3472/1255
f 2763/3275/1130 2759/3340/1187 2761/4899/2355 2765/4904/2359
f 2765/4904/2359 2761/4899/2356 2760/4901/2358 2764/4905/2360
f 2764/4906/2360 2760/4902/2358 2758/3472/1255 2762/3503/1284
f 2767/3276/1131 2763/3275/1130 2765/4904/2359 2769/4907/2361
f 2769/4907/2361 2765/4904/2359 2764/4905/2360 2768/4908/2362
f 2768/4909/2363 2764/4906/2360 2762/3503/1284 2766/3502/1283
f 2771/3278/1133 2767/3276/1131 2769/4907/2361 2773/4910/2364
f 2773/4910/2364 2769/4907/2361 2768/4908/2362 2772/4911/2365
f 2772/4912/2365 2768/4909/2363 2766/3502/1283 2770/3501/1282
f 2775/3282/1135 2771/3281/1133 2773/4913/2364 2777/4914/2366
f 2777/4914/2367 2773/4913/2364 2772/4915/2365 2776/4916/2368
f 2776/4917/2368 2772/4912/2365 2770/3501/1282 2774/3500/1281
f 2779/3284/1137 2775/3282/1135 2777/4914/2366 2781/4918/2369
f 2781/4918/2370 2777/4914/2367 2776/4916/2368 2780/4919/2371
f 2780/4920/2371 2776/4917/2368 2774/3500/1281 2778/3499/1280
f 2783/3286/1139 2779/3284/1137 2781/4918/2369 2785/4921/2372
f 2785/4921/2373 2781/4918/2370 2780/4919/2371 2784/4922/2374
f 2784/4923/2374 2780/4920/2371 2778/3499/1280 2782/3498/1279
f 2787/3288/1141 2783/3286/1139 2785/4921/2372 2789/4924/2375
f 2789/4924/2376 2785/4921/2373 2784/4922/2374 2788/4925/2377
f 2788/4926/2377 2784/4923/2374 2782/3498/1279 2786/3497/1278
f 2791/3290/1143 2787/3288/1141 2789/4924/2375 2793/4927/2378
f 2793/4927/2378 2789/4924/2376 2788/4925/2377 2792/4928/2379
f 2792/4929/2379 2788/4926/2377 2786/3497/1278 2790/3496/1277
f 2795/3292/1145 2791/3290/1143 2793/4927/2378 2797/4930/2380
f 2797/4930/2380 2793/4927/2378 2792/4928/2379 2796/4931/2381
f 2796/4932/2381 2792/4929/2379 2790/3496/1277 2794/3495/1276
f 2799/3294/1147 2795/3292/1145 2797/4930/2380 2801/4933/2382
f 2801/4933/2383 2797/4930/2380 2796/4931/2381 2800/4934/2384
f 2800/4935/2384 2796/4932/2381 2794/3495/1276 2798/3494/1275
f 2803/3296/1149 2799/3294/1147 2801/4933/2382 2805/4936/2385
f 2805/4936/2385 2801/4933/2383 2800/4934/2384 2804/4937/2386
f 2804/4938/2386 2800/4935/2384 2798/3494/1275 2802/3493/1274
f 2807/3300/1151 2803/3299/1149 2805/4939/2385 2809/4940/2387
f 2809/4940/2387 2805/4939/2385 2804/4941/2386 2808/4942/2388
f 2808/4943/2388 2804/4938/2386 2802/3493/1274 2806/3492/1273
f 2811/3302/1153 2807/3300/1151 2809/4940/2387 2813/4944/2389
f 2813/4944/2389 2809/4940/2387 2808/4942/2388 2812/4945/2390
f 2812/4946/2391 2808/4943/2388 2806/3492/1273 2810/3491/1272
f 2815/3304/1155 2811/3302/1153 2813/4944/2389 2817/4947/2392
f 2817/4947/2392 2813/4944/2389 2812/4945/2390 2816/4948/2393
f 2816/4949/2394 2812/4946/2391 2810/3491/1272 2814/3490/1271
f 2819/3306/1157 2815/3304/1155 2817/4947/2392 2821/4950/2395
f 2821/4950/2395 2817/4947/2392 2816/4948/2393 2820/4951/2396
f 2820/4952/2397 2816/4949/2394 2814/3490/1271 2818/3489/1270
f 2823/3308/1159 2819/3306/1157 2821/4950/2395 2825/4953/2398
f 2825/4953/2398 2821/4950/2395 2820/4951/2396 2824/4954/2399
f 2824/4955/2400 2820/4952/2397 2818/3489/1270 2822/3488/1269
f 2827/3310/1161 2823/3308/1159 2825/4953/2398 2829/4956/2401
f 2829/4956/2401 2825/4953/2398 2824/4954/2399 2828/4957/2402
f 2828/4958/2403 2824/4955/2400 2822/3488/1269 2826/3487/1268
f 2831/3312/1163 2827/3310/1161 2829/4956/2401 2833/4959/2404
f 2833/4959/2404 2829/4956/2401 2828/4957/2402 2832/4960/2405
f 2832/4961/2405 2828/4958/2403 2826/3487/1268 2830/3486/1267
f 2835/3314/1165 2831/3312/1163 2833/4959/2404 2837/4962/2406
f 2837/4962/2406 2833/4959/2404 2832/4960/2405 2836/4963/2407
f 2836/4964/2407 2832/4961/2405 2830/3486/1267 2834/3485/1266
f 2839/3318/1167 2835/3317/1165 2837/4965/2406 2841/4966/2408
f 2841/4966/2409 2837/4965/2406 2836/4967/2407 2840/4968/2410
f 2840/4969/2410 2836/4964/2407 2834/3485/1266 2838/3484/1265
f 2843/3320/1169 2839/3318/1167 2841/4966/2408 2845/4970/2411
f 2845/4970/2411 2841/4966/2409 2840/4968/2410 2844/4971/2412
f 2844/4972/2412 2840/4969/2410 2838/3484/1265 2842/3483/1264
f 2847/3322/1171 2843/3320/1169 2845/4970/2411 2849/4973/2413
f 2849/4973/2413 2845/4970/2411 2844/4971/2412 2848/4974/2414
f 2848/4975/2414 2844/4972/2412 2842/3483/1264 2846/3482/1263
f 2851/3324/1173 2847/3322/1171 2849/4973/2413 2853/4976/2415
f 2853/4976/2415 2849/4973/2413 2848/4974/2414 2852/4977/2416
f 2852/4978/2416 2848/4975/2414 2846/3482/1263 2850/3481/1262
f 2855/3326/1175 2851/3324/1173 2853/4976/2415 2857/4979/2417
f 2857/4979/2417 2853/4976/2415 2852/4977/2416 2856/4980/2418
f 2856/4981/2418 2852/4978/2416 2850/3481/1262 2854/3480/1261
f 2859/3328/1177 2855/3326/1175 2857/4979/2417 2861/4982/2419
f 2861/4982/2419 2857/4979/2417 2856/4980/2418 2860/4983/2420
f 2860/4984/2420 2856/4981/2418 2854/3480/2421 2858/3479/2421
f 2863/3330/1179 2859/3328/1177 2861/4982/2419 2865/4985/2422
f 2865/4985/2422 2861/4982/2419 2860/4983/2420 2864/4986/2423
f 2864/4987/2423 2860/4984/2420 2858/3479/2424 2862/3478/2425
f 2867/3332/1181 2863/3330/1179 2865/4985/2422 2869/4988/2426
f 2869/4988/2426 2865/4985/2422 2864/4986/2423 2868/4989/2427
f 2868/4990/2427 2864/4987/2423 2862/3478/2425 2866/3477/2428
f 2871/3336/1183 2867/3335/1181 2869/4991/2426 2873/4992/2429
f 2873/4992/2429 2869/4991/2426 2868/4993/2427 2872/4994/2430
f 2872/4995/2430 2868/4990/2427 2866/3477/2431 2870/3476/2431
f 2875/3338/1185 2871/3336/1183 2873/4992/2429 2877/4996/2432
f 2877/4996/2432 2873/4992/2429 2872/4994/2430 2876/4997/2433
f 2876/4998/2433 2872/4995/2434 2870/3476/1259 2874/3475/1258
f 2879/3271/1126 2875/3338/1185 2877/4996/2432 2881/4999/2435
f 2881/4999/2435 2877/4996/2432 2876/4997/2433 2880/5000/2436
f 2880/5001/2436 2876/4998/2433 2874/3475/1258 2878/3474/1257
f 2755/3272/1127 2879/3271/1126 2881/4999/2435 2757/4898/2354
f 2757/4898/2354 2881/4999/2435 2880/5000/2436 2756/4900/2357
f 2756/4903/2357 2880/5001/2436 2878/3474/1257 2754/3473/1256
f 2717/5002/2437 3013/5003/2116 3012/4639/2117 2716/5004/2438
f 2716/5004/2438 3012/4639/2117 3010/3506/1287 2714/3509/1290
f 2750/3259/1114 3014/3059/926 3016/4640/2118 2752/5005/2439
f 2752/5005/2439 3016/4640/2118 3017/5006/2119 2753/5007/2440
f 2236/3065/932 3018/3068/935 3020/5008/2441 2243/3985/1662
f 2243/3985/1662 3020/5008/2441 3021/5009/2442 2238/3986/1655
f 2238/3975/1655 3021/5010/2442 3019/3507/1288 2234/3972/1652
f 2258/3057/924 3022/3060/927 3024/5011/2443 2261/4006/1675
f 2261/4009/1675 3024/5012/2443 3025/5013/2444 2265/4010/1678
f 2265/4010/1678 3025/5013/2444 3023/3063/930 2259/3062/929
f 3022/3060/927 2700/3260/1115 2709/4273/1848 3024/5014/2443
f 3024/5012/2443 2709/4269/1848 2705/4268/1845 3025/5013/2444
f 3025/5013/2444 2705/4268/1845 2699/3257/1112 3023/3063/930
f 2753/3030/2445 2712/2985/2445 2708/4271/2445 2752/5005/2445
f 2752/5005/2439 2708/4271/1850 2700/3260/1115 2750/3259/1114
f 3018/3068/935 2734/3505/1286 2739/4277/1857 3020/5008/2441
f 3020/5008/2441 2739/4277/1857 2747/4283/1863 3021/5009/2442
f 3021/5015/2442 2747/4282/1863 2737/3508/1289 3019/3507/1288
f 2744/2993/1859 2717/3031/2446 2716/5004/2446 2748/4280/1860
f 2748/4280/1865 2716/5004/2438 2714/3509/1290 2737/3508/1289
f 3040/3513/1294 3050/3512/1293 3054/4305/1879 3047/4298/1875
f 3047/4298/1875 3054/4305/1879 3059/4316/1886 3042/4301/1869
f 3042/4290/1869 3059/4313/1886 3052/3263/1118 3038/3266/1121
f 3074/3933/1615 3063/3932/1614 3069/4322/1890 3077/4334/1897
f 3077/4334/1897 3069/4322/1890 3065/4321/1887 3081/4337/1900
f 3081/4341/1900 3065/4318/1887 3062/3517/1299 3075/3520/1302
f 3087/3544/1326 3090/3543/1325 3092/5016/2447 3089/5017/2448
f 3089/5017/2448 3092/5016/2447 3093/5018/2449 3088/5019/2450
f 3088/5020/2450 3093/5021/2451 3091/3698/1470 3086/3539/1321
f 3090/3543/1325 3094/3537/1319 3096/5022/2452 3092/5016/2447
f 3092/5016/2447 3096/5022/2452 3097/5023/2453 3093/5018/2449
f 3093/5024/2451 3097/5025/2454 3095/3700/1472 3091/3698/1470
f 3094/3537/1319 3098/3534/1316 3100/5026/2455 3096/5022/2452
f 3096/5022/2452 3100/5026/2455 3101/5027/2456 3097/5023/2453
f 3097/5025/2454 3101/5028/2457 3099/3702/1474 3095/3700/1472
f 3098/3534/1316 3102/3533/1315 3104/5029/2458 3100/5026/2455
f 3100/5026/2455 3104/5029/2458 3105/5030/2459 3101/5027/2456
f 3101/5028/2457 3105/5031/2459 3103/3532/1314 3099/3702/1474
f 3106/3588/1370 3118/3589/1373 3120/5032/2460 3109/4350/1907
f 3109/4353/1910 3120/5033/2461 3121/5034/2462 3113/4354/1911
f 3113/4354/1911 3121/5034/2462 3119/3694/1378 3107/3697/1469
f 3118/3589/1373 3122/3904/1583 3124/5035/2463 3120/5032/2460
f 3120/5033/2461 3124/5036/2464 3125/5037/2465 3121/5034/2462
f 3121/5034/2462 3125/5037/2465 3123/3721/1480 3119/3694/1378
f 3122/3904/1583 3126/3929/1583 3128/5038/2463 3124/5035/2463
f 3124/5036/2464 3128/5039/2466 3129/5040/2467 3125/5037/2465
f 3125/5037/2465 3129/5040/2467 3127/3593/1378 3123/3721/1480
f 3126/3929/1583 3130/3930/1612 3134/4366/1919 3128/5038/2463
f 3128/5039/2466 3134/4375/1927 3139/4374/1926 3129/5040/2467
f 3129/5040/2467 3139/4374/1926 3132/3516/1298 3127/3593/1378
f 3143/3723/1481 3146/3584/1364 3148/5041/2468 3145/5042/2469
f 3145/5042/2469 3148/5041/2470 3149/5043/2471 3144/5044/2472
f 3144/5045/2472 3149/5046/2471 3147/3703/1475 3142/3531/1313
f 3146/3584/1364 3150/3582/1362 3152/5047/2473 3148/5041/2468
f 3148/5041/2470 3152/5047/2474 3153/5048/2475 3149/5043/2471
f 3149/5046/2471 3153/5049/2475 3151/3701/1473 3147/3703/1475
f 3150/3582/1362 3154/3580/1360 3156/5050/2476 3152/5047/2473
f 3152/5047/2474 3156/5050/2476 3157/5051/2477 3153/5048/2475
f 3153/5049/2475 3157/5052/2477 3155/3699/1471 3151/3701/1473
f 3154/3580/1360 3158/3579/1359 3160/5053/2478 3156/5050/2476
f 3156/5050/2476 3160/5053/2478 3161/5054/2479 3157/5051/2477
f 3157/5052/2477 3161/5055/2479 3159/3540/1322 3155/3699/1471
f 3830/3264/1119 3052/3263/1118 3060/4315/1884 3832/5056/2480
f 3832/5057/2480 3060/4311/1884 3056/4310/1883 3833/3038/2481
f 3833/3038/2481 3056/4310/1883 3051/3905/1585 3831/2947/1584
f 3835/2944/1296 3076/3514/1295 3084/4343/1903 3837/3039/2482
f 3837/3039/2482 3084/4343/1903 3080/4342/1902 3836/5058/2483
f 3836/5059/2483 3080/4339/1902 3075/3520/1302 3834/3519/1301
f 3703/3597/1381 3706/3665/1438 3708/5060/2484 3705/5061/2485
f 3705/5061/2486 3708/5060/2487 3709/5062/2488 3704/5063/2486
f 3704/5064/2489 3709/5065/2490 3707/3810/1551 3702/3809/1550
f 3167/3664/1437 3163/3596/1008 3165/5066/2125 3169/5067/2491
f 3169/5067/2491 3165/5066/2492 3164/5068/2493 3168/5069/2494
f 3168/5070/2494 3164/5071/2493 3162/3548/1330 3166/3547/1329
f 3706/3665/1438 3710/3598/1382 3712/5072/2495 3708/5060/2484
f 3708/5060/2487 3712/5072/2495 3713/5073/2496 3709/5062/2488
f 3709/5065/2490 3713/5074/2497 3711/3875/1553 3707/3810/1551
f 3171/3599/1383 3167/3664/1437 3169/5067/2491 3173/5075/2498
f 3173/5075/2498 3169/5067/2491 3168/5069/2494 3172/5076/2499
f 3172/5077/2132 3168/5070/2494 3166/3547/1329 3170/3578/1358
f 3710/3598/1382 3714/3601/1385 3716/5078/2500 3712/5072/2495
f 3712/5072/2495 3716/5078/2500 3717/5079/2501 3713/5073/2496
f 3713/5074/2497 3717/5080/2502 3715/3876/1554 3711/3875/1553
f 3175/3600/1384 3171/3599/1383 3173/5075/2498 3177/5081/2503
f 3177/5081/2503 3173/5075/2498 3172/5076/2499 3176/5082/2504
f 3176/5083/2504 3172/5077/2132 3170/3578/1358 3174/3577/1357
f 3714/3601/1385 3718/3603/1387 3720/5084/2505 3716/5078/2500
f 3716/5078/2500 3720/5084/2505 3721/5085/2506 3717/5079/2501
f 3717/5080/2502 3721/5086/2507 3719/3877/1555 3715/3876/1554
f 3179/3602/1386 3175/3600/1384 3177/5081/2503 3181/5087/2508
f 3181/5087/2508 3177/5081/2503 3176/5082/2504 3180/5088/2509
f 3180/5089/2509 3176/5083/2504 3174/3577/1357 3178/3576/1356
f 3718/3604/1387 3722/3607/1389 3724/5090/2510 3720/5091/2505
f 3720/5091/2505 3724/5090/2510 3725/5092/2511 3721/5093/2506
f 3721/5086/2507 3725/5094/2511 3723/3878/1556 3719/3877/1555
f 3183/3606/1388 3179/3605/1386 3181/5095/2508 3185/5096/2512
f 3185/5096/2512 3181/5095/2508 3180/5097/2509 3184/5098/2513
f 3184/5099/2513 3180/5089/2509 3178/3576/1356 3182/3575/1355
f 3722/3607/1389 3726/3609/1391 3728/5100/2514 3724/5090/2510
f 3724/5090/2510 3728/5100/2515 3729/5101/2516 3725/5092/2511
f 3725/5094/2511 3729/5102/2516 3727/3879/1557 3723/3878/1556
f 3187/3608/1390 3183/3606/1388 3185/5096/2512 3189/5103/2517
f 3189/5103/2155 3185/5096/2512 3184/5098/2513 3188/5104/2518
f 3188/5105/2518 3184/5099/2513 3182/3575/1355 3186/3574/1354
f 3726/3609/1391 3730/3611/1393 3732/5106/2519 3728/5100/2514
f 3728/5100/2515 3732/5106/2519 3733/5107/2520 3729/5101/2516
f 3729/5102/2516 3733/5108/2520 3731/3880/1558 3727/3879/1557
f 3191/3610/1392 3187/3608/1390 3189/5103/2517 3193/5109/2521
f 3193/5109/2522 3189/5103/2155 3188/5104/2518 3192/5110/2523
f 3192/5111/2523 3188/5105/2518 3186/3574/1354 3190/3573/1353
f 3730/3611/1393 3734/3613/1395 3736/5112/2524 3732/5106/2519
f 3732/5106/2519 3736/5112/2524 3737/5113/2525 3733/5107/2520
f 3733/5108/2520 3737/5114/2525 3735/3881/1559 3731/3880/1558
f 3195/3612/1394 3191/3610/1392 3193/5109/2521 3197/5115/2526
f 3197/5115/2527 3193/5109/2522 3192/5110/2523 3196/5116/2528
f 3196/5117/2528 3192/5111/2523 3190/3573/1353 3194/3572/1352
f 3734/3613/1395 3738/3615/1397 3740/5118/2529 3736/5112/2524
f 3736/5112/2524 3740/5118/2530 3741/5119/2531 3737/5113/2525
f 3737/5114/2525 3741/5120/2531 3739/3882/1560 3735/3881/1559
f 3199/3614/1396 3195/3612/1394 3197/5115/2526 3201/5121/2532
f 3201/5121/2533 3197/5115/2527 3196/5116/2528 3200/5122/2534
f 3200/5123/2534 3196/5117/2528 3194/3572/1352 3198/3571/1351
f 3738/3615/1397 3742/3617/1399 3744/5124/2535 3740/5118/2529
f 3740/5118/2530 3744/5124/2536 3745/5125/2537 3741/5119/2531
f 3741/5120/2531 3745/5126/2537 3743/3883/1561 3739/3882/1560
f 3203/3616/1398 3199/3614/1396 3201/5121/2532 3205/5127/2538
f 3205/5127/2539 3201/5121/2533 3200/5122/2534 3204/5128/2540
f 3204/5129/2540 3200/5123/2534 3198/3571/1351 3202/3570/1350
f 3742/3617/1399 3746/3619/1401 3748/5130/2541 3744/5124/2535
f 3744/5124/2536 3748/5130/2541 3749/5131/2542 3745/5125/2537
f 3745/5126/2537 3749/5132/2542 3747/3884/1562 3743/3883/1561
f 3207/3618/1400 3203/3616/1398 3205/5127/2538 3209/5133/2543
f 3209/5133/2543 3205/5127/2539 3204/5128/2540 3208/5134/2544
f 3208/5135/2544 3204/5129/2540 3202/3570/1350 3206/3569/1349
f 3746/3619/1401 3750/3621/1403 3752/5136/2545 3748/5130/2541
f 3748/5130/2541 3752/5136/2545 3753/5137/2546 3749/5131/2542
f 3749/5132/2542 3753/5138/2546 3751/3885/1563 3747/3884/1562
f 3211/3620/1402 3207/3618/1400 3209/5133/2543 3213/5139/2547
f 3213/5139/2547 3209/5133/2543 3208/5134/2544 3212/5140/2548
f 3212/5141/2548 3208/5135/2544 3206/3569/1349 3210/3568/1348
f 3750/3622/1403 3754/3625/1405 3756/5142/2549 3752/5143/2545
f 3752/5143/2545 3756/5142/2549 3757/5144/2550 3753/5145/2546
f 3753/5138/2546 3757/5146/2550 3755/3886/1564 3751/3885/1563
f 3215/3624/1404 3211/3623/1402 3213/5147/2547 3217/5148/2551
f 3217/5148/2551 3213/5147/2547 3212/5149/2548 3216/5150/2552
f 3216/5151/2552 3212/5141/2548 3210/3568/1348 3214/3567/1347
f 3754/3625/1405 3758/3627/1407 3760/5152/2553 3756/5142/2549
f 3756/5142/2549 3760/5152/2553 3761/5153/2554 3757/5144/2550
f 3757/5146/2550 3761/5154/2555 3759/3887/1565 3755/3886/1564
f 3219/3626/1406 3215/3624/1404 3217/5148/2551 3221/5155/2556
f 3221/5155/2557 3217/5148/2551 3216/5150/2552 3220/5156/2558
f 3220/5157/2558 3216/5151/2552 3214/3567/1347 3218/3566/1346
f 3758/3627/1407 3762/3629/1409 3764/5158/2559 3760/5152/2553
f 3760/5152/2553 3764/5158/2559 3765/5159/2560 3761/5153/2554
f 3761/5154/2555 3765/5160/2560 3763/3888/1566 3759/3887/1565
f 3223/3628/1408 3219/3626/1406 3221/5155/2556 3225/5161/2561
f 3225/5161/2562 3221/5155/2557 3220/5156/2558 3224/5162/2563
f 3224/5163/2563 3220/5157/2558 3218/3566/1346 3222/3565/1345
f 3762/3629/1409 3766/3631/1411 3768/5164/2564 3764/5158/2559
f 3764/5158/2559 3768/5164/2564 3769/5165/2565 3765/5159/2560
f 3765/5160/2560 3769/5166/2565 3767/3889/1567 3763/3888/1566
f 3227/3630/1410 3223/3628/1408 3225/5161/2561 3229/5167/2566
f 3229/5167/2566 3225/5161/2562 3224/5162/2563 3228/5168/2567
f 3228/5169/2567 3224/5163/2563 3222/3565/1345 3226/3564/1344
f 3766/3631/1411 3770/3633/1413 3772/5170/2568 3768/5164/2564
f 3768/5164/2564 3772/5170/2568 3773/5171/2569 3769/5165/2565
f 3769/5166/2565 3773/5172/2570 3771/3890/1568 3767/3889/1567
f 3231/3632/1412 3227/3630/1410 3229/5167/2566 3233/5173/2571
f 3233/5173/2571 3229/5167/2566 3228/5168/2567 3232/5174/2572
f 3232/5175/2573 3228/5169/2567 3226/3564/1344 3230/3563/1343
f 3770/3633/1413 3774/3635/1415 3776/5176/2574 3772/5170/2568
f 3772/5170/2568 3776/5176/2574 3777/5177/2575 3773/5171/2569
f 3773/5172/2570 3777/5178/2575 3775/3891/1569 3771/3890/1568
f 3235/3634/1414 3231/3632/1412 3233/5173/2571 3237/5179/2576
f 3237/5179/2576 3233/5173/2571 3232/5174/2572 3236/5180/2577
f 3236/5181/2577 3232/5175/2573 3230/3563/1343 3234/3562/1342
f 3774/3635/1415 3778/3637/1417 3780/5182/2578 3776/5176/2574
f 3776/5176/2574 3780/5182/2579 3781/5183/2580 3777/5177/2575
f 3777/5178/2575 3781/5184/2580 3779/3892/1570 3775/3891/1569
f 3239/3636/1416 3235/3634/1414 3237/5179/2576 3241/5185/2581
f 3241/5185/2582 3237/5179/2576 3236/5180/2577 3240/5186/2583
f 3240/5187/2583 3236/5181/2577 3234/3562/1342 3238/3561/1341
f 3778/3637/1417 3782/3639/1419 3784/5188/2584 3780/5182/2578
f 3780/5182/2579 3784/5188/2584 3785/5189/2585 3781/5183/2580
f 3781/5184/2580 3785/5190/2585 3783/3893/1571 3779/3892/1570
f 3243/3638/1418 3239/3636/1416 3241/5185/2581 3245/5191/2586
f 3245/5191/2586 3241/5185/2582 3240/5186/2583 3244/5192/2587
f 3244/5193/2587 3240/5187/2583 3238/3561/1341 3242/3560/1340
f 3782/3640/1419 3786/3643/1421 3788/5194/2588 3784/5195/2584
f 3784/5195/2584 3788/5194/2588 3789/5196/2589 3785/5197/2585
f 3785/5190/2585 3789/5198/2589 3787/3894/1572 3783/3893/1571
f 3247/3642/1420 3243/3641/1418 3245/5199/2586 3249/5200/2590
f 3249/5200/2590 3245/5199/2586 3244/5201/2587 3248/5202/2591
f 3248/5203/2591 3244/5193/2587 3242/3560/1340 3246/3559/1339
f 3786/3643/1421 3790/3645/1423 3792/5204/2592 3788/5194/2588
f 3788/5194/2588 3792/5204/2592 3793/5205/2593 3789/5196/2589
f 3789/5198/2589 3793/5206/2593 3791/3895/1573 3787/3894/1572
f 3251/3644/1422 3247/3642/1420 3249/5200/2590 3253/5207/2594
f 3253/5207/2594 3249/5200/2590 3248/5202/2591 3252/5208/2595
f 3252/5209/2595 3248/5203/2591 3246/3559/1339 3250/3558/1338
f 3790/3645/1423 3794/3647/1425 3796/5210/2596 3792/5204/2592
f 3792/5204/2592 3796/5210/2597 3797/5211/2598 3793/5205/2593
f 3793/5206/2593 3797/5212/2598 3795/3896/1574 3791/3895/1573
f 3255/3646/1424 3251/3644/1422 3253/5207/2594 3257/5213/2599
f 3257/5213/2599 3253/5207/2594 3252/5208/2595 3256/5214/2600
f 3256/5215/2600 3252/5209/2595 3250/3558/1338 3254/3557/1337
f 3794/3647/1425 3798/3649/1056 3800/5216/2601 3796/5210/2596
f 3796/5210/2597 3800/5216/2602 3801/5217/2603 3797/5211/2598
f 3797/5212/2598 3801/5218/2603 3799/3897/1575 3795/3896/1574
f 3259/3648/1426 3255/3646/1424 3257/5213/2599 3261/5219/2604
f 3261/5219/2604 3257/5213/2599 3256/5214/2600 3260/5220/2605
f 3260/5221/2605 3256/5215/2600 3254/3557/1337 3258/3556/1336
f 3798/3649/1056 3802/3651/1058 3804/5222/2606 3800/5216/2601
f 3800/5216/2602 3804/5222/2607 3805/5223/2608 3801/5217/2603
f 3801/5218/2603 3805/5224/2608 3803/3898/1576 3799/3897/1575
f 3263/3650/1057 3259/3648/1426 3261/5219/2604 3265/5225/2609
f 3265/5225/2610 3261/5219/2604 3260/5220/2605 3264/5226/2611
f 3264/5227/2611 3260/5221/2605 3258/3556/1336 3262/3555/1335
f 3802/3651/1058 3806/3653/1428 3808/5228/2612 3804/5222/2606
f 3804/5222/2607 3808/5228/2612 3809/5229/2613 3805/5223/2608
f 3805/5224/2608 3809/5230/2613 3807/3899/1577 3803/3898/1576
f 3267/3652/1427 3263/3650/1057 3265/5225/2609 3269/5231/2614
f 3269/5231/2614 3265/5225/2610 3264/5226/2611 3268/5232/2615
f 3268/5233/2615 3264/5227/2611 3262/3555/1335 3266/3554/1334
f 3806/3653/1428 3810/3655/1430 3812/5234/2616 3808/5228/2612
f 3808/5228/2612 3812/5234/2616 3813/5235/2617 3809/5229/2613
f 3809/5230/2613 3813/5236/2618 3811/3900/1578 3807/3899/1577
f 3271/3654/1429 3267/3652/1427 3269/5231/2614 3273/5237/2619
f 3273/5237/2619 3269/5231/2614 3268/5232/2615 3272/5238/2620
f 3272/5239/2620 3268/5233/2615 3266/3554/1334 3270/3553/1333
f 3810/3655/1430 3814/3657/1432 3816/5240/2621 3812/5234/2616
f 3812/5234/2616 3816/5240/2621 3817/5241/2622 3813/5235/2617
f 3813/5236/2618 3817/5242/2623 3815/3901/1579 3811/3900/1578
f 3275/3656/1431 3271/3654/1429 3273/5237/2619 3277/5243/2624
f 3277/5243/2624 3273/5237/2619 3272/5238/2620 3276/5244/2625
f 3276/5245/2625 3272/5239/2620 3270/3553/1333 3274/3552/1332
f 3814/3658/1432 3818/3661/1434 3820/5246/2626 3816/5247/2621
f 3816/5247/2621 3820/5246/2626 3821/5248/2627 3817/5249/2622
f 3817/5242/2623 3821/5250/2628 3819/3902/1580 3815/3901/1579
f 3279/3660/1433 3275/3659/1431 3277/5251/2624 3281/5252/2629
f 3281/5252/2629 3277/5251/2624 3276/5253/2625 3280/5254/2630
f 3280/5255/2630 3276/5245/2625 3274/3552/1332 3278/3551/1331
f 3818/3661/1434 3822/3663/1436 3824/5256/2631 3820/5246/2626
f 3820/5246/2626 3824/5256/2631 3825/5257/2632 3821/5248/2627
f 3821/5250/2628 3825/5258/2633 3823/3903/1581 3819/3902/1580
f 3283/3662/1435 3279/3660/1433 3281/5252/2629 3285/5259/2634
f 3285/5259/2634 3281/5252/2629 3280/5254/2630 3284/5260/2635
f 3284/5261/2277 3280/5255/2630 3278/3551/1331 3282/3550/1220
f 3822/3663/1436 3826/3594/1379 3828/5262/2636 3824/5256/2631
f 3824/5256/2631 3828/5262/2637 3829/5263/2638 3825/5257/2632
f 3825/5258/2633 3829/5264/2639 3827/3874/1552 3823/3903/1581
f 3287/3595/1380 3283/3662/1435 3285/5259/2634 3289/5265/2640
f 3289/5265/2641 3285/5259/2634 3284/5260/2635 3288/5266/2642
f 3288/5267/2643 3284/5261/2277 3282/3550/1220 3286/3549/1191
f 3826/3594/1379 3703/3597/1381 3705/5061/2485 3828/5262/2636
f 3828/5262/2637 3705/5061/2486 3704/5063/2486 3829/5263/2638
f 3829/5264/2639 3704/5064/2489 3702/3809/1550 3827/3874/1552
f 3163/3596/1008 3287/3595/1380 3289/5265/2640 3165/5066/2125
f 3165/5066/2492 3289/5265/2641 3288/5266/2642 3164/5068/2493
f 3164/5071/2493 3288/5267/2643 3286/3549/1191 3162/3548/1330
f 3344/3678/1451 3335/3529/1311 3337/5268/2644 3351/4430/1963
f 3351/4431/1963 3337/5269/2644 3336/5270/2645 3346/4422/1957
f 3346/4422/1957 3336/5270/2645 3334/3908/1590 3342/3912/1594
f 3295/3530/1312 3323/3679/1452 3329/4414/1949 3297/5271/2646
f 3297/5272/2647 3329/4410/1949 3325/4407/1946 3296/5273/2648
f 3296/5273/2648 3325/4407/1946 3322/3914/1596 3294/3913/1595
f 3323/3679/1452 3344/3678/1451 3352/4428/1961 3328/4412/1951
f 3328/4412/1951 3352/4428/1961 3348/4425/1960 3332/4415/1952
f 3332/4415/1952 3348/4425/1960 3343/3674/1447 3324/3677/1450
f 3356/3675/1448 3343/3674/1447 3349/4427/1958 3363/4445/1972
f 3363/4446/1973 3349/4423/1958 3345/4420/1955 3358/4435/1966
f 3358/4435/1966 3345/4420/1955 3342/3912/1594 3354/3911/1593
f 3324/3677/1450 3311/3676/1449 3317/4399/1940 3331/4417/1954
f 3331/4418/1954 3317/4395/1940 3313/4392/1937 3326/4409/1948
f 3326/4409/1948 3313/4392/1937 3310/3915/1597 3322/3914/1596
f 3311/3676/1449 3356/3675/1448 3364/4442/1970 3316/4397/1942
f 3316/4397/1942 3364/4442/1970 3360/4441/1969 3320/4400/1943
f 3320/4404/1943 3360/4438/1969 3355/3668/1441 3312/3671/1444
f 3368/3669/1442 3355/3668/1441 3361/4440/1967 3375/4458/1982
f 3375/4461/1982 3361/4436/1967 3357/4433/1964 3370/4450/1976
f 3370/4450/1976 3357/4433/1964 3354/3911/1593 3366/3910/1592
f 3312/3671/1444 3299/3670/1443 3305/4384/1931 3319/4402/1945
f 3319/4405/1945 3305/4380/1931 3301/4377/1928 3314/4394/1939
f 3314/4394/1939 3301/4377/1928 3298/3916/1598 3310/3915/1597
f 3299/3670/1443 3368/3669/1442 3376/4460/1980 3304/4382/1933
f 3304/4385/1933 3376/4456/1980 3372/4453/1979 3308/4386/1934
f 3308/4386/1934 3372/4453/1979 3367/3666/1439 3300/3667/1440
f 3339/3511/1292 3367/3666/1439 3373/4455/1977 3341/5274/2649
f 3341/5275/2649 3373/4451/1977 3369/4448/1974 3340/5276/2650
f 3340/5276/2650 3369/4448/1974 3366/3910/1592 3338/3909/1591
f 3300/3667/1440 3291/3510/1291 3293/5277/2651 3307/4389/1936
f 3307/4390/1936 3293/5278/2651 3292/5279/2652 3302/4379/1930
f 3302/4379/1930 3292/5279/2652 3290/3917/1599 3298/3916/1598
f 3388/3672/1445 3379/3541/1323 3381/5280/2653 3395/4473/1991
f 3395/4474/1991 3381/5281/2653 3380/5282/2654 3390/4465/1985
f 3390/4465/1985 3380/5282/2654 3378/3919/1601 3386/3923/1605
f 3427/3542/1324 3455/3673/1446 3461/4544/2036 3429/5283/2655
f 3429/5284/2655 3461/4540/2033 3457/4537/2030 3428/5285/2656
f 3428/5285/2656 3457/4537/2030 3454/3925/1607 3426/3924/1606
f 3455/3673/1446 3388/3672/1445 3396/4471/1989 3460/4542/2035
f 3460/4542/2035 3396/4471/1989 3392/4468/1988 3464/4545/2037
f 3464/4545/2037 3392/4468/1988 3387/3690/1465 3456/3693/1468
f 3400/3691/1466 3387/3690/1465 3393/4470/1986 3407/4488/2000
f 3407/4489/2000 3393/4466/1986 3389/4463/1983 3402/4478/1994
f 3402/4478/1994 3389/4463/1983 3386/3923/1605 3398/3922/1604
f 3456/3693/1468 3443/3692/1467 3449/4529/2024 3463/4547/2039
f 3463/4548/2039 3449/4525/2024 3445/4522/2021 3458/4539/2032
f 3458/4539/2032 3445/4522/2021 3442/3926/1608 3454/3925/1607
f 3443/3692/1467 3400/3691/1466 3408/4485/1998 3448/4527/2026
f 3448/4527/2026 3408/4485/1998 3404/4484/1997 3452/4530/2027
f 3452/4534/2027 3404/4481/1997 3399/3684/1457 3444/3687/1460
f 3412/3685/1458 3399/3684/1457 3405/4483/1995 3419/4501/2009
f 3419/4504/2009 3405/4479/1995 3401/4476/1992 3414/4493/2003
f 3414/4493/2003 3401/4476/1992 3398/3922/1604 3410/3921/1603
f 3444/3687/1460 3431/3686/1459 3437/4514/2013 3451/4532/2029
f 3451/4535/2029 3437/4510/2013 3433/4507/2010 3446/4524/2023
f 3446/4524/2023 3433/4507/2010 3430/3927/1609 3442/3926/1608
f 3431/3686/1459 3412/3685/1458 3420/4503/2007 3436/4512/2016
f 3436/5286/2016 3420/4499/2007 3416/4496/2006 3440/4516/2017
f 3440/4516/2017 3416/4496/2006 3411/3680/1453 3432/3683/1456
f 3383/3681/1454 3411/3680/1453 3417/4498/2004 3385/5287/2657
f 3385/5288/2657 3417/4494/2004 3413/4491/2001 3384/5289/2658
f 3384/5289/2658 3413/4491/2001 3410/3921/1603 3382/3920/1602
f 3432/3683/1456 3423/3682/1455 3425/5290/2659 3439/4519/2019
f 3439/4520/2019 3425/5291/2659 3424/5292/2660 3434/4509/2020
f 3434/4509/2012 3424/5292/2661 3422/3928/1610 3430/3927/1609
f 3335/3529/1311 3103/3532/1314 3105/5031/2459 3337/5268/2644
f 3337/5269/2644 3105/5030/2459 3104/5029/2458 3336/5270/2645
f 3336/5270/2645 3104/5029/2458 3102/3533/1315 3334/3908/1590
f 3142/3531/1313 3295/3530/1312 3297/5271/2646 3144/5045/2472
f 3144/5044/2472 3297/5272/2647 3296/5273/2648 3145/5042/2469
f 3145/5042/2469 3296/5273/2648 3294/3913/1595 3143/3723/1481
f 3291/3510/1291 3040/3513/1294 3048/4300/2662 3293/5277/2651
f 3293/5278/2651 3048/4296/2662 3044/4295/2663 3292/5279/2652
f 3292/5279/2652 3044/4295/1872 3039/3525/1307 3290/3917/1599
f 3050/3512/1293 3339/3511/1292 3341/5274/2649 3053/4303/1877
f 3053/4306/1877 3341/5275/2649 3340/5276/2650 3057/4307/2664
f 3057/4307/1881 3340/5276/2650 3338/3909/1591 3051/3905/1585
f 3086/3539/1321 3427/3542/1324 3429/5283/2655 3088/5020/2450
f 3088/5019/2450 3429/5284/2655 3428/5285/2656 3089/5017/2448
f 3089/5017/2448 3428/5285/2656 3426/3924/1606 3087/3544/1326
f 3379/3541/1323 3159/3540/1322 3161/5055/2479 3381/5280/2653
f 3381/5281/2653 3161/5054/2479 3160/5053/2478 3380/5282/2654
f 3380/5282/2654 3160/5053/2478 3158/3579/1359 3378/3919/1601
f 3423/3682/1455 3074/3933/1615 3078/4336/2665 3425/5290/2659
f 3425/5293/2659 3078/4347/2665 3083/4346/2666 3424/5292/2660
f 3424/5292/2661 3083/4346/1905 3076/3514/1295 3422/3928/1610
f 3063/3932/1614 3383/3681/1454 3385/5287/2657 3068/4325/1892
f 3068/4326/1892 3385/5288/2657 3384/5289/2658 3072/4327/2667
f 3072/4327/1894 3384/5289/2658 3382/3920/1602 3064/3524/1306
f 3107/3697/1469 3467/3536/1318 3473/4554/2668 3112/4357/1913
f 3112/4357/1913 3473/4554/2669 3469/4553/2670 3116/4358/1914
f 3116/4362/1914 3469/4550/2670 3466/3906/1586 3108/3907/1589
f 3131/3586/1366 3490/3587/1369 3494/4565/2671 3136/4369/1922
f 3136/5294/1923 3494/4575/2672 3499/4573/2673 3140/4371/1924
f 3140/4371/1924 3499/4573/2673 3492/3545/1327 3132/3516/1298
f 3487/3546/1328 3492/3545/1327 3500/4574/2674 3489/5295/2675
f 3489/5295/2675 3500/4574/2674 3496/4569/2676 3488/5296/2677
f 3488/5297/2677 3496/4568/2678 3491/3590/1374 3486/3591/1377
f 3483/3538/1320 3487/3546/1328 3489/5295/2675 3485/5298/2679
f 3485/5298/2679 3489/5295/2675 3488/5296/2677 3484/5299/2680
f 3484/5300/2680 3488/5297/2677 3486/3591/1377 3482/3720/1479
f 3479/3535/1317 3483/3538/1320 3485/5298/2679 3481/5301/2681
f 3481/5301/2681 3485/5298/2679 3484/5299/2680 3480/5302/2682
f 3480/5303/2682 3484/5300/2680 3482/3720/1479 3478/3688/1461
f 3467/3536/1318 3479/3535/1317 3481/5301/2681 3472/4557/2683
f 3472/4557/2683 3481/5301/2681 3480/5302/2682 3476/4558/2684
f 3476/4562/2684 3480/5303/2682 3478/3688/1461 3468/3689/1464
f 3108/3907/1589 3503/3447/1588 3505/3730/2685 3115/4360/1916
f 3115/4360/1916 3505/3730/2685 3504/3729/2686 3110/4352/1909
f 3110/4352/1909 3504/3729/2686 3502/3133/1371 3106/3588/1370
f 3510/3448/1587 3466/3906/1586 3470/4552/2687 3512/3725/2687
f 3512/3725/2688 3470/4552/2688 3475/4560/2688 3513/3726/2688
f 3513/3726/2689 3475/4560/2689 3468/3689/1464 3511/3238/1463
f 3130/3930/1612 3507/3465/1611 3509/3711/2690 3133/4364/1917
f 3133/4364/1917 3509/3711/2690 3508/3710/2691 3137/4367/1920
f 3137/4367/1920 3508/3710/2691 3506/3129/1367 3131/3586/1366
f 3490/3587/1369 3515/3128/1368 3517/3707/2692 3493/4563/2692
f 3493/4563/2693 3517/3707/2693 3516/3706/2693 3497/4566/2693
f 3497/4566/2694 3516/3706/2694 3514/3137/1375 3491/3590/1374
f 3547/3733/1483 3554/3732/1482 3559/4590/2072 3549/5304/2695
f 3549/5304/2696 3559/4590/2697 3567/4596/2697 3548/5305/2698
f 3543/3968/1648 3547/3733/1483 3549/5304/2695 3545/5306/2699
f 3545/5306/2700 3549/5304/2696 3548/5307/2698 3544/5308/2701
f 3521/3719/1477 3846/3718/1476 3848/5309/2702 3531/4585/2068
f 3531/4585/2703 3848/5309/2704 3849/5310/2705 3523/4586/2703
f 3846/3718/1476 3850/3735/1485 3852/5311/2706 3848/5309/2702
f 3848/5309/2704 3852/5311/2707 3853/5312/2708 3849/5310/2705
f 3850/3735/1485 3854/3969/1649 3856/5313/2709 3852/5311/2706
f 3852/5311/2707 3856/5313/2710 3857/5314/2710 3853/5312/2708
f 3854/3969/1649 3543/3968/1648 3545/5306/2699 3856/5313/2709
f 3856/5313/2710 3545/5306/2700 3544/5308/2701 3857/5314/2710
f 3578/3934/1616 3574/3965/1645 3576/5315/2711 3580/5316/2712
f 3580/5317/2712 3576/5318/2711 3577/5319/2713 3581/5320/2714
f 3581/5320/2715 3577/5319/2713 3575/3738/1488 3579/3807/1549
f 3582/3935/1617 3578/3934/1616 3580/5316/2712 3584/5321/2716
f 3584/5322/2716 3580/5317/2712 3581/5320/2714 3585/5323/2717
f 3585/5323/2717 3581/5320/2715 3579/3807/1549 3583/3743/1493
f 3586/3936/1618 3582/3935/1617 3584/5321/2716 3588/5324/2718
f 3588/5325/2719 3584/5322/2716 3585/5323/2717 3589/5326/2720
f 3589/5326/2720 3585/5323/2717 3583/3743/1493 3587/3742/1492
f 3590/3937/1619 3586/3936/1618 3588/5324/2718 3592/5327/2721
f 3592/5328/2721 3588/5325/2719 3589/5326/2720 3593/5329/2722
f 3593/5329/2722 3589/5326/2720 3587/3742/1492 3591/3745/1495
f 3594/3938/1620 3590/3937/1619 3592/5327/2721 3596/5330/2723
f 3596/5331/2723 3592/5332/2721 3593/5333/2722 3597/5334/2724
f 3597/5334/2725 3593/5333/2722 3591/3749/1495 3595/3748/1497
f 3598/3939/1621 3594/3938/1620 3596/5330/2723 3600/5335/2726
f 3600/5336/2726 3596/5331/2723 3597/5334/2724 3601/5337/2727
f 3601/5337/2728 3597/5334/2725 3595/3748/1497 3599/3751/1499
f 3602/3940/1622 3598/3939/1621 3600/5335/2726 3604/5338/2729
f 3604/5339/2729 3600/5336/2726 3601/5337/2727 3605/5340/2730
f 3605/5340/2730 3601/5337/2728 3599/3751/1499 3603/3753/1501
f 3606/3941/1623 3602/3940/1622 3604/5338/2729 3608/5341/2731
f 3608/5342/2732 3604/5339/2729 3605/5340/2730 3609/5343/2733
f 3609/5343/2733 3605/5340/2730 3603/3753/1501 3607/3755/1503
f 3610/3942/1624 3606/3941/1623 3608/5341/2731 3612/5344/2734
f 3612/5345/2735 3608/5342/2732 3609/5343/2733 3613/5346/2736
f 3613/5346/2736 3609/5343/2733 3607/3755/1503 3611/3757/1505
f 3614/3943/1625 3610/3942/1624 3612/5344/2734 3616/5347/2737
f 3616/5348/2738 3612/5345/2735 3613/5346/2736 3617/5349/2739
f 3617/5349/2739 3613/5346/2736 3611/3757/1505 3615/3759/1507
f 3618/3944/1626 3614/3943/1625 3616/5347/2737 3620/5350/2740
f 3620/5351/2740 3616/5348/2738 3617/5349/2739 3621/5352/2741
f 3621/5352/2742 3617/5349/2739 3615/3759/1507 3619/3761/1509
f 3622/3945/1627 3618/3944/1626 3620/5350/2740 3624/5353/2743
f 3624/5354/2743 3620/5351/2740 3621/5352/2741 3625/5355/2744
f 3625/5355/2744 3621/5352/2742 3619/3761/1509 3623/3763/1511
f 3626/3946/1628 3622/3945/1627 3624/5353/2743 3628/5356/2745
f 3628/5357/2746 3624/5358/2743 3625/5359/2744 3629/5360/2747
f 3629/5360/2747 3625/5359/2744 3623/3767/1511 3627/3766/1513
f 3630/3947/1629 3626/3946/1628 3628/5356/2745 3632/5361/2748
f 3632/5362/2749 3628/5357/2746 3629/5360/2747 3633/5363/2750
f 3633/5363/2750 3629/5360/2747 3627/3766/1513 3631/3769/1515
f 3634/3948/1630 3630/3947/1629 3632/5361/2748 3636/5364/2751
f 3636/5365/2752 3632/5362/2749 3633/5363/2750 3637/5366/2753
f 3637/5366/2753 3633/5363/2750 3631/3769/1515 3635/3771/1517
f 3638/3949/1631 3634/3948/1630 3636/5364/2751 3640/5367/2754
f 3640/5368/2754 3636/5365/2752 3637/5366/2753 3641/5369/2755
f 3641/5369/2755 3637/5366/2753 3635/3771/1517 3639/3773/1519
f 3642/3950/1632 3638/3949/1631 3640/5367/2754 3644/5370/2756
f 3644/5371/2756 3640/5368/2754 3641/5369/2755 3645/5372/2757
f 3645/5372/2757 3641/5369/2755 3639/3773/1519 3643/3775/1521
f 3646/3951/1633 3642/3950/1632 3644/5370/2756 3648/5373/2758
f 3648/5374/2759 3644/5371/2756 3645/5372/2757 3649/5375/2760
f 3649/5375/2760 3645/5372/2757 3643/3775/1521 3647/3777/1523
f 3650/3952/1634 3646/3951/1633 3648/5373/2758 3652/5376/2761
f 3652/5377/2762 3648/5374/2759 3649/5375/2760 3653/5378/2763
f 3653/5378/2763 3649/5375/2760 3647/3777/1523 3651/3779/1525
f 3654/3953/1635 3650/3952/1634 3652/5376/2761 3656/5379/2764
f 3656/5380/2764 3652/5377/2762 3653/5378/2763 3657/5381/2765
f 3657/5381/2765 3653/5378/2763 3651/3779/1525 3655/3781/1527
f 3658/3954/1636 3654/3953/1635 3656/5379/2764 3660/5382/2766
f 3660/5383/2766 3656/5384/2764 3657/5385/2765 3661/5386/2767
f 3661/5386/2768 3657/5385/2765 3655/3785/1527 3659/3784/1529
f 3662/3955/1637 3658/3954/1636 3660/5382/2766 3664/5387/2769
f 3664/5388/2770 3660/5383/2766 3661/5386/2767 3665/5389/2771
f 3665/5389/2771 3661/5386/2768 3659/3784/1529 3663/3787/1531
f 3666/3956/1638 3662/3955/1637 3664/5387/2769 3668/5390/2772
f 3668/5391/2773 3664/5388/2770 3665/5389/2771 3669/5392/2774
f 3669/5392/2774 3665/5389/2771 3663/3787/1531 3667/3789/1533
f 3670/3957/1639 3666/3956/1638 3668/5390/2772 3672/5393/2775
f 3672/5394/2775 3668/5391/2773 3669/5392/2774 3673/5395/2776
f 3673/5395/2776 3669/5392/2774 3667/3789/1533 3671/3791/1535
f 3674/3958/1640 3670/3957/1639 3672/5393/2775 3676/5396/2777
f 3676/5397/2777 3672/5394/2775 3673/5395/2776 3677/5398/2778
f 3677/5398/2778 3673/5395/2776 3671/3791/1535 3675/3793/1537
f 3678/3959/2779 3674/3958/2779 3676/5396/2777 3680/5399/2780
f 3680/5400/2780 3676/5397/2777 3677/5398/2778 3681/5401/2781
f 3681/5401/2781 3677/5398/2778 3675/3793/1537 3679/3795/1539
f 3682/3960/2782 3678/3959/2783 3680/5399/2780 3684/5402/2784
f 3684/5403/2784 3680/5400/2780 3681/5401/2781 3685/5404/2785
f 3685/5404/2785 3681/5401/2781 3679/3795/1539 3683/3797/1541
f 3686/3961/2786 3682/3960/2782 3684/5402/2784 3688/5405/2787
f 3688/5406/2787 3684/5403/2784 3685/5404/2785 3689/5407/2788
f 3689/5407/2788 3685/5404/2785 3683/3797/1541 3687/3799/1543
f 3690/3962/2789 3686/3961/2789 3688/5405/2787 3692/5408/2790
f 3692/5409/2790 3688/5410/2787 3689/5411/2788 3693/5412/2791
f 3693/5412/2791 3689/5411/2788 3687/3803/1543 3691/3802/1545
f 3694/3963/1643 3690/3962/1642 3692/5408/2792 3696/5413/2793
f 3696/5414/2793 3692/5409/2790 3693/5412/2791 3697/5415/2794
f 3697/5415/2794 3693/5412/2791 3691/3802/1545 3695/3805/1547
f 3698/3964/1644 3694/3963/1643 3696/5413/2793 3700/5416/2795
f 3700/5417/2795 3696/5414/2793 3697/5415/2794 3701/5418/2796
f 3701/5418/2796 3697/5415/2794 3695/3805/1547 3699/3739/1489
f 3574/3965/1645 3698/3964/1644 3700/5416/2795 3576/5315/2711
f 3576/5318/2711 3700/5417/2795 3701/5418/2796 3577/5319/2713
f 3577/5319/2713 3701/5418/2796 3699/3739/1489 3575/3738/1488
f 3534/3970/1650 3830/3264/1119 3832/5056/2480 3536/5419/2797
f 3536/5419/2797 3832/5056/2480 3833/5420/2481 3537/5421/2798
f 3573/5422/2799 3837/5423/2482 3836/5059/2483 3572/5424/2800
f 3572/5424/2800 3836/5059/2483 3834/3519/1301 3570/3967/1647
f 3038/3266/1121 3838/3265/1120 3840/5425/2801 3041/4288/1867
f 3041/4291/1867 3840/5426/2801 3841/5427/2802 3045/4292/1870
f 3045/4292/1870 3841/5427/2803 3839/3526/1308 3039/3525/1307
f 3064/3524/1306 3842/3523/1305 3844/5428/2804 3071/4330/1896
f 3071/4330/1896 3844/5428/2805 3845/5429/2806 3066/4331/1889
f 3066/4320/1889 3845/5430/2806 3843/3518/1300 3062/3517/1299
f 3842/3523/1305 3521/3719/1477 3532/4582/2066 3844/5428/2804
f 3844/5428/2805 3532/4582/2066 3528/4581/2063 3845/5429/2806
f 3845/5431/2806 3528/4580/2063 3520/3966/1646 3843/3518/1300
f 3570/3967/1647 3520/3966/1646 3529/4578/2065 3572/5424/2800
f 3572/5424/2807 3529/4578/2061 3525/3001/2060 3573/3048/2807
f 3838/3265/1120 3555/3971/1651 3562/4595/2074 3840/5425/2801
f 3840/5426/2801 3562/4591/2074 3558/4588/2073 3841/5427/2802
f 3841/5427/2803 3558/4588/2070 3554/3732/1482 3839/3526/1308
f 3555/3971/1651 3534/3970/1650 3536/5419/2797 3561/4593/2077
f 3561/4593/2078 3536/5419/2808 3537/3049/2808 3565/3008/2079
f 2247/3994/1668 2234/3972/1652 3019/3507/1288 3010/3506/1287
usemtl Material.001
f 1951/5432/2809 1952/5433/2810 2132/5434/2810 2131/5435/2809
f 1938/5436/2811 1939/5437/2812 2119/5438/2812 2118/5439/2811
f 1965/5440/2813 1966/5441/2814 2146/5442/2814 2145/5443/2813
f 1952/5433/2810 1953/5444/2815 2133/5445/2815 2132/5434/2810
f 1939/5437/2812 1940/5446/2816 2120/5447/2816 2119/5438/2812
f 1966/5441/2814 1967/5448/2817 2147/5449/2817 2146/5442/2814
f 1953/5444/2815 1954/5450/2818 2134/5451/2818 2133/5445/2815
f 1940/5446/2816 1941/5452/2819 2121/5453/2819 2120/5447/2816
f 1967/5448/2817 1968/5454/2820 2148/5455/2820 2147/5449/2817
f 1954/5450/2818 1955/5456/2821 2135/5457/2821 2134/5451/2818
f 1941/5458/2819 1942/5459/2822 2122/5460/2822 2121/5461/2819
f 1968/5454/2820 1937/5462/2823 2117/5463/2823 2148/5455/2820
f 1955/5456/2821 1956/5464/2824 2136/5465/2824 2135/5457/2821
f 1942/5459/2822 1943/5466/2825 2123/5467/2825 2122/5460/2822
f 1956/5464/2824 1957/5468/2826 2137/5469/2826 2136/5465/2824
f 1943/5466/2825 1944/5470/2827 2124/5471/2827 2123/5467/2825
f 1957/5472/2826 1958/5473/2828 2138/5474/2828 2137/5475/2826
f 1944/5470/2827 1945/5476/2829 2125/5477/2829 2124/5471/2827
f 1958/5473/2828 1959/5478/2830 2139/5479/2830 2138/5474/2828
f 1945/5476/2829 1946/5480/2831 2126/5481/2831 2125/5477/2829
f 1959/5478/2830 1960/5482/2832 2140/5483/2832 2139/5479/2830
f 1946/5480/2831 1947/5484/2833 2127/5485/2833 2126/5481/2831
f 1960/5482/2832 1961/5486/2834 2141/5487/2834 2140/5483/2832
f 1947/5484/2833 1948/5488/2835 2128/5489/2835 2127/5485/2833
f 1961/5486/2834 1962/5490/2836 2142/5491/2836 2141/5487/2834
f 1948/5488/2835 1949/5492/2837 2129/5493/2837 2128/5489/2835
f 1962/5490/2836 1963/5494/2838 2143/5495/2838 2142/5491/2836
f 1949/5496/2837 1950/5497/2839 2130/5498/2839 2129/5499/2837
f 1963/5494/2838 1964/5500/2840 2144/5501/2840 2143/5495/2838
f 1950/5497/2839 1951/5432/2809 2131/5435/2809 2130/5498/2839
f 1937/5462/2823 1938/5436/2811 2118/5439/2811 2117/5463/2823
f 1964/5500/2840 1965/5502/2813 2145/5503/2813 2144/5501/2840
f 2099/5504/2841 2131/5435/2841 2132/5434/2842 2100/5505/2842
f 2117/5506/862 2148/5507/862 2147/5508/862 2146/5509/862 2145/5510/862 2144/5511/862 2143/5512/862 2142/5513/862 2141/5514/862 2140/5515/862 2139/5516/862 2138/5517/862 2137/5518/862 2136/5519/862 2135/5520/862 2134/5521/862 2133/5522/862 2132/5523/862 2131/5524/862 2130/5525/862 2129/5526/862 2128/5527/862 2127/5528/862 2126/5529/862 2125/5530/862 2124/5531/862 2123/5532/862 2122/5533/862 2121/5534/862 2120/5535/862 2119/5536/862 2118/5537/862
f 2086/5538/2843 2118/5439/2843 2119/5438/2844 2087/5539/2844
f 2113/5540/2845 2145/5443/2845 2146/5442/2846 2114/5541/2846
f 2100/5505/2842 2132/5434/2842 2133/5445/2847 2101/5542/2847
f 2087/5539/2844 2119/5438/2844 2120/5447/2848 2088/5543/2848
f 2114/5541/2846 2146/5442/2846 2147/5449/2849 2115/5544/2849
f 2101/5542/2847 2133/5445/2847 2134/5451/2850 2102/5545/2850
f 2088/5543/2848 2120/5447/2848 2121/5453/2851 2089/5546/2851
f 2115/5544/2849 2147/5449/2849 2148/5455/2852 2116/5547/2852
f 2102/5545/2850 2134/5451/2850 2135/5457/2853 2103/5548/2853
f 2089/5549/2851 2121/5461/2851 2122/5460/2854 2090/5550/2854
f 2116/5547/2852 2148/5455/2852 2117/5463/2855 2085/5551/2855
f 2103/5548/2853 2135/5457/2853 2136/5465/2856 2104/5552/2856
f 2090/5550/2854 2122/5460/2854 2123/5467/2857 2091/5553/2857
f 2104/5552/2856 2136/5465/2856 2137/5469/2858 2105/5554/2858
f 2091/5553/2857 2123/5467/2857 2124/5471/2859 2092/5555/2859
f 2105/5556/2858 2137/5475/2858 2138/5474/2860 2106/5557/2860
f 2092/5555/2859 2124/5471/2859 2125/5477/2861 2093/5558/2861
f 2106/5557/2860 2138/5474/2860 2139/5479/2862 2107/5559/2862
f 2093/5558/2861 2125/5477/2861 2126/5481/2863 2094/5560/2863
f 2107/5559/2862 2139/5479/2862 2140/5483/2864 2108/5561/2864
f 2094/5560/2863 2126/5481/2863 2127/5485/2865 2095/5562/2865
f 2108/5561/2864 2140/5483/2864 2141/5487/2866 2109/5563/2866
f 2095/5562/2865 2127/5485/2865 2128/5489/2867 2096/5564/2867
f 2109/5563/2866 2141/5487/2866 2142/5491/2868 2110/5565/2868
f 2096/5564/2867 2128/5489/2867 2129/5493/2869 2097/5566/2869
f 2110/5565/2868 2142/5491/2868 2143/5495/2870 2111/5567/2870
f 2097/5568/2869 2129/5499/2869 2130/5498/2871 2098/5569/2871
f 2111/5567/2870 2143/5495/2870 2144/5501/2872 2112/5570/2872
f 2098/5569/2871 2130/5498/2871 2131/5435/2841 2099/5504/2841
f 2085/5551/2855 2117/5463/2855 2118/5439/2843 2086/5538/2843
f 2112/5570/2872 2144/5501/2872 2145/5503/2845 2113/5571/2845
o Cylinder_Cylinder.011
v -1.032209 0.387292 -2.715739
v -0.863550 0.368725 -2.744359
v -1.034562 0.365921 -2.713621
v -0.866513 0.341804 -2.741691
v -1.036824 0.345371 -2.707350
v -0.869363 0.315917 -2.733791
v -1.038909 0.326432 -2.697166
v -0.871989 0.292060 -2.720962
v -1.040737 0.309832 -2.683460
v -0.874291 0.271150 -2.703697
v -1.042236 0.296209 -2.666760
v -0.876181 0.253988 -2.682660
v -1.043351 0.286086 -2.647707
v -0.877584 0.241237 -2.658659
v -1.044037 0.279852 -2.627033
v -0.878449 0.233384 -2.632616
v -1.044269 0.277747 -2.605533
v -0.878741 0.230733 -2.605533
v -1.044037 0.279852 -2.584033
v -0.878449 0.233384 -2.578449
v -1.043351 0.286086 -2.563359
v -0.877584 0.241237 -2.552406
v -1.042236 0.296209 -2.544305
v -0.876181 0.253988 -2.528405
v -1.040737 0.309832 -2.527605
v -0.874291 0.271150 -2.507368
v -1.038909 0.326432 -2.513899
v -0.871989 0.292060 -2.490103
v -1.036824 0.345371 -2.503715
v -0.869363 0.315917 -2.477274
v -1.034562 0.365921 -2.497444
v -0.866513 0.341804 -2.469374
v -1.032209 0.387292 -2.495326
v -0.863550 0.368725 -2.466707
v -1.029857 0.408663 -2.497444
v -0.860586 0.395646 -2.469374
v -1.027594 0.429213 -2.503715
v -0.857736 0.421532 -2.477274
v -1.025509 0.448152 -2.513899
v -0.855110 0.445389 -2.490103
v -1.023682 0.464752 -2.527605
v -0.852808 0.466300 -2.507368
v -1.022182 0.478375 -2.544305
v -0.850919 0.483461 -2.528405
v -1.021068 0.488498 -2.563359
v -0.849515 0.496213 -2.552406
v -1.020382 0.494732 -2.584033
v -0.848651 0.504066 -2.578449
v -1.020150 0.496837 -2.605533
v -0.848359 0.506717 -2.605533
v -1.020382 0.494732 -2.627033
v -0.848651 0.504066 -2.632616
v -1.021068 0.488498 -2.647707
v -0.849515 0.496213 -2.658659
v -1.022182 0.478375 -2.666760
v -0.850919 0.483461 -2.682660
v -1.023682 0.464752 -2.683460
v -0.852808 0.466300 -2.703697
v -1.025509 0.448152 -2.697166
v -0.855110 0.445389 -2.720962
v -1.027594 0.429213 -2.707350
v -0.857736 0.421532 -2.733791
v -1.029857 0.408663 -2.713621
v -0.860586 0.395646 -2.741691
v -1.032209 0.387292 -2.664903
v -1.033477 0.375779 -2.663762
v -1.034696 0.364708 -2.660384
v -1.035819 0.354506 -2.654897
v -1.036803 0.345563 -2.647514
v -1.037611 0.338224 -2.638517
v -1.038211 0.332770 -2.628253
v -1.038581 0.329412 -2.617115
v -1.038706 0.328278 -2.605533
v -1.038581 0.329412 -2.593950
v -1.038211 0.332770 -2.582813
v -1.037611 0.338224 -2.572548
v -1.036803 0.345563 -2.563552
v -1.035819 0.354506 -2.556168
v -1.034696 0.364708 -2.550682
v -1.033477 0.375779 -2.547303
v -1.032209 0.387292 -2.546163
v -1.030942 0.398805 -2.547303
v -1.029723 0.409876 -2.550682
v -1.028600 0.420078 -2.556168
v -1.027616 0.429021 -2.563552
v -1.026808 0.436360 -2.572548
v -1.026207 0.441814 -2.582813
v -1.025838 0.445172 -2.593950
v -1.025713 0.446306 -2.605533
v -1.025838 0.445172 -2.617115
v -1.026207 0.441813 -2.628253
v -1.026808 0.436360 -2.638517
v -1.027616 0.429021 -2.647514
v -1.028600 0.420078 -2.654897
v -1.029723 0.409875 -2.660384
v -1.030942 0.398805 -2.663762
v -0.910087 0.373848 -2.664903
v -0.911355 0.362335 -2.663762
v -0.912573 0.351264 -2.660384
v -0.913697 0.341062 -2.654897
v -0.914681 0.332119 -2.647514
v -0.915489 0.324780 -2.638517
v -0.916089 0.319326 -2.628253
v -0.916459 0.315968 -2.617115
v -0.916584 0.314834 -2.605533
v -0.916459 0.315968 -2.593950
v -0.916089 0.319326 -2.582813
v -0.915489 0.324780 -2.572548
v -0.914681 0.332119 -2.563552
v -0.913697 0.341062 -2.556168
v -0.912573 0.351264 -2.550682
v -0.911355 0.362335 -2.547303
v -0.910087 0.373848 -2.546163
v -0.908820 0.385361 -2.547303
v -0.907601 0.396432 -2.550682
v -0.906478 0.406634 -2.556168
v -0.905493 0.415577 -2.563552
v -0.904686 0.422916 -2.572548
v -0.904085 0.428370 -2.582813
v -0.903716 0.431728 -2.593950
v -0.903591 0.432862 -2.605533
v -0.903716 0.431728 -2.617115
v -0.904085 0.428370 -2.628253
v -0.904686 0.422916 -2.638517
v -0.905493 0.415577 -2.647514
v -0.906478 0.406634 -2.654897
v -0.907601 0.396431 -2.660384
v -0.908820 0.385361 -2.663762
vt 1.000000 0.500000
vt 1.000000 0.755065
vt 0.968750 0.755065
vt 0.968750 0.500000
vt 0.937500 0.755065
vt 0.937500 0.500000
vt 0.906250 0.755065
vt 0.906250 0.500000
vt 0.875000 0.755065
vt 0.875000 0.500000
vt 0.843750 0.755065
vt 0.843750 0.500000
vt 0.812500 0.755065
vt 0.812500 0.500000
vt 0.781250 0.755065
vt 0.781250 0.500000
vt 0.750000 0.755065
vt 0.750000 0.500000
vt 0.718750 0.755065
vt 0.718750 0.500000
vt 0.687500 0.755065
vt 0.687500 0.500000
vt 0.656250 0.755065
vt 0.656250 0.500000
vt 0.625000 0.755065
vt 0.625000 0.500000
vt 0.593750 0.755065
vt 0.593750 0.500000
vt 0.562500 0.755065
vt 0.562500 0.500000
vt 0.531250 0.755065
vt 0.531250 0.500000
vt 0.500000 0.755065
vt 0.500000 0.500000
vt 0.468750 0.755065
vt 0.468750 0.500000
vt 0.437500 0.755065
vt 0.437500 0.500000
vt 0.406250 0.755065
vt 0.406250 0.500000
vt 0.375000 0.755065
vt 0.375000 0.500000
vt 0.343750 0.755065
vt 0.343750 0.500000
vt 0.312500 0.755065
vt 0.312500 0.500000
vt 0.281250 0.755065
vt 0.281250 0.500000
vt 0.250000 0.755065
vt 0.250000 0.500000
vt 0.218750 0.755065
vt 0.218750 0.500000
vt 0.187500 0.755065
vt 0.187500 0.500000
vt 0.156250 0.755065
vt 0.156250 0.500000
vt 0.125000 0.755065
vt 0.125000 0.500000
vt 0.093750 0.755065
vt 0.093750 0.500000
vt 0.062500 0.755065
vt 0.062500 0.500000
vt 0.289084 0.446490
vt 0.250000 0.450339
vt 0.210916 0.446490
vt 0.173334 0.435090
vt 0.138698 0.416576
vt 0.108339 0.391661
vt 0.083424 0.361303
vt 0.064911 0.326667
vt 0.053510 0.289084
vt 0.049661 0.250000
vt 0.053510 0.210916
vt 0.064910 0.173333
vt 0.083424 0.138697
vt 0.108339 0.108339
vt 0.138697 0.083424
vt 0.173333 0.064910
vt 0.210916 0.053510
vt 0.250000 0.049661
vt 0.289084 0.053510
vt 0.326667 0.064910
vt 0.361303 0.083424
vt 0.391661 0.108339
vt 0.416576 0.138697
vt 0.435089 0.173333
vt 0.446490 0.210916
vt 0.450339 0.250000
vt 0.446490 0.289084
vt 0.435090 0.326667
vt 0.416576 0.361303
vt 0.391661 0.391661
vt 0.361303 0.416576
vt 0.326667 0.435089
vt 0.031250 0.755065
vt 0.031250 0.500000
vt 0.000000 0.755065
vt 0.000000 0.500000
vt 0.718750 0.500000
vt 0.750000 0.500000
vt 0.312500 0.500000
vt 0.281250 0.500000
vt 0.281250 0.500000
vt 0.312500 0.500000
vt 0.437500 0.500000
vt 0.468750 0.500000
vt 0.156250 0.500000
vt 0.187500 0.500000
vt 0.843750 0.500000
vt 0.875000 0.500000
vt 0.562500 0.500000
vt 0.593750 0.500000
vt 0.968750 0.500000
vt 1.000000 0.500000
vt 0.000000 0.500000
vt 0.031250 0.500000
vt 0.687500 0.500000
vt 0.406250 0.500000
vt 0.125000 0.500000
vt 0.812500 0.500000
vt 0.531250 0.500000
vt 0.250000 0.500000
vt 0.937500 0.500000
vt 0.656250 0.500000
vt 0.375000 0.500000
vt 0.093750 0.500000
vt 0.781250 0.500000
vt 0.500000 0.500000
vt 0.218750 0.500000
vt 0.906250 0.500000
vt 0.625000 0.500000
vt 0.343750 0.500000
vt 0.062500 0.500000
vt 0.750000 0.490000
vt 0.796822 0.485388
vt 0.841844 0.471731
vt 0.883337 0.449553
vt 0.919706 0.419706
vt 0.949553 0.383337
vt 0.971731 0.341844
vt 0.985388 0.296822
vt 0.990000 0.250000
vt 0.985388 0.203178
vt 0.971731 0.158156
vt 0.949553 0.116663
vt 0.919706 0.080294
vt 0.883337 0.050447
vt 0.841844 0.028269
vt 0.796822 0.014612
vt 0.750000 0.010000
vt 0.703178 0.014612
vt 0.658156 0.028269
vt 0.616663 0.050447
vt 0.580294 0.080294
vt 0.550447 0.116663
vt 0.528269 0.158156
vt 0.514611 0.203179
vt 0.510000 0.250000
vt 0.514612 0.296822
vt 0.528269 0.341844
vt 0.550447 0.383337
vt 0.580295 0.419706
vt 0.616663 0.449553
vt 0.658156 0.471731
vt 0.703179 0.485389
vt 0.687500 0.500000
vt 0.718750 0.500000
vt 0.250000 0.500000
vt 0.656250 0.500000
vt 0.218750 0.500000
vt 0.625000 0.500000
vt 0.187500 0.500000
vt 0.593750 0.500000
vt 0.156250 0.500000
vt 0.562500 0.500000
vt 0.968750 0.500000
vt 1.000000 0.500000
vt 0.125000 0.500000
vt 0.531250 0.500000
vt 0.937500 0.500000
vt 0.093750 0.500000
vt 0.500000 0.500000
vt 0.906250 0.500000
vt 0.062500 0.500000
vt 0.468750 0.500000
vt 0.875000 0.500000
vt 0.031250 0.500000
vt 0.437500 0.500000
vt 0.843750 0.500000
vt 0.000000 0.500000
vt 0.406250 0.500000
vt 0.812500 0.500000
vt 0.375000 0.500000
vt 0.781250 0.500000
vt 0.343750 0.500000
vt 0.750000 0.500000
vn -0.1653 0.0182 -0.9861
vn -0.1864 -0.1730 -0.9671
vn -0.2066 -0.3569 -0.9110
vn -0.2253 -0.5263 -0.8199
vn -0.2416 -0.6749 -0.6973
vn -0.2550 -0.7968 -0.5478
vn -0.2650 -0.8873 -0.3774
vn -0.2712 -0.9431 -0.1924
vn -0.2732 -0.9620 0.0000
vn -0.2711 -0.9431 0.1924
vn -0.2650 -0.8873 0.3774
vn -0.2550 -0.7968 0.5478
vn -0.2416 -0.6749 0.6973
vn -0.2253 -0.5263 0.8199
vn -0.2066 -0.3569 0.9110
vn -0.1864 -0.1730 0.9671
vn -0.1653 0.0182 0.9861
vn -0.1443 0.2094 0.9671
vn -0.1240 0.3933 0.9110
vn -0.1054 0.5627 0.8199
vn -0.0890 0.7113 0.6973
vn -0.0756 0.8332 0.5478
vn -0.0656 0.9237 0.3774
vn -0.0595 0.9795 0.1924
vn -0.0574 0.9984 -0.0000
vn -0.0595 0.9795 -0.1924
vn -0.0656 0.9237 -0.3774
vn -0.0756 0.8332 -0.5478
vn -0.0890 0.7113 -0.6973
vn -0.1054 0.5627 -0.8199
vn -0.1240 0.3933 -0.9110
vn 0.9940 -0.1094 -0.0000
vn -0.1443 0.2094 -0.9671
vn -0.9940 0.1094 -0.0000
vn -0.1011 -0.9183 -0.3827
vn -0.1073 -0.9749 -0.1951
vn 0.1073 0.9749 -0.1951
vn 0.1011 0.9183 -0.3827
vn -0.1094 -0.9940 0.0000
vn 0.0910 0.8265 -0.5556
vn -0.1073 -0.9749 0.1951
vn 0.0774 0.7029 -0.7071
vn -0.1011 -0.9183 0.3827
vn 0.0608 0.5522 -0.8315
vn -0.0910 -0.8265 0.5556
vn 0.0419 0.3804 -0.9239
vn 0.0000 0.0000 1.0000
vn 0.0213 0.1939 0.9808
vn -0.0774 -0.7029 0.7071
vn 0.0213 0.1939 -0.9808
vn 0.0419 0.3804 0.9239
vn -0.0608 -0.5522 0.8315
vn 0.0000 0.0000 -1.0000
vn 0.0608 0.5522 0.8315
vn -0.0419 -0.3804 0.9239
vn -0.0213 -0.1939 -0.9808
vn 0.0774 0.7029 0.7071
vn -0.0213 -0.1939 0.9808
vn -0.0419 -0.3804 -0.9239
vn 0.0910 0.8265 0.5556
vn -0.0608 -0.5522 -0.8315
vn 0.1011 0.9183 0.3827
vn -0.0774 -0.7029 -0.7071
vn 0.1073 0.9749 0.1951
vn -0.0910 -0.8265 -0.5556
vn 0.1094 0.9940 0.0000
usemtl Material.010
s 1
f 3858/5572/2873 3859/5573/2873 3861/5574/2874 3860/5575/2874
f 3860/5575/2874 3861/5574/2874 3863/5576/2875 3862/5577/2875
f 3862/5577/2875 3863/5576/2875 3865/5578/2876 3864/5579/2876
f 3864/5579/2876 3865/5578/2876 3867/5580/2877 3866/5581/2877
f 3866/5581/2877 3867/5580/2877 3869/5582/2878 3868/5583/2878
f 3868/5583/2878 3869/5582/2878 3871/5584/2879 3870/5585/2879
f 3870/5585/2879 3871/5584/2879 3873/5586/2880 3872/5587/2880
f 3872/5587/2880 3873/5586/2880 3875/5588/2881 3874/5589/2881
f 3874/5589/2881 3875/5588/2881 3877/5590/2882 3876/5591/2882
f 3876/5591/2882 3877/5590/2882 3879/5592/2883 3878/5593/2883
f 3878/5593/2883 3879/5592/2883 3881/5594/2884 3880/5595/2884
f 3880/5595/2884 3881/5594/2884 3883/5596/2885 3882/5597/2885
f 3882/5597/2885 3883/5596/2885 3885/5598/2886 3884/5599/2886
f 3884/5599/2886 3885/5598/2886 3887/5600/2887 3886/5601/2887
f 3886/5601/2887 3887/5600/2887 3889/5602/2888 3888/5603/2888
f 3888/5603/2888 3889/5602/2888 3891/5604/2889 3890/5605/2889
f 3890/5605/2889 3891/5604/2889 3893/5606/2890 3892/5607/2890
f 3892/5607/2890 3893/5606/2890 3895/5608/2891 3894/5609/2891
f 3894/5609/2891 3895/5608/2891 3897/5610/2892 3896/5611/2892
f 3896/5611/2892 3897/5610/2892 3899/5612/2893 3898/5613/2893
f 3898/5613/2893 3899/5612/2893 3901/5614/2894 3900/5615/2894
f 3900/5615/2894 3901/5614/2894 3903/5616/2895 3902/5617/2895
f 3902/5617/2895 3903/5616/2895 3905/5618/2896 3904/5619/2896
f 3904/5619/2896 3905/5618/2896 3907/5620/2897 3906/5621/2897
f 3906/5621/2897 3907/5620/2897 3909/5622/2898 3908/5623/2898
f 3908/5623/2898 3909/5622/2898 3911/5624/2899 3910/5625/2899
f 3910/5625/2899 3911/5624/2899 3913/5626/2900 3912/5627/2900
f 3912/5627/2900 3913/5626/2900 3915/5628/2901 3914/5629/2901
f 3914/5629/2901 3915/5628/2901 3917/5630/2902 3916/5631/2902
f 3916/5631/2902 3917/5630/2902 3919/5632/2903 3918/5633/2903
f 3861/5634/2904 3859/5635/2904 3921/5636/2904 3919/5637/2904 3917/5638/2904 3915/5639/2904 3913/5640/2904 3911/5641/2904 3909/5642/2904 3907/5643/2904 3905/5644/2904 3903/5645/2904 3901/5646/2904 3899/5647/2904 3897/5648/2904 3895/5649/2904 3893/5650/2904 3891/5651/2904 3889/5652/2904 3887/5653/2904 3885/5654/2904 3883/5655/2904 3881/5656/2904 3879/5657/2904 3877/5658/2904 3875/5659/2904 3873/5660/2904 3871/5661/2904 3869/5662/2904 3867/5663/2904 3865/5664/2904 3863/5665/2904
f 3918/5633/2903 3919/5632/2903 3921/5666/2905 3920/5667/2905
f 3920/5667/2905 3921/5666/2905 3859/5668/2873 3858/5669/2873
f 3874/5589/2906 3876/5591/2906 3931/5670/2906 3930/5671/2906
f 3944/5672/2907 3945/5673/2908 3977/5674/2908 3976/5675/2907
f 3892/5607/2906 3894/5609/2906 3940/5676/2906 3939/5677/2906
f 3910/5625/2906 3912/5627/2906 3949/5678/2906 3948/5679/2906
f 3866/5581/2906 3868/5583/2906 3927/5680/2906 3926/5681/2906
f 3884/5599/2906 3886/5601/2906 3936/5682/2906 3935/5683/2906
f 3902/5617/2906 3904/5619/2906 3945/5673/2906 3944/5672/2906
f 3858/5572/2906 3860/5575/2906 3923/5684/2906 3922/5685/2906
f 3920/5667/2906 3858/5669/2906 3922/5686/2906 3953/5687/2906
f 3876/5591/2906 3878/5593/2906 3932/5688/2906 3931/5670/2906
f 3894/5609/2906 3896/5611/2906 3941/5689/2906 3940/5676/2906
f 3912/5627/2906 3914/5629/2906 3950/5690/2906 3949/5678/2906
f 3868/5583/2906 3870/5585/2906 3928/5691/2906 3927/5680/2906
f 3886/5601/2906 3888/5603/2906 3937/5692/2906 3936/5682/2906
f 3904/5619/2906 3906/5621/2906 3946/5693/2906 3945/5673/2906
f 3860/5575/2906 3862/5577/2906 3924/5694/2906 3923/5684/2906
f 3878/5593/2906 3880/5595/2906 3933/5695/2906 3932/5688/2906
f 3896/5611/2906 3898/5613/2906 3942/5696/2906 3941/5689/2906
f 3914/5629/2906 3916/5631/2906 3951/5697/2906 3950/5690/2906
f 3870/5585/2906 3872/5587/2906 3929/5698/2906 3928/5691/2906
f 3888/5603/2906 3890/5605/2906 3938/5699/2906 3937/5692/2906
f 3906/5621/2906 3908/5623/2906 3947/5700/2906 3946/5693/2906
f 3862/5577/2906 3864/5579/2906 3925/5701/2906 3924/5694/2906
f 3880/5595/2906 3882/5597/2906 3934/5702/2906 3933/5695/2906
f 3898/5613/2906 3900/5615/2906 3943/5703/2906 3942/5696/2906
f 3916/5631/2906 3918/5633/2906 3952/5704/2906 3951/5697/2906
f 3872/5587/2906 3874/5589/2906 3930/5671/2906 3929/5698/2906
f 3890/5605/2906 3892/5607/2906 3939/5677/2906 3938/5699/2906
f 3908/5623/2906 3910/5625/2906 3948/5679/2906 3947/5700/2906
f 3864/5579/2906 3866/5581/2906 3926/5681/2906 3925/5701/2906
f 3882/5597/2906 3884/5599/2906 3935/5683/2906 3934/5702/2906
f 3900/5615/2906 3902/5617/2906 3944/5672/2906 3943/5703/2906
f 3918/5633/2906 3920/5667/2906 3953/5687/2906 3952/5704/2906
f 3954/5705/2906 3955/5706/2906 3956/5707/2906 3957/5708/2906 3958/5709/2906 3959/5710/2906 3960/5711/2906 3961/5712/2906 3962/5713/2906 3963/5714/2906 3964/5715/2906 3965/5716/2906 3966/5717/2906 3967/5718/2906 3968/5719/2906 3969/5720/2906 3970/5721/2906 3971/5722/2906 3972/5723/2906 3973/5724/2906 3974/5725/2906 3975/5726/2906 3976/5727/2906 3977/5728/2906 3978/5729/2906 3979/5730/2906 3980/5731/2906 3981/5732/2906 3982/5733/2906 3983/5734/2906 3984/5735/2906 3985/5736/2906
f 3931/5670/2909 3932/5688/2910 3964/5737/2910 3963/5738/2909
f 3945/5673/2908 3946/5693/2911 3978/5739/2911 3977/5674/2908
f 3932/5688/2910 3933/5695/2912 3965/5740/2912 3964/5737/2910
f 3946/5693/2911 3947/5700/2913 3979/5741/2913 3978/5739/2911
f 3933/5695/2912 3934/5702/2914 3966/5742/2914 3965/5740/2912
f 3947/5700/2913 3948/5679/2915 3980/5743/2915 3979/5741/2913
f 3934/5702/2914 3935/5683/2916 3967/5744/2916 3966/5742/2914
f 3948/5679/2915 3949/5678/2917 3981/5745/2917 3980/5743/2915
f 3935/5683/2916 3936/5682/2918 3968/5746/2918 3967/5744/2916
f 3922/5685/2919 3923/5684/2920 3955/5747/2920 3954/5748/2919
f 3949/5678/2917 3950/5690/2921 3982/5749/2921 3981/5745/2917
f 3936/5682/2918 3937/5692/2922 3969/5750/2922 3968/5746/2918
f 3923/5684/2920 3924/5694/2923 3956/5751/2923 3955/5747/2920
f 3950/5690/2921 3951/5697/2924 3983/5752/2924 3982/5749/2921
f 3937/5692/2922 3938/5699/2925 3970/5753/2925 3969/5750/2922
f 3924/5694/2923 3925/5701/2926 3957/5754/2926 3956/5751/2923
f 3951/5697/2924 3952/5704/2927 3984/5755/2927 3983/5752/2924
f 3938/5699/2925 3939/5677/2928 3971/5756/2928 3970/5753/2925
f 3925/5701/2926 3926/5681/2929 3958/5757/2929 3957/5754/2926
f 3952/5704/2927 3953/5687/2930 3985/5758/2930 3984/5755/2927
f 3939/5677/2928 3940/5676/2931 3972/5759/2931 3971/5756/2928
f 3926/5681/2929 3927/5680/2932 3959/5760/2932 3958/5757/2929
f 3953/5687/2930 3922/5686/2919 3954/5761/2919 3985/5758/2930
f 3940/5676/2931 3941/5689/2933 3973/5762/2933 3972/5759/2931
f 3927/5680/2932 3928/5691/2934 3960/5763/2934 3959/5760/2932
f 3941/5689/2933 3942/5696/2935 3974/5764/2935 3973/5762/2933
f 3928/5691/2934 3929/5698/2936 3961/5765/2936 3960/5763/2934
f 3942/5696/2935 3943/5703/2937 3975/5766/2937 3974/5764/2935
f 3929/5698/2936 3930/5671/2938 3962/5767/2938 3961/5765/2936
f 3943/5703/2937 3944/5672/2907 3976/5675/2907 3975/5766/2937
f 3930/5671/2938 3931/5670/2909 3963/5738/2909 3962/5767/2938
o Cylinder.001_Cylinder.005
v 0.507871 1.367808 -2.454291
v 0.507871 1.356212 -2.239123
v 0.533568 1.365277 -2.454291
v 0.531306 1.353904 -2.239123
v 0.558279 1.357781 -2.454291
v 0.553841 1.347068 -2.239123
v 0.581052 1.345608 -2.454291
v 0.574610 1.335967 -2.239123
v 0.601013 1.329227 -2.454291
v 0.592814 1.321028 -2.239123
v 0.617394 1.309266 -2.454291
v 0.607753 1.302824 -2.239123
v 0.629567 1.286493 -2.454291
v 0.618854 1.282056 -2.239123
v 0.637062 1.261783 -2.454291
v 0.625690 1.259521 -2.239123
v 0.639593 1.236085 -2.454291
v 0.627998 1.236085 -2.239123
v 0.637062 1.210387 -2.454291
v 0.625690 1.212649 -2.239123
v 0.629567 1.185677 -2.454291
v 0.618854 1.190114 -2.239123
v 0.617394 1.162904 -2.454291
v 0.607753 1.169346 -2.239123
v 0.601013 1.142943 -2.454291
v 0.592814 1.151142 -2.239123
v 0.581052 1.126562 -2.454291
v 0.574610 1.136203 -2.239123
v 0.558279 1.114389 -2.454291
v 0.553841 1.125102 -2.239123
v 0.533568 1.106893 -2.454291
v 0.531306 1.118266 -2.239123
v 0.507871 1.104362 -2.454291
v 0.507871 1.115957 -2.239123
v 0.482173 1.106893 -2.454291
v 0.484435 1.118266 -2.239123
v 0.457462 1.114389 -2.454291
v 0.461900 1.125102 -2.239123
v 0.434689 1.126562 -2.454291
v 0.441131 1.136203 -2.239123
v 0.414729 1.142943 -2.454291
v 0.422928 1.151142 -2.239123
v 0.398347 1.162904 -2.454291
v 0.407988 1.169346 -2.239123
v 0.386175 1.185677 -2.454291
v 0.396887 1.190114 -2.239123
v 0.378679 1.210387 -2.454291
v 0.390051 1.212649 -2.239123
v 0.376148 1.236085 -2.454291
v 0.387743 1.236085 -2.239123
v 0.378679 1.261783 -2.454291
v 0.390051 1.259521 -2.239123
v 0.386175 1.286493 -2.454291
v 0.396887 1.282056 -2.239123
v 0.398347 1.309266 -2.454291
v 0.407988 1.302824 -2.239123
v 0.414729 1.329227 -2.454291
v 0.422928 1.321028 -2.239123
v 0.434690 1.345608 -2.454291
v 0.441132 1.335967 -2.239123
v 0.457463 1.357781 -2.454291
v 0.461900 1.347068 -2.239123
v 0.482173 1.365277 -2.454291
v 0.484435 1.353904 -2.239123
v 0.525327 1.323844 -2.239123
v 0.507871 1.325564 -2.239123
v 0.542113 1.318753 -2.239123
v 0.557582 1.310484 -2.239123
v 0.571142 1.299356 -2.239123
v 0.582269 1.285797 -2.239123
v 0.590538 1.270327 -2.239123
v 0.595630 1.253541 -2.239123
v 0.597349 1.236085 -2.239123
v 0.595630 1.218629 -2.239123
v 0.590538 1.201843 -2.239123
v 0.582269 1.186373 -2.239123
v 0.571142 1.172814 -2.239123
v 0.557582 1.161686 -2.239123
v 0.542113 1.153417 -2.239123
v 0.525327 1.148325 -2.239123
v 0.507871 1.146606 -2.239123
v 0.490414 1.148325 -2.239123
v 0.473629 1.153417 -2.239123
v 0.458159 1.161686 -2.239123
v 0.444600 1.172814 -2.239123
v 0.433472 1.186373 -2.239123
v 0.425203 1.201843 -2.239123
v 0.420111 1.218629 -2.239123
v 0.418392 1.236085 -2.239123
v 0.420111 1.253541 -2.239123
v 0.425203 1.270327 -2.239123
v 0.433472 1.285797 -2.239123
v 0.444600 1.299356 -2.239123
v 0.458159 1.310484 -2.239123
v 0.473629 1.318753 -2.239123
v 0.490414 1.323844 -2.239123
v 0.665938 -0.081142 -2.454291
v 0.665938 -0.092738 -2.239123
v 0.691636 -0.083673 -2.454291
v 0.689374 -0.095046 -2.239123
v 0.716346 -0.091169 -2.454291
v 0.711909 -0.101882 -2.239123
v 0.739119 -0.103342 -2.454291
v 0.732677 -0.112983 -2.239123
v 0.759080 -0.119723 -2.454291
v 0.750881 -0.127922 -2.239123
v 0.775461 -0.139684 -2.454291
v 0.765820 -0.146126 -2.239123
v 0.787634 -0.162457 -2.454291
v 0.776921 -0.166894 -2.239123
v 0.795130 -0.187167 -2.454291
v 0.783757 -0.189429 -2.239123
v 0.797661 -0.212865 -2.454291
v 0.786065 -0.212865 -2.239123
v 0.795130 -0.238563 -2.454291
v 0.783757 -0.236301 -2.239123
v 0.787634 -0.263273 -2.454291
v 0.776921 -0.258836 -2.239123
v 0.775461 -0.286046 -2.454291
v 0.765820 -0.279604 -2.239123
v 0.759080 -0.306007 -2.454291
v 0.750881 -0.297808 -2.239123
v 0.739119 -0.322389 -2.454291
v 0.732677 -0.312747 -2.239123
v 0.716346 -0.334561 -2.454291
v 0.711909 -0.323848 -2.239123
v 0.691636 -0.342057 -2.454291
v 0.689374 -0.330684 -2.239123
v 0.665938 -0.344588 -2.454291
v 0.665938 -0.332993 -2.239123
v 0.640240 -0.342057 -2.454291
v 0.642502 -0.330684 -2.239123
v 0.615530 -0.334561 -2.454291
v 0.619967 -0.323848 -2.239123
v 0.592757 -0.322389 -2.454291
v 0.599199 -0.312747 -2.239123
v 0.572796 -0.306007 -2.454291
v 0.580995 -0.297808 -2.239123
v 0.556414 -0.286046 -2.454291
v 0.566056 -0.279604 -2.239123
v 0.544242 -0.263273 -2.454291
v 0.554955 -0.258836 -2.239123
v 0.536746 -0.238563 -2.454291
v 0.548119 -0.236301 -2.239123
v 0.534215 -0.212865 -2.454291
v 0.545810 -0.212865 -2.239123
v 0.536746 -0.187167 -2.454291
v 0.548119 -0.189429 -2.239123
v 0.544242 -0.162457 -2.454291
v 0.554955 -0.166894 -2.239123
v 0.556415 -0.139684 -2.454291
v 0.566056 -0.146126 -2.239123
v 0.572796 -0.119723 -2.454291
v 0.580995 -0.127922 -2.239123
v 0.592757 -0.103341 -2.454291
v 0.599199 -0.112983 -2.239123
v 0.615530 -0.091169 -2.454291
v 0.619967 -0.101882 -2.239123
v 0.640240 -0.083673 -2.454291
v 0.642502 -0.095046 -2.239123
v 0.683394 -0.125106 -2.239123
v 0.665938 -0.123386 -2.239123
v 0.700180 -0.130198 -2.239123
v 0.715650 -0.138466 -2.239123
v 0.729209 -0.149594 -2.239123
v 0.740337 -0.163153 -2.239123
v 0.748605 -0.178623 -2.239123
v 0.753697 -0.195409 -2.239123
v 0.755417 -0.212865 -2.239123
v 0.753697 -0.230322 -2.239123
v 0.748605 -0.247107 -2.239123
v 0.740337 -0.262577 -2.239123
v 0.729209 -0.276136 -2.239123
v 0.715650 -0.287264 -2.239123
v 0.700180 -0.295533 -2.239123
v 0.683394 -0.300624 -2.239123
v 0.665938 -0.302344 -2.239123
v 0.648481 -0.300624 -2.239123
v 0.631696 -0.295533 -2.239123
v 0.616226 -0.287264 -2.239123
v 0.602667 -0.276136 -2.239123
v 0.591539 -0.262577 -2.239123
v 0.583270 -0.247107 -2.239123
v 0.578178 -0.230321 -2.239123
v 0.576459 -0.212865 -2.239123
v 0.578179 -0.195409 -2.239123
v 0.583270 -0.178623 -2.239123
v 0.591539 -0.163153 -2.239123
v 0.602667 -0.149594 -2.239123
v 0.616226 -0.138466 -2.239123
v 0.631696 -0.130197 -2.239123
v 0.648482 -0.125106 -2.239123
v 0.824005 -1.530092 -2.454291
v 0.824005 -1.541687 -2.239123
v 0.849703 -1.532623 -2.454291
v 0.847441 -1.543996 -2.239123
v 0.874413 -1.540119 -2.454291
v 0.869976 -1.550832 -2.239123
v 0.897186 -1.552291 -2.454291
v 0.890745 -1.561933 -2.239123
v 0.917147 -1.568673 -2.454291
v 0.908948 -1.576872 -2.239123
v 0.933529 -1.588634 -2.454291
v 0.923888 -1.595076 -2.239123
v 0.945701 -1.611407 -2.454291
v 0.934989 -1.615844 -2.239123
v 0.953197 -1.636117 -2.454291
v 0.941824 -1.638379 -2.239123
v 0.955728 -1.661815 -2.454291
v 0.944133 -1.661815 -2.239123
v 0.953197 -1.687513 -2.454291
v 0.941824 -1.685251 -2.239123
v 0.945701 -1.712223 -2.454291
v 0.934989 -1.707786 -2.239123
v 0.933529 -1.734996 -2.454291
v 0.923888 -1.728554 -2.239123
v 0.917147 -1.754957 -2.454291
v 0.908948 -1.746758 -2.239123
v 0.897186 -1.771339 -2.454291
v 0.890744 -1.761698 -2.239123
v 0.874413 -1.783511 -2.454291
v 0.869976 -1.772798 -2.239123
v 0.849703 -1.791007 -2.454291
v 0.847441 -1.779634 -2.239123
v 0.824005 -1.793538 -2.454291
v 0.824005 -1.781942 -2.239123
v 0.798307 -1.791007 -2.454291
v 0.800569 -1.779634 -2.239123
v 0.773597 -1.783511 -2.454291
v 0.778034 -1.772798 -2.239123
v 0.750824 -1.771338 -2.454291
v 0.757266 -1.761697 -2.239123
v 0.730863 -1.754957 -2.454291
v 0.739062 -1.746758 -2.239123
v 0.714482 -1.734996 -2.454291
v 0.724123 -1.728554 -2.239123
v 0.702309 -1.712223 -2.454291
v 0.713022 -1.707786 -2.239123
v 0.694813 -1.687513 -2.454291
v 0.706186 -1.685251 -2.239123
v 0.692282 -1.661815 -2.454291
v 0.703878 -1.661815 -2.239123
v 0.694813 -1.636117 -2.454291
v 0.706186 -1.638379 -2.239123
v 0.702309 -1.611407 -2.454291
v 0.713022 -1.615844 -2.239123
v 0.714482 -1.588634 -2.454291
v 0.724123 -1.595076 -2.239123
v 0.730863 -1.568673 -2.454291
v 0.739062 -1.576872 -2.239123
v 0.750824 -1.552291 -2.454291
v 0.757266 -1.561933 -2.239123
v 0.773597 -1.540119 -2.454291
v 0.778035 -1.550832 -2.239123
v 0.798308 -1.532623 -2.454291
v 0.800570 -1.543996 -2.239123
v 0.841462 -1.574055 -2.239123
v 0.824005 -1.572336 -2.239123
v 0.858247 -1.579147 -2.239123
v 0.873717 -1.587416 -2.239123
v 0.887276 -1.598544 -2.239123
v 0.898404 -1.612103 -2.239123
v 0.906673 -1.627573 -2.239123
v 0.911765 -1.644359 -2.239123
v 0.913484 -1.661815 -2.239123
v 0.911765 -1.679271 -2.239123
v 0.906673 -1.696057 -2.239123
v 0.898404 -1.711527 -2.239123
v 0.887276 -1.725086 -2.239123
v 0.873717 -1.736214 -2.239123
v 0.858247 -1.744483 -2.239123
v 0.841462 -1.749575 -2.239123
v 0.824005 -1.751294 -2.239123
v 0.806549 -1.749575 -2.239123
v 0.789763 -1.744483 -2.239123
v 0.774293 -1.736214 -2.239123
v 0.760734 -1.725086 -2.239123
v 0.749606 -1.711527 -2.239123
v 0.741338 -1.696057 -2.239123
v 0.736246 -1.679271 -2.239123
v 0.734527 -1.661815 -2.239123
v 0.736246 -1.644359 -2.239123
v 0.741338 -1.627573 -2.239123
v 0.749606 -1.612103 -2.239123
v 0.760734 -1.598544 -2.239123
v 0.774294 -1.587416 -2.239123
v 0.789763 -1.579147 -2.239123
v 0.806549 -1.574055 -2.239123
v 0.507871 1.367808 3.325264
v 0.507871 1.356212 3.110096
v 0.533568 1.365277 3.325264
v 0.531306 1.353904 3.110096
v 0.558279 1.357781 3.325264
v 0.553841 1.347068 3.110096
v 0.581052 1.345608 3.325264
v 0.574610 1.335967 3.110096
v 0.601013 1.329227 3.325264
v 0.592813 1.321028 3.110096
v 0.617394 1.309266 3.325264
v 0.607753 1.302824 3.110096
v 0.629566 1.286493 3.325264
v 0.618854 1.282056 3.110096
v 0.637062 1.261783 3.325264
v 0.625690 1.259521 3.110096
v 0.639593 1.236085 3.325264
v 0.627998 1.236085 3.110096
v 0.637062 1.210387 3.325264
v 0.625690 1.212649 3.110096
v 0.629566 1.185677 3.325264
v 0.618854 1.190114 3.110096
v 0.617394 1.162904 3.325264
v 0.607753 1.169346 3.110096
v 0.601013 1.142943 3.325264
v 0.592813 1.151142 3.110096
v 0.581052 1.126562 3.325264
v 0.574610 1.136203 3.110096
v 0.558279 1.114389 3.325264
v 0.553841 1.125102 3.110096
v 0.533568 1.106893 3.325264
v 0.531306 1.118266 3.110096
v 0.507870 1.104362 3.325264
v 0.507870 1.115957 3.110096
v 0.482173 1.106893 3.325264
v 0.484435 1.118266 3.110096
v 0.457462 1.114389 3.325264
v 0.461900 1.125102 3.110096
v 0.434689 1.126562 3.325264
v 0.441131 1.136203 3.110096
v 0.414728 1.142943 3.325264
v 0.422928 1.151142 3.110096
v 0.398347 1.162904 3.325264
v 0.407988 1.169346 3.110096
v 0.386175 1.185677 3.325264
v 0.396887 1.190114 3.110096
v 0.378679 1.210387 3.325264
v 0.390051 1.212649 3.110096
v 0.376148 1.236085 3.325264
v 0.387743 1.236085 3.110096
v 0.378679 1.261783 3.325264
v 0.390051 1.259521 3.110096
v 0.386175 1.286493 3.325264
v 0.396887 1.282056 3.110096
v 0.398347 1.309266 3.325264
v 0.407988 1.302824 3.110096
v 0.414729 1.329227 3.325264
v 0.422928 1.321028 3.110096
v 0.434689 1.345608 3.325264
v 0.441131 1.335967 3.110096
v 0.457463 1.357781 3.325264
v 0.461900 1.347068 3.110096
v 0.482173 1.365277 3.325264
v 0.484435 1.353904 3.110096
v 0.525327 1.323844 3.110096
v 0.507871 1.325564 3.110096
v 0.542113 1.318753 3.110096
v 0.557582 1.310484 3.110096
v 0.571142 1.299356 3.110096
v 0.582269 1.285797 3.110096
v 0.590538 1.270327 3.110096
v 0.595630 1.253541 3.110096
v 0.597349 1.236085 3.110096
v 0.595630 1.218629 3.110096
v 0.590538 1.201843 3.110096
v 0.582269 1.186373 3.110096
v 0.571142 1.172814 3.110096
v 0.557582 1.161686 3.110096
v 0.542113 1.153417 3.110096
v 0.525327 1.148325 3.110096
v 0.507871 1.146606 3.110096
v 0.490414 1.148325 3.110096
v 0.473628 1.153417 3.110096
v 0.458159 1.161686 3.110096
v 0.444600 1.172814 3.110096
v 0.433472 1.186373 3.110096
v 0.425203 1.201843 3.110096
v 0.420111 1.218629 3.110096
v 0.418392 1.236085 3.110096
v 0.420111 1.253541 3.110096
v 0.425203 1.270327 3.110096
v 0.433472 1.285797 3.110096
v 0.444600 1.299356 3.110096
v 0.458159 1.310484 3.110096
v 0.473629 1.318753 3.110096
v 0.490414 1.323844 3.110096
v 0.525327 1.323844 0.435487
v 0.507870 1.325564 0.435487
v 0.542112 1.318752 0.435487
v 0.557582 1.310484 0.435487
v 0.571141 1.299356 0.435487
v 0.582269 1.285797 0.435487
v 0.590538 1.270327 0.435487
v 0.595630 1.253541 0.435487
v 0.597349 1.236085 0.435487
v 0.595630 1.218628 0.435487
v 0.590538 1.201843 0.435487
v 0.582269 1.186373 0.435487
v 0.571141 1.172814 0.435487
v 0.557582 1.161686 0.435487
v 0.542112 1.153417 0.435487
v 0.525327 1.148325 0.435487
v 0.507870 1.146606 0.435487
v 0.490414 1.148325 0.435487
v 0.473628 1.153417 0.435487
v 0.458159 1.161686 0.435487
v 0.444599 1.172814 0.435487
v 0.433471 1.186373 0.435487
v 0.425203 1.201843 0.435487
v 0.420111 1.218629 0.435487
v 0.418392 1.236085 0.435487
v 0.420111 1.253541 0.435487
v 0.425203 1.270327 0.435487
v 0.433472 1.285797 0.435487
v 0.444599 1.299356 0.435487
v 0.458159 1.310484 0.435487
v 0.473628 1.318753 0.435487
v 0.490414 1.323844 0.435487
v 0.665938 -0.081142 3.325264
v 0.665938 -0.092738 3.110096
v 0.691636 -0.083673 3.325264
v 0.689374 -0.095046 3.110096
v 0.716346 -0.091169 3.325264
v 0.711909 -0.101882 3.110096
v 0.739119 -0.103342 3.325264
v 0.732677 -0.112983 3.110096
v 0.759080 -0.119723 3.325264
v 0.750881 -0.127922 3.110096
v 0.775461 -0.139684 3.325264
v 0.765820 -0.146126 3.110096
v 0.787634 -0.162457 3.325264
v 0.776921 -0.166894 3.110096
v 0.795130 -0.187167 3.325264
v 0.783757 -0.189429 3.110096
v 0.797661 -0.212865 3.325264
v 0.786065 -0.212865 3.110096
v 0.795130 -0.238563 3.325264
v 0.783757 -0.236301 3.110096
v 0.787634 -0.263273 3.325264
v 0.776921 -0.258836 3.110096
v 0.775461 -0.286046 3.325264
v 0.765820 -0.279604 3.110096
v 0.759080 -0.306007 3.325264
v 0.750881 -0.297808 3.110096
v 0.739119 -0.322389 3.325264
v 0.732677 -0.312747 3.110096
v 0.716346 -0.334561 3.325264
v 0.711909 -0.323848 3.110096
v 0.691636 -0.342057 3.325264
v 0.689374 -0.330684 3.110096
v 0.665938 -0.344588 3.325264
v 0.665938 -0.332992 3.110096
v 0.640240 -0.342057 3.325264
v 0.642502 -0.330684 3.110096
v 0.615530 -0.334561 3.325264
v 0.619967 -0.323848 3.110096
v 0.592757 -0.322389 3.325264
v 0.599199 -0.312747 3.110096
v 0.572796 -0.306007 3.325264
v 0.580995 -0.297808 3.110096
v 0.556414 -0.286046 3.325264
v 0.566055 -0.279604 3.110096
v 0.544242 -0.263273 3.325264
v 0.554955 -0.258836 3.110096
v 0.536746 -0.238563 3.325264
v 0.548119 -0.236301 3.110096
v 0.534215 -0.212865 3.325264
v 0.545810 -0.212865 3.110096
v 0.536746 -0.187167 3.325264
v 0.548119 -0.189429 3.110096
v 0.544242 -0.162457 3.325264
v 0.554955 -0.166894 3.110096
v 0.556414 -0.139684 3.325264
v 0.566056 -0.146126 3.110096
v 0.572796 -0.119723 3.325264
v 0.580995 -0.127922 3.110096
v 0.592757 -0.103341 3.325264
v 0.599199 -0.112983 3.110096
v 0.615530 -0.091169 3.325264
v 0.619967 -0.101882 3.110096
v 0.640240 -0.083673 3.325264
v 0.642502 -0.095046 3.110096
v 0.683394 -0.125106 3.110096
v 0.665938 -0.123386 3.110096
v 0.700180 -0.130198 3.110096
v 0.715650 -0.138466 3.110096
v 0.729209 -0.149594 3.110096
v 0.740337 -0.163153 3.110096
v 0.748605 -0.178623 3.110096
v 0.753697 -0.195409 3.110096
v 0.755417 -0.212865 3.110096
v 0.753697 -0.230322 3.110096
v 0.748605 -0.247107 3.110096
v 0.740337 -0.262577 3.110096
v 0.729209 -0.276136 3.110096
v 0.715650 -0.287264 3.110096
v 0.700180 -0.295533 3.110096
v 0.683394 -0.300624 3.110096
v 0.665938 -0.302344 3.110096
v 0.648481 -0.300624 3.110096
v 0.631696 -0.295533 3.110096
v 0.616226 -0.287264 3.110096
v 0.602667 -0.276136 3.110096
v 0.591539 -0.262577 3.110096
v 0.583270 -0.247107 3.110096
v 0.578178 -0.230321 3.110096
v 0.576459 -0.212865 3.110096
v 0.578178 -0.195409 3.110096
v 0.583270 -0.178623 3.110096
v 0.591539 -0.163153 3.110096
v 0.602667 -0.149594 3.110096
v 0.616226 -0.138466 3.110096
v 0.631696 -0.130197 3.110096
v 0.648482 -0.125106 3.110096
v 0.683394 -0.125106 0.435487
v 0.665938 -0.123386 0.435487
v 0.700180 -0.130198 0.435487
v 0.715649 -0.138466 0.435487
v 0.729209 -0.149594 0.435487
v 0.740337 -0.163153 0.435487
v 0.748605 -0.178623 0.435487
v 0.753697 -0.195409 0.435487
v 0.755416 -0.212865 0.435487
v 0.753697 -0.230322 0.435487
v 0.748605 -0.247107 0.435487
v 0.740337 -0.262577 0.435487
v 0.729209 -0.276136 0.435487
v 0.715649 -0.287264 0.435487
v 0.700180 -0.295533 0.435487
v 0.683394 -0.300625 0.435487
v 0.665938 -0.302344 0.435487
v 0.648481 -0.300625 0.435487
v 0.631696 -0.295533 0.435487
v 0.616226 -0.287264 0.435487
v 0.602667 -0.276136 0.435487
v 0.591539 -0.262577 0.435487
v 0.583270 -0.247107 0.435487
v 0.578178 -0.230321 0.435487
v 0.576459 -0.212865 0.435487
v 0.578178 -0.195409 0.435487
v 0.583270 -0.178623 0.435487
v 0.591539 -0.163153 0.435487
v 0.602667 -0.149594 0.435487
v 0.616226 -0.138466 0.435487
v 0.631696 -0.130198 0.435487
v 0.648481 -0.125106 0.435487
v 0.824005 -1.530092 3.325265
v 0.824005 -1.541687 3.110096
v 0.849703 -1.532623 3.325265
v 0.847441 -1.543996 3.110096
v 0.874413 -1.540119 3.325265
v 0.869976 -1.550832 3.110096
v 0.897186 -1.552291 3.325265
v 0.890744 -1.561933 3.110096
v 0.917147 -1.568673 3.325265
v 0.908948 -1.576872 3.110096
v 0.933529 -1.588634 3.325265
v 0.923887 -1.595076 3.110096
v 0.945701 -1.611407 3.325265
v 0.934988 -1.615844 3.110096
v 0.953197 -1.636117 3.325265
v 0.941824 -1.638379 3.110096
v 0.955728 -1.661815 3.325265
v 0.944133 -1.661815 3.110096
v 0.953197 -1.687513 3.325265
v 0.941824 -1.685251 3.110096
v 0.945701 -1.712223 3.325265
v 0.934988 -1.707786 3.110096
v 0.933529 -1.734996 3.325265
v 0.923887 -1.728554 3.110096
v 0.917147 -1.754957 3.325265
v 0.908948 -1.746758 3.110096
v 0.897186 -1.771339 3.325265
v 0.890744 -1.761698 3.110096
v 0.874413 -1.783511 3.325265
v 0.869976 -1.772798 3.110096
v 0.849703 -1.791007 3.325265
v 0.847441 -1.779634 3.110096
v 0.824005 -1.793538 3.325265
v 0.824005 -1.781942 3.110096
v 0.798307 -1.791007 3.325265
v 0.800569 -1.779634 3.110096
v 0.773597 -1.783511 3.325265
v 0.778034 -1.772798 3.110096
v 0.750824 -1.771338 3.325265
v 0.757266 -1.761697 3.110096
v 0.730863 -1.754957 3.325265
v 0.739062 -1.746758 3.110096
v 0.714482 -1.734996 3.325265
v 0.724123 -1.728554 3.110096
v 0.702309 -1.712223 3.325265
v 0.713022 -1.707786 3.110096
v 0.694813 -1.687513 3.325265
v 0.706186 -1.685251 3.110096
v 0.692282 -1.661815 3.325265
v 0.703878 -1.661815 3.110096
v 0.694813 -1.636117 3.325265
v 0.706186 -1.638379 3.110096
v 0.702309 -1.611407 3.325265
v 0.713022 -1.615844 3.110096
v 0.714482 -1.588634 3.325265
v 0.724123 -1.595076 3.110096
v 0.730863 -1.568673 3.325265
v 0.739062 -1.576872 3.110096
v 0.750824 -1.552291 3.325265
v 0.757266 -1.561933 3.110096
v 0.773597 -1.540119 3.325265
v 0.778035 -1.550832 3.110096
v 0.798308 -1.532623 3.325265
v 0.800570 -1.543996 3.110096
v 0.841462 -1.574055 3.110096
v 0.824005 -1.572336 3.110096
v 0.858247 -1.579147 3.110096
v 0.873717 -1.587416 3.110096
v 0.887276 -1.598544 3.110096
v 0.898404 -1.612103 3.110096
v 0.906673 -1.627573 3.110096
v 0.911765 -1.644359 3.110096
v 0.913484 -1.661815 3.110096
v 0.911765 -1.679271 3.110096
v 0.906673 -1.696057 3.110096
v 0.898404 -1.711527 3.110096
v 0.887276 -1.725086 3.110096
v 0.873717 -1.736214 3.110096
v 0.858247 -1.744483 3.110096
v 0.841462 -1.749575 3.110096
v 0.824005 -1.751294 3.110096
v 0.806549 -1.749575 3.110096
v 0.789763 -1.744483 3.110096
v 0.774293 -1.736214 3.110096
v 0.760734 -1.725086 3.110096
v 0.749606 -1.711527 3.110096
v 0.741338 -1.696057 3.110096
v 0.736246 -1.679271 3.110096
v 0.734526 -1.661815 3.110096
v 0.736246 -1.644359 3.110096
v 0.741338 -1.627573 3.110096
v 0.749606 -1.612103 3.110096
v 0.760734 -1.598544 3.110096
v 0.774294 -1.587416 3.110096
v 0.789763 -1.579147 3.110096
v 0.806549 -1.574055 3.110096
v 0.841461 -1.574056 0.435487
v 0.824005 -1.572336 0.435487
v 0.858247 -1.579148 0.435487
v 0.873717 -1.587416 0.435487
v 0.887276 -1.598544 0.435487
v 0.898404 -1.612104 0.435487
v 0.906673 -1.627573 0.435487
v 0.911764 -1.644359 0.435487
v 0.913484 -1.661815 0.435487
v 0.911764 -1.679271 0.435487
v 0.906673 -1.696057 0.435487
v 0.898404 -1.711527 0.435487
v 0.887276 -1.725086 0.435487
v 0.873717 -1.736214 0.435487
v 0.858247 -1.744483 0.435487
v 0.841461 -1.749575 0.435487
v 0.824005 -1.751294 0.435487
v 0.806548 -1.749575 0.435487
v 0.789763 -1.744483 0.435487
v 0.774293 -1.736214 0.435487
v 0.760734 -1.725086 0.435487
v 0.749606 -1.711527 0.435487
v 0.741337 -1.696057 0.435487
v 0.736246 -1.679271 0.435487
v 0.734526 -1.661815 0.435487
v 0.736246 -1.644359 0.435487
v 0.741337 -1.627573 0.435487
v 0.749606 -1.612103 0.435487
v 0.760734 -1.598544 0.435487
v 0.774293 -1.587416 0.435487
v 0.789763 -1.579148 0.435487
v 0.806549 -1.574056 0.435487
vt 1.000000 0.500000
vt 1.000000 1.000000
vt 0.968750 1.000000
vt 0.968750 0.500000
vt 0.937500 1.000000
vt 0.937500 0.500000
vt 0.906250 1.000000
vt 0.906250 0.500000
vt 0.875000 1.000000
vt 0.875000 0.500000
vt 0.843750 1.000000
vt 0.843750 0.500000
vt 0.812500 1.000000
vt 0.812500 0.500000
vt 0.781250 1.000000
vt 0.781250 0.500000
vt 0.750000 1.000000
vt 0.750000 0.500000
vt 0.718750 1.000000
vt 0.718750 0.500000
vt 0.687500 1.000000
vt 0.687500 0.500000
vt 0.656250 1.000000
vt 0.656250 0.500000
vt 0.625000 1.000000
vt 0.625000 0.500000
vt 0.593750 1.000000
vt 0.593750 0.500000
vt 0.562500 1.000000
vt 0.562500 0.500000
vt 0.531250 1.000000
vt 0.531250 0.500000
vt 0.500000 1.000000
vt 0.500000 0.500000
vt 0.468750 1.000000
vt 0.468750 0.500000
vt 0.437500 1.000000
vt 0.437500 0.500000
vt 0.406250 1.000000
vt 0.406250 0.500000
vt 0.375000 1.000000
vt 0.375000 0.500000
vt 0.343750 1.000000
vt 0.343750 0.500000
vt 0.312500 1.000000
vt 0.312500 0.500000
vt 0.281250 1.000000
vt 0.281250 0.500000
vt 0.250000 1.000000
vt 0.250000 0.500000
vt 0.218750 1.000000
vt 0.218750 0.500000
vt 0.187500 1.000000
vt 0.187500 0.500000
vt 0.156250 1.000000
vt 0.156250 0.500000
vt 0.125000 1.000000
vt 0.125000 0.500000
vt 0.093750 1.000000
vt 0.093750 0.500000
vt 0.062500 1.000000
vt 0.062500 0.500000
vt 0.812500 1.000000
vt 0.781250 1.000000
vt 0.031250 1.000000
vt 0.031250 0.500000
vt 0.000000 1.000000
vt 0.000000 0.500000
vt 0.750000 0.490000
vt 0.796822 0.485388
vt 0.841844 0.471731
vt 0.883337 0.449553
vt 0.919706 0.419706
vt 0.949553 0.383337
vt 0.971731 0.341844
vt 0.985388 0.296822
vt 0.990000 0.250000
vt 0.985388 0.203178
vt 0.971731 0.158156
vt 0.949553 0.116663
vt 0.919706 0.080294
vt 0.883337 0.050447
vt 0.841844 0.028269
vt 0.796822 0.014612
vt 0.750000 0.010000
vt 0.703178 0.014612
vt 0.658156 0.028269
vt 0.616663 0.050447
vt 0.580294 0.080294
vt 0.550447 0.116663
vt 0.528269 0.158156
vt 0.514611 0.203179
vt 0.510000 0.250000
vt 0.514612 0.296822
vt 0.528269 0.341844
vt 0.550447 0.383337
vt 0.580295 0.419706
vt 0.616663 0.449553
vt 0.658156 0.471731
vt 0.703179 0.485389
vt 0.531250 1.000000
vt 0.500000 1.000000
vt 0.250000 1.000000
vt 0.218750 1.000000
vt 0.937500 1.000000
vt 0.906250 1.000000
vt 0.656250 1.000000
vt 0.625000 1.000000
vt 0.375000 1.000000
vt 0.343750 1.000000
vt 0.093750 1.000000
vt 0.062500 1.000000
vt 0.750000 1.000000
vt 0.468750 1.000000
vt 0.187500 1.000000
vt 0.875000 1.000000
vt 0.593750 1.000000
vt 0.312500 1.000000
vt 0.031250 1.000000
vt 0.718750 1.000000
vt 0.437500 1.000000
vt 0.156250 1.000000
vt 0.843750 1.000000
vt 0.562500 1.000000
vt 0.281250 1.000000
vt 1.000000 1.000000
vt 0.968750 1.000000
vt 0.000000 1.000000
vt 0.687500 1.000000
vt 0.406250 1.000000
vt 0.125000 1.000000
vt 1.000000 0.500000
vt 1.000000 1.000000
vt 0.968750 1.000000
vt 0.968750 0.500000
vt 0.937500 1.000000
vt 0.937500 0.500000
vt 0.906250 1.000000
vt 0.906250 0.500000
vt 0.875000 1.000000
vt 0.875000 0.500000
vt 0.843750 1.000000
vt 0.843750 0.500000
vt 0.812500 1.000000
vt 0.812500 0.500000
vt 0.781250 1.000000
vt 0.781250 0.500000
vt 0.750000 1.000000
vt 0.750000 0.500000
vt 0.718750 1.000000
vt 0.718750 0.500000
vt 0.687500 1.000000
vt 0.687500 0.500000
vt 0.656250 1.000000
vt 0.656250 0.500000
vt 0.625000 1.000000
vt 0.625000 0.500000
vt 0.593750 1.000000
vt 0.593750 0.500000
vt 0.562500 1.000000
vt 0.562500 0.500000
vt 0.531250 1.000000
vt 0.531250 0.500000
vt 0.500000 1.000000
vt 0.500000 0.500000
vt 0.468750 1.000000
vt 0.468750 0.500000
vt 0.437500 1.000000
vt 0.437500 0.500000
vt 0.406250 1.000000
vt 0.406250 0.500000
vt 0.375000 1.000000
vt 0.375000 0.500000
vt 0.343750 1.000000
vt 0.343750 0.500000
vt 0.312500 1.000000
vt 0.312500 0.500000
vt 0.281250 1.000000
vt 0.281250 0.500000
vt 0.250000 1.000000
vt 0.250000 0.500000
vt 0.218750 1.000000
vt 0.218750 0.500000
vt 0.187500 1.000000
vt 0.187500 0.500000
vt 0.156250 1.000000
vt 0.156250 0.500000
vt 0.125000 1.000000
vt 0.125000 0.500000
vt 0.093750 1.000000
vt 0.093750 0.500000
vt 0.062500 1.000000
vt 0.062500 0.500000
vt 0.812500 1.000000
vt 0.781250 1.000000
vt 0.031250 1.000000
vt 0.031250 0.500000
vt 0.000000 1.000000
vt 0.000000 0.500000
vt 0.750000 0.490000
vt 0.796822 0.485388
vt 0.841844 0.471731
vt 0.883337 0.449553
vt 0.919706 0.419706
vt 0.949553 0.383337
vt 0.971731 0.341844
vt 0.985388 0.296822
vt 0.990000 0.250000
vt 0.985388 0.203178
vt 0.971731 0.158156
vt 0.949553 0.116663
vt 0.919706 0.080294
vt 0.883337 0.050447
vt 0.841844 0.028269
vt 0.796822 0.014612
vt 0.750000 0.010000
vt 0.703178 0.014612
vt 0.658156 0.028269
vt 0.616663 0.050447
vt 0.580294 0.080294
vt 0.550447 0.116663
vt 0.528269 0.158156
vt 0.514611 0.203179
vt 0.510000 0.250000
vt 0.514612 0.296822
vt 0.528269 0.341844
vt 0.550447 0.383337
vt 0.580295 0.419706
vt 0.616663 0.449553
vt 0.658156 0.471731
vt 0.703179 0.485389
vt 0.531250 1.000000
vt 0.500000 1.000000
vt 0.250000 1.000000
vt 0.218750 1.000000
vt 0.937500 1.000000
vt 0.906250 1.000000
vt 0.656250 1.000000
vt 0.625000 1.000000
vt 0.375000 1.000000
vt 0.343750 1.000000
vt 0.093750 1.000000
vt 0.062500 1.000000
vt 0.750000 1.000000
vt 0.468750 1.000000
vt 0.187500 1.000000
vt 0.875000 1.000000
vt 0.593750 1.000000
vt 0.312500 1.000000
vt 0.031250 1.000000
vt 0.718750 1.000000
vt 0.437500 1.000000
vt 0.156250 1.000000
vt 0.843750 1.000000
vt 0.562500 1.000000
vt 0.281250 1.000000
vt 1.000000 1.000000
vt 0.968750 1.000000
vt 0.000000 1.000000
vt 0.687500 1.000000
vt 0.406250 1.000000
vt 0.125000 1.000000
vt 1.000000 0.500000
vt 1.000000 1.000000
vt 0.968750 1.000000
vt 0.968750 0.500000
vt 0.937500 1.000000
vt 0.937500 0.500000
vt 0.906250 1.000000
vt 0.906250 0.500000
vt 0.875000 1.000000
vt 0.875000 0.500000
vt 0.843750 1.000000
vt 0.843750 0.500000
vt 0.812500 1.000000
vt 0.812500 0.500000
vt 0.781250 1.000000
vt 0.781250 0.500000
vt 0.750000 1.000000
vt 0.750000 0.500000
vt 0.718750 1.000000
vt 0.718750 0.500000
vt 0.687500 1.000000
vt 0.687500 0.500000
vt 0.656250 1.000000
vt 0.656250 0.500000
vt 0.625000 1.000000
vt 0.625000 0.500000
vt 0.593750 1.000000
vt 0.593750 0.500000
vt 0.562500 1.000000
vt 0.562500 0.500000
vt 0.531250 1.000000
vt 0.531250 0.500000
vt 0.500000 1.000000
vt 0.500000 0.500000
vt 0.468750 1.000000
vt 0.468750 0.500000
vt 0.437500 1.000000
vt 0.437500 0.500000
vt 0.406250 1.000000
vt 0.406250 0.500000
vt 0.375000 1.000000
vt 0.375000 0.500000
vt 0.343750 1.000000
vt 0.343750 0.500000
vt 0.312500 1.000000
vt 0.312500 0.500000
vt 0.281250 1.000000
vt 0.281250 0.500000
vt 0.250000 1.000000
vt 0.250000 0.500000
vt 0.218750 1.000000
vt 0.218750 0.500000
vt 0.187500 1.000000
vt 0.187500 0.500000
vt 0.156250 1.000000
vt 0.156250 0.500000
vt 0.125000 1.000000
vt 0.125000 0.500000
vt 0.093750 1.000000
vt 0.093750 0.500000
vt 0.062500 1.000000
vt 0.062500 0.500000
vt 0.812500 1.000000
vt 0.781250 1.000000
vt 0.031250 1.000000
vt 0.031250 0.500000
vt 0.000000 1.000000
vt 0.000000 0.500000
vt 0.750000 0.490000
vt 0.796822 0.485388
vt 0.841844 0.471731
vt 0.883337 0.449553
vt 0.919706 0.419706
vt 0.949553 0.383337
vt 0.971731 0.341844
vt 0.985388 0.296822
vt 0.990000 0.250000
vt 0.985388 0.203178
vt 0.971731 0.158156
vt 0.949553 0.116663
vt 0.919706 0.080294
vt 0.883337 0.050447
vt 0.841844 0.028269
vt 0.796822 0.014612
vt 0.750000 0.010000
vt 0.703178 0.014612
vt 0.658156 0.028269
vt 0.616663 0.050447
vt 0.580294 0.080294
vt 0.550447 0.116663
vt 0.528269 0.158156
vt 0.514611 0.203179
vt 0.510000 0.250000
vt 0.514612 0.296822
vt 0.528269 0.341844
vt 0.550447 0.383337
vt 0.580295 0.419706
vt 0.616663 0.449553
vt 0.658156 0.471731
vt 0.703179 0.485389
vt 0.531250 1.000000
vt 0.500000 1.000000
vt 0.250000 1.000000
vt 0.218750 1.000000
vt 0.937500 1.000000
vt 0.906250 1.000000
vt 0.656250 1.000000
vt 0.625000 1.000000
vt 0.375000 1.000000
vt 0.343750 1.000000
vt 0.093750 1.000000
vt 0.062500 1.000000
vt 0.750000 1.000000
vt 0.468750 1.000000
vt 0.187500 1.000000
vt 0.875000 1.000000
vt 0.593750 1.000000
vt 0.312500 1.000000
vt 0.031250 1.000000
vt 0.718750 1.000000
vt 0.437500 1.000000
vt 0.156250 1.000000
vt 0.843750 1.000000
vt 0.562500 1.000000
vt 0.281250 1.000000
vt 1.000000 1.000000
vt 0.968750 1.000000
vt 0.000000 1.000000
vt 0.687500 1.000000
vt 0.406250 1.000000
vt 0.125000 1.000000
vt 1.000000 0.500000
vt 0.968750 0.500000
vt 0.968750 1.000000
vt 1.000000 1.000000
vt 0.937500 0.500000
vt 0.937500 1.000000
vt 0.906250 0.500000
vt 0.906250 1.000000
vt 0.875000 0.500000
vt 0.875000 1.000000
vt 0.843750 0.500000
vt 0.843750 1.000000
vt 0.812500 0.500000
vt 0.812500 1.000000
vt 0.781250 0.500000
vt 0.781250 1.000000
vt 0.750000 0.500000
vt 0.750000 1.000000
vt 0.718750 0.500000
vt 0.718750 1.000000
vt 0.687500 0.500000
vt 0.687500 1.000000
vt 0.656250 0.500000
vt 0.656250 1.000000
vt 0.625000 0.500000
vt 0.625000 1.000000
vt 0.593750 0.500000
vt 0.593750 1.000000
vt 0.562500 0.500000
vt 0.562500 1.000000
vt 0.531250 0.500000
vt 0.531250 1.000000
vt 0.500000 0.500000
vt 0.500000 1.000000
vt 0.468750 0.500000
vt 0.468750 1.000000
vt 0.437500 0.500000
vt 0.437500 1.000000
vt 0.406250 0.500000
vt 0.406250 1.000000
vt 0.375000 0.500000
vt 0.375000 1.000000
vt 0.343750 0.500000
vt 0.343750 1.000000
vt 0.312500 0.500000
vt 0.312500 1.000000
vt 0.281250 0.500000
vt 0.281250 1.000000
vt 0.250000 0.500000
vt 0.250000 1.000000
vt 0.218750 0.500000
vt 0.218750 1.000000
vt 0.187500 0.500000
vt 0.187500 1.000000
vt 0.156250 0.500000
vt 0.156250 1.000000
vt 0.125000 0.500000
vt 0.125000 1.000000
vt 0.093750 0.500000
vt 0.093750 1.000000
vt 0.062500 0.500000
vt 0.062500 1.000000
vt 0.781250 1.000000
vt 0.812500 1.000000
vt 0.031250 0.500000
vt 0.031250 1.000000
vt 0.000000 0.500000
vt 0.000000 1.000000
vt 0.750000 0.490000
vt 0.703179 0.485389
vt 0.658156 0.471731
vt 0.616663 0.449553
vt 0.580295 0.419706
vt 0.550447 0.383337
vt 0.528269 0.341844
vt 0.514612 0.296822
vt 0.510000 0.250000
vt 0.514611 0.203179
vt 0.528269 0.158156
vt 0.550447 0.116663
vt 0.580294 0.080294
vt 0.616663 0.050447
vt 0.658156 0.028269
vt 0.703178 0.014612
vt 0.750000 0.010000
vt 0.796822 0.014612
vt 0.841844 0.028269
vt 0.883337 0.050447
vt 0.919706 0.080294
vt 0.949553 0.116663
vt 0.971731 0.158156
vt 0.985388 0.203178
vt 0.990000 0.250000
vt 0.985388 0.296822
vt 0.971731 0.341844
vt 0.949553 0.383337
vt 0.919706 0.419706
vt 0.883337 0.449553
vt 0.841844 0.471731
vt 0.796822 0.485388
vt 0.500000 1.000000
vt 0.531250 1.000000
vt 0.218750 1.000000
vt 0.250000 1.000000
vt 0.906250 1.000000
vt 0.937500 1.000000
vt 0.625000 1.000000
vt 0.656250 1.000000
vt 0.343750 1.000000
vt 0.375000 1.000000
vt 0.062500 1.000000
vt 0.093750 1.000000
vt 0.750000 1.000000
vt 0.468750 1.000000
vt 0.187500 1.000000
vt 0.875000 1.000000
vt 0.593750 1.000000
vt 0.312500 1.000000
vt 0.031250 1.000000
vt 0.718750 1.000000
vt 0.437500 1.000000
vt 0.156250 1.000000
vt 0.843750 1.000000
vt 0.562500 1.000000
vt 0.281250 1.000000
vt 0.968750 1.000000
vt 1.000000 1.000000
vt 0.000000 1.000000
vt 0.687500 1.000000
vt 0.406250 1.000000
vt 0.125000 1.000000
vt 1.000000 0.500000
vt 0.968750 0.500000
vt 0.968750 1.000000
vt 1.000000 1.000000
vt 0.937500 0.500000
vt 0.937500 1.000000
vt 0.906250 0.500000
vt 0.906250 1.000000
vt 0.875000 0.500000
vt 0.875000 1.000000
vt 0.843750 0.500000
vt 0.843750 1.000000
vt 0.812500 0.500000
vt 0.812500 1.000000
vt 0.781250 0.500000
vt 0.781250 1.000000
vt 0.750000 0.500000
vt 0.750000 1.000000
vt 0.718750 0.500000
vt 0.718750 1.000000
vt 0.687500 0.500000
vt 0.687500 1.000000
vt 0.656250 0.500000
vt 0.656250 1.000000
vt 0.625000 0.500000
vt 0.625000 1.000000
vt 0.593750 0.500000
vt 0.593750 1.000000
vt 0.562500 0.500000
vt 0.562500 1.000000
vt 0.531250 0.500000
vt 0.531250 1.000000
vt 0.500000 0.500000
vt 0.500000 1.000000
vt 0.468750 0.500000
vt 0.468750 1.000000
vt 0.437500 0.500000
vt 0.437500 1.000000
vt 0.406250 0.500000
vt 0.406250 1.000000
vt 0.375000 0.500000
vt 0.375000 1.000000
vt 0.343750 0.500000
vt 0.343750 1.000000
vt 0.312500 0.500000
vt 0.312500 1.000000
vt 0.281250 0.500000
vt 0.281250 1.000000
vt 0.250000 0.500000
vt 0.250000 1.000000
vt 0.218750 0.500000
vt 0.218750 1.000000
vt 0.187500 0.500000
vt 0.187500 1.000000
vt 0.156250 0.500000
vt 0.156250 1.000000
vt 0.125000 0.500000
vt 0.125000 1.000000
vt 0.093750 0.500000
vt 0.093750 1.000000
vt 0.062500 0.500000
vt 0.062500 1.000000
vt 0.781250 1.000000
vt 0.812500 1.000000
vt 0.031250 0.500000
vt 0.031250 1.000000
vt 0.000000 0.500000
vt 0.000000 1.000000
vt 0.750000 0.490000
vt 0.703179 0.485389
vt 0.658156 0.471731
vt 0.616663 0.449553
vt 0.580295 0.419706
vt 0.550447 0.383337
vt 0.528269 0.341844
vt 0.514612 0.296822
vt 0.510000 0.250000
vt 0.514611 0.203179
vt 0.528269 0.158156
vt 0.550447 0.116663
vt 0.580294 0.080294
vt 0.616663 0.050447
vt 0.658156 0.028269
vt 0.703178 0.014612
vt 0.750000 0.010000
vt 0.796822 0.014612
vt 0.841844 0.028269
vt 0.883337 0.050447
vt 0.919706 0.080294
vt 0.949553 0.116663
vt 0.971731 0.158156
vt 0.985388 0.203178
vt 0.990000 0.250000
vt 0.985388 0.296822
vt 0.971731 0.341844
vt 0.949553 0.383337
vt 0.919706 0.419706
vt 0.883337 0.449553
vt 0.841844 0.471731
vt 0.796822 0.485388
vt 0.500000 1.000000
vt 0.531250 1.000000
vt 0.218750 1.000000
vt 0.250000 1.000000
vt 0.906250 1.000000
vt 0.937500 1.000000
vt 0.625000 1.000000
vt 0.656250 1.000000
vt 0.343750 1.000000
vt 0.375000 1.000000
vt 0.062500 1.000000
vt 0.093750 1.000000
vt 0.750000 1.000000
vt 0.468750 1.000000
vt 0.187500 1.000000
vt 0.875000 1.000000
vt 0.593750 1.000000
vt 0.312500 1.000000
vt 0.031250 1.000000
vt 0.718750 1.000000
vt 0.437500 1.000000
vt 0.156250 1.000000
vt 0.843750 1.000000
vt 0.562500 1.000000
vt 0.281250 1.000000
vt 0.968750 1.000000
vt 1.000000 1.000000
vt 0.000000 1.000000
vt 0.687500 1.000000
vt 0.406250 1.000000
vt 0.125000 1.000000
vt 1.000000 0.500000
vt 0.968750 0.500000
vt 0.968750 1.000000
vt 1.000000 1.000000
vt 0.937500 0.500000
vt 0.937500 1.000000
vt 0.906250 0.500000
vt 0.906250 1.000000
vt 0.875000 0.500000
vt 0.875000 1.000000
vt 0.843750 0.500000
vt 0.843750 1.000000
vt 0.812500 0.500000
vt 0.812500 1.000000
vt 0.781250 0.500000
vt 0.781250 1.000000
vt 0.750000 0.500000
vt 0.750000 1.000000
vt 0.718750 0.500000
vt 0.718750 1.000000
vt 0.687500 0.500000
vt 0.687500 1.000000
vt 0.656250 0.500000
vt 0.656250 1.000000
vt 0.625000 0.500000
vt 0.625000 1.000000
vt 0.593750 0.500000
vt 0.593750 1.000000
vt 0.562500 0.500000
vt 0.562500 1.000000
vt 0.531250 0.500000
vt 0.531250 1.000000
vt 0.500000 0.500000
vt 0.500000 1.000000
vt 0.468750 0.500000
vt 0.468750 1.000000
vt 0.437500 0.500000
vt 0.437500 1.000000
vt 0.406250 0.500000
vt 0.406250 1.000000
vt 0.375000 0.500000
vt 0.375000 1.000000
vt 0.343750 0.500000
vt 0.343750 1.000000
vt 0.312500 0.500000
vt 0.312500 1.000000
vt 0.281250 0.500000
vt 0.281250 1.000000
vt 0.250000 0.500000
vt 0.250000 1.000000
vt 0.218750 0.500000
vt 0.218750 1.000000
vt 0.187500 0.500000
vt 0.187500 1.000000
vt 0.156250 0.500000
vt 0.156250 1.000000
vt 0.125000 0.500000
vt 0.125000 1.000000
vt 0.093750 0.500000
vt 0.093750 1.000000
vt 0.062500 0.500000
vt 0.062500 1.000000
vt 0.781250 1.000000
vt 0.812500 1.000000
vt 0.031250 0.500000
vt 0.031250 1.000000
vt 0.000000 0.500000
vt 0.000000 1.000000
vt 0.750000 0.490000
vt 0.703179 0.485389
vt 0.658156 0.471731
vt 0.616663 0.449553
vt 0.580295 0.419706
vt 0.550447 0.383337
vt 0.528269 0.341844
vt 0.514612 0.296822
vt 0.510000 0.250000
vt 0.514611 0.203179
vt 0.528269 0.158156
vt 0.550447 0.116663
vt 0.580294 0.080294
vt 0.616663 0.050447
vt 0.658156 0.028269
vt 0.703178 0.014612
vt 0.750000 0.010000
vt 0.796822 0.014612
vt 0.841844 0.028269
vt 0.883337 0.050447
vt 0.919706 0.080294
vt 0.949553 0.116663
vt 0.971731 0.158156
vt 0.985388 0.203178
vt 0.990000 0.250000
vt 0.985388 0.296822
vt 0.971731 0.341844
vt 0.949553 0.383337
vt 0.919706 0.419706
vt 0.883337 0.449553
vt 0.841844 0.471731
vt 0.796822 0.485388
vt 0.500000 1.000000
vt 0.531250 1.000000
vt 0.218750 1.000000
vt 0.250000 1.000000
vt 0.906250 1.000000
vt 0.937500 1.000000
vt 0.625000 1.000000
vt 0.656250 1.000000
vt 0.343750 1.000000
vt 0.375000 1.000000
vt 0.062500 1.000000
vt 0.093750 1.000000
vt 0.750000 1.000000
vt 0.468750 1.000000
vt 0.187500 1.000000
vt 0.875000 1.000000
vt 0.593750 1.000000
vt 0.312500 1.000000
vt 0.031250 1.000000
vt 0.718750 1.000000
vt 0.437500 1.000000
vt 0.156250 1.000000
vt 0.843750 1.000000
vt 0.562500 1.000000
vt 0.281250 1.000000
vt 0.968750 1.000000
vt 1.000000 1.000000
vt 0.000000 1.000000
vt 0.687500 1.000000
vt 0.406250 1.000000
vt 0.125000 1.000000
vt 0.875000 1.000000
vt 0.843750 1.000000
vt 0.031250 1.000000
vt 0.000000 1.000000
vt 0.437500 1.000000
vt 0.406250 1.000000
vt 0.812500 1.000000
vt 0.375000 1.000000
vt 0.781250 1.000000
vt 0.343750 1.000000
vt 0.750000 1.000000
vt 0.312500 1.000000
vt 0.718750 1.000000
vt 0.281250 1.000000
vt 0.687500 1.000000
vt 0.250000 1.000000
vt 0.656250 1.000000
vt 0.218750 1.000000
vt 0.625000 1.000000
vt 0.187500 1.000000
vt 0.593750 1.000000
vt 0.156250 1.000000
vt 0.562500 1.000000
vt 1.000000 1.000000
vt 0.968750 1.000000
vt 0.125000 1.000000
vt 0.531250 1.000000
vt 0.937500 1.000000
vt 0.093750 1.000000
vt 0.500000 1.000000
vt 0.906250 1.000000
vt 0.062500 1.000000
vt 0.468750 1.000000
vt 0.875000 1.000000
vt 0.843750 1.000000
vt 0.031250 1.000000
vt 0.000000 1.000000
vt 0.437500 1.000000
vt 0.406250 1.000000
vt 0.812500 1.000000
vt 0.375000 1.000000
vt 0.781250 1.000000
vt 0.343750 1.000000
vt 0.750000 1.000000
vt 0.312500 1.000000
vt 0.718750 1.000000
vt 0.281250 1.000000
vt 0.687500 1.000000
vt 0.250000 1.000000
vt 0.656250 1.000000
vt 0.218750 1.000000
vt 0.625000 1.000000
vt 0.187500 1.000000
vt 0.593750 1.000000
vt 0.156250 1.000000
vt 0.562500 1.000000
vt 1.000000 1.000000
vt 0.968750 1.000000
vt 0.125000 1.000000
vt 0.531250 1.000000
vt 0.937500 1.000000
vt 0.093750 1.000000
vt 0.500000 1.000000
vt 0.906250 1.000000
vt 0.062500 1.000000
vt 0.468750 1.000000
vt 0.875000 1.000000
vt 0.843750 1.000000
vt 0.031250 1.000000
vt 0.000000 1.000000
vt 0.437500 1.000000
vt 0.406250 1.000000
vt 0.812500 1.000000
vt 0.375000 1.000000
vt 0.781250 1.000000
vt 0.343750 1.000000
vt 0.750000 1.000000
vt 0.312500 1.000000
vt 0.718750 1.000000
vt 0.281250 1.000000
vt 0.687500 1.000000
vt 0.250000 1.000000
vt 0.656250 1.000000
vt 0.218750 1.000000
vt 0.625000 1.000000
vt 0.187500 1.000000
vt 0.593750 1.000000
vt 0.156250 1.000000
vt 0.562500 1.000000
vt 1.000000 1.000000
vt 0.968750 1.000000
vt 0.125000 1.000000
vt 0.531250 1.000000
vt 0.937500 1.000000
vt 0.093750 1.000000
vt 0.500000 1.000000
vt 0.906250 1.000000
vt 0.062500 1.000000
vt 0.468750 1.000000
vt 0.296822 0.485388
vt 0.341844 0.471731
vt 0.383337 0.449553
vt 0.419706 0.419706
vt 0.449553 0.383337
vt 0.471731 0.341844
vt 0.485388 0.296822
vt 0.490000 0.250000
vt 0.485388 0.203178
vt 0.471731 0.158156
vt 0.449553 0.116663
vt 0.419706 0.080294
vt 0.383337 0.050447
vt 0.341844 0.028269
vt 0.296822 0.014612
vt 0.250000 0.010000
vt 0.203178 0.014612
vt 0.158156 0.028269
vt 0.116663 0.050447
vt 0.080294 0.080294
vt 0.050447 0.116663
vt 0.028269 0.158156
vt 0.014611 0.203179
vt 0.010000 0.250000
vt 0.014612 0.296822
vt 0.028269 0.341844
vt 0.050447 0.383337
vt 0.080295 0.419706
vt 0.116663 0.449553
vt 0.158156 0.471731
vt 0.203179 0.485389
vt 0.250000 0.490000
vt 0.296822 0.485388
vt 0.341844 0.471731
vt 0.383337 0.449553
vt 0.419706 0.419706
vt 0.449553 0.383337
vt 0.471731 0.341844
vt 0.485388 0.296822
vt 0.490000 0.250000
vt 0.485388 0.203178
vt 0.471731 0.158156
vt 0.449553 0.116663
vt 0.419706 0.080294
vt 0.383337 0.050447
vt 0.341844 0.028269
vt 0.296822 0.014612
vt 0.250000 0.010000
vt 0.203178 0.014612
vt 0.158156 0.028269
vt 0.116663 0.050447
vt 0.080294 0.080294
vt 0.050447 0.116663
vt 0.028269 0.158156
vt 0.014611 0.203179
vt 0.010000 0.250000
vt 0.014612 0.296822
vt 0.028269 0.341844
vt 0.050447 0.383337
vt 0.080295 0.419706
vt 0.116663 0.449553
vt 0.158156 0.471731
vt 0.203179 0.485389
vt 0.250000 0.490000
vt 0.296822 0.485388
vt 0.341844 0.471731
vt 0.383337 0.449553
vt 0.419706 0.419706
vt 0.449553 0.383337
vt 0.471731 0.341844
vt 0.485388 0.296822
vt 0.490000 0.250000
vt 0.485388 0.203178
vt 0.471731 0.158156
vt 0.449553 0.116663
vt 0.419706 0.080294
vt 0.383337 0.050447
vt 0.341844 0.028269
vt 0.296822 0.014612
vt 0.250000 0.010000
vt 0.203178 0.014612
vt 0.158156 0.028269
vt 0.116663 0.050447
vt 0.080294 0.080294
vt 0.050447 0.116663
vt 0.028269 0.158156
vt 0.014611 0.203179
vt 0.010000 0.250000
vt 0.014612 0.296822
vt 0.028269 0.341844
vt 0.050447 0.383337
vt 0.080295 0.419706
vt 0.116663 0.449553
vt 0.158156 0.471731
vt 0.203179 0.485389
vt 0.250000 0.490000
vn -0.0000 0.9986 0.0538
vn 0.1948 0.9794 0.0538
vn 0.3821 0.9225 0.0538
vn 0.5548 0.8303 0.0538
vn 0.7061 0.7061 0.0538
vn 0.8303 0.5548 0.0538
vn 0.9225 0.3821 0.0538
vn 0.9794 0.1948 0.0538
vn 0.9986 0.0000 0.0538
vn 0.9794 -0.1948 0.0538
vn 0.9225 -0.3821 0.0538
vn 0.8303 -0.5548 0.0538
vn 0.7061 -0.7061 0.0538
vn 0.5548 -0.8303 0.0538
vn 0.3821 -0.9225 0.0538
vn 0.1948 -0.9794 0.0538
vn -0.0000 -0.9986 0.0538
vn -0.1948 -0.9794 0.0538
vn -0.3821 -0.9225 0.0538
vn -0.5548 -0.8303 0.0538
vn -0.7061 -0.7061 0.0538
vn -0.8303 -0.5548 0.0538
vn -0.9225 -0.3821 0.0538
vn -0.9794 -0.1948 0.0538
vn -0.9986 0.0000 0.0538
vn -0.9794 0.1948 0.0538
vn -0.9225 0.3821 0.0538
vn -0.8303 0.5548 0.0538
vn -0.7061 0.7061 0.0538
vn -0.5548 0.8303 0.0538
vn -0.3821 0.9225 0.0538
vn -0.0000 -0.0000 1.0000
vn -0.1948 0.9794 0.0538
vn -0.0000 0.0000 -1.0000
vn -0.0000 0.9986 -0.0538
vn 0.1948 0.9794 -0.0538
vn 0.3821 0.9225 -0.0538
vn 0.5548 0.8303 -0.0538
vn 0.7061 0.7061 -0.0538
vn 0.8303 0.5548 -0.0538
vn 0.9225 0.3821 -0.0538
vn 0.9794 0.1948 -0.0538
vn 0.9986 0.0000 -0.0538
vn 0.9794 -0.1948 -0.0538
vn 0.9225 -0.3821 -0.0538
vn 0.8303 -0.5548 -0.0538
vn 0.7061 -0.7061 -0.0538
vn 0.5548 -0.8303 -0.0538
vn 0.3821 -0.9225 -0.0538
vn 0.1948 -0.9794 -0.0538
vn -0.0000 -0.9986 -0.0538
vn -0.1948 -0.9794 -0.0538
vn -0.3821 -0.9225 -0.0538
vn -0.5548 -0.8303 -0.0538
vn -0.7061 -0.7061 -0.0538
vn -0.8303 -0.5548 -0.0538
vn -0.9225 -0.3821 -0.0538
vn -0.9794 -0.1948 -0.0538
vn -0.9986 0.0000 -0.0538
vn -0.9794 0.1948 -0.0538
vn -0.9225 0.3821 -0.0538
vn -0.8303 0.5548 -0.0538
vn -0.7061 0.7061 -0.0538
vn -0.5548 0.8303 -0.0538
vn -0.3821 0.9225 -0.0538
vn -0.1948 0.9794 -0.0538
vn 0.8315 0.5556 0.0000
vn 0.7071 0.7071 0.0000
vn 0.0000 1.0000 0.0000
vn -0.1951 0.9808 0.0000
vn -0.5556 -0.8315 -0.0000
vn -0.3827 -0.9239 -0.0000
vn 0.9239 0.3827 0.0000
vn -0.7071 -0.7071 -0.0000
vn 0.9808 0.1951 0.0000
vn -0.8315 -0.5556 -0.0000
vn 1.0000 -0.0000 0.0000
vn -0.9239 -0.3827 -0.0000
vn 0.9808 -0.1951 0.0000
vn -0.9808 -0.1951 -0.0000
vn 0.9239 -0.3827 0.0000
vn -1.0000 0.0000 -0.0000
vn 0.8315 -0.5556 0.0000
vn -0.9808 0.1951 -0.0000
vn 0.7071 -0.7071 0.0000
vn -0.9239 0.3827 -0.0000
vn 0.5556 -0.8315 0.0000
vn -0.8315 0.5556 -0.0000
vn 0.3827 -0.9239 0.0000
vn 0.1951 0.9808 0.0000
vn -0.7071 0.7071 -0.0000
vn 0.1951 -0.9808 -0.0000
vn 0.3827 0.9239 0.0000
vn -0.5556 0.8315 -0.0000
vn -0.0000 -1.0000 -0.0000
vn 0.5556 0.8315 0.0000
vn -0.3827 0.9239 -0.0000
vn -0.1951 -0.9808 -0.0000
usemtl Material.007
s 1
f 3986/5768/2939 3987/5769/2939 3989/5770/2940 3988/5771/2940
f 3988/5771/2940 3989/5770/2940 3991/5772/2941 3990/5773/2941
f 3990/5773/2941 3991/5772/2941 3993/5774/2942 3992/5775/2942
f 3992/5775/2942 3993/5774/2942 3995/5776/2943 3994/5777/2943
f 3994/5777/2943 3995/5776/2943 3997/5778/2944 3996/5779/2944
f 3996/5779/2944 3997/5778/2944 3999/5780/2945 3998/5781/2945
f 3998/5781/2945 3999/5780/2945 4001/5782/2946 4000/5783/2946
f 4000/5783/2946 4001/5782/2946 4003/5784/2947 4002/5785/2947
f 4002/5785/2947 4003/5784/2947 4005/5786/2948 4004/5787/2948
f 4004/5787/2948 4005/5786/2948 4007/5788/2949 4006/5789/2949
f 4006/5789/2949 4007/5788/2949 4009/5790/2950 4008/5791/2950
f 4008/5791/2950 4009/5790/2950 4011/5792/2951 4010/5793/2951
f 4010/5793/2951 4011/5792/2951 4013/5794/2952 4012/5795/2952
f 4012/5795/2952 4013/5794/2952 4015/5796/2953 4014/5797/2953
f 4014/5797/2953 4015/5796/2953 4017/5798/2954 4016/5799/2954
f 4016/5799/2954 4017/5798/2954 4019/5800/2955 4018/5801/2955
f 4018/5801/2955 4019/5800/2955 4021/5802/2956 4020/5803/2956
f 4020/5803/2956 4021/5802/2956 4023/5804/2957 4022/5805/2957
f 4022/5805/2957 4023/5804/2957 4025/5806/2958 4024/5807/2958
f 4024/5807/2958 4025/5806/2958 4027/5808/2959 4026/5809/2959
f 4026/5809/2959 4027/5808/2959 4029/5810/2960 4028/5811/2960
f 4028/5811/2960 4029/5810/2960 4031/5812/2961 4030/5813/2961
f 4030/5813/2961 4031/5812/2961 4033/5814/2962 4032/5815/2962
f 4032/5815/2962 4033/5814/2962 4035/5816/2963 4034/5817/2963
f 4034/5817/2963 4035/5816/2963 4037/5818/2964 4036/5819/2964
f 4036/5819/2964 4037/5818/2964 4039/5820/2965 4038/5821/2965
f 4038/5821/2965 4039/5820/2965 4041/5822/2966 4040/5823/2966
f 4040/5823/2966 4041/5822/2966 4043/5824/2967 4042/5825/2967
f 4042/5825/2967 4043/5824/2967 4045/5826/2968 4044/5827/2968
f 4044/5827/2968 4045/5826/2968 4047/5828/2969 4046/5829/2969
f 4001/5782/2970 3999/5780/2970 4056/5830/2970 4057/5831/2970
f 4046/5829/2969 4047/5828/2969 4049/5832/2971 4048/5833/2971
f 4048/5833/2971 4049/5832/2971 3987/5834/2939 3986/5835/2939
f 3986/5836/2972 3988/5837/2972 3990/5838/2972 3992/5839/2972 3994/5840/2972 3996/5841/2972 3998/5842/2972 4000/5843/2972 4002/5844/2972 4004/5845/2972 4006/5846/2972 4008/5847/2972 4010/5848/2972 4012/5849/2972 4014/5850/2972 4016/5851/2972 4018/5852/2972 4020/5853/2972 4022/5854/2972 4024/5855/2972 4026/5856/2972 4028/5857/2972 4030/5858/2972 4032/5859/2972 4034/5860/2972 4036/5861/2972 4038/5862/2972 4040/5863/2972 4042/5864/2972 4044/5865/2972 4046/5866/2972 4048/5867/2972
f 4019/5800/2970 4017/5798/2970 4065/5868/2970 4066/5869/2970
f 4037/5818/2970 4035/5816/2970 4074/5870/2970 4075/5871/2970
f 3993/5774/2970 3991/5772/2970 4052/5872/2970 4053/5873/2970
f 4011/5792/2970 4009/5790/2970 4061/5874/2970 4062/5875/2970
f 4029/5810/2970 4027/5808/2970 4070/5876/2970 4071/5877/2970
f 4047/5828/2970 4045/5826/2970 4079/5878/2970 4080/5879/2970
f 4003/5784/2970 4001/5782/2970 4057/5831/2970 4058/5880/2970
f 4021/5802/2970 4019/5800/2970 4066/5869/2970 4067/5881/2970
f 4039/5820/2970 4037/5818/2970 4075/5871/2970 4076/5882/2970
f 3995/5776/2970 3993/5774/2970 4053/5873/2970 4054/5883/2970
f 4013/5794/2970 4011/5792/2970 4062/5875/2970 4063/5884/2970
f 4031/5812/2970 4029/5810/2970 4071/5877/2970 4072/5885/2970
f 4049/5832/2970 4047/5828/2970 4080/5879/2970 4081/5886/2970
f 4005/5786/2970 4003/5784/2970 4058/5880/2970 4059/5887/2970
f 4023/5804/2970 4021/5802/2970 4067/5881/2970 4068/5888/2970
f 4041/5822/2970 4039/5820/2970 4076/5882/2970 4077/5889/2970
f 3997/5778/2970 3995/5776/2970 4054/5883/2970 4055/5890/2970
f 4015/5796/2970 4013/5794/2970 4063/5884/2970 4064/5891/2970
f 4033/5814/2970 4031/5812/2970 4072/5885/2970 4073/5892/2970
f 3989/5770/2970 3987/5769/2970 4051/5893/2970 4050/5894/2970
f 3987/5834/2970 4049/5832/2970 4081/5886/2970 4051/5895/2970
f 4007/5788/2970 4005/5786/2970 4059/5887/2970 4060/5896/2970
f 4025/5806/2970 4023/5804/2970 4068/5888/2970 4069/5897/2970
f 4043/5824/2970 4041/5822/2970 4077/5889/2970 4078/5898/2970
f 3999/5780/2970 3997/5778/2970 4055/5890/2970 4056/5830/2970
f 4017/5798/2970 4015/5796/2970 4064/5891/2970 4065/5868/2970
f 4035/5816/2970 4033/5814/2970 4073/5892/2970 4074/5870/2970
f 3991/5772/2970 3989/5770/2970 4050/5894/2970 4052/5872/2970
f 4009/5790/2970 4007/5788/2970 4060/5896/2970 4061/5874/2970
f 4027/5808/2970 4025/5806/2970 4069/5897/2970 4070/5876/2970
f 4045/5826/2970 4043/5824/2970 4078/5898/2970 4079/5878/2970
f 4082/5899/2939 4083/5900/2939 4085/5901/2940 4084/5902/2940
f 4084/5902/2940 4085/5901/2940 4087/5903/2941 4086/5904/2941
f 4086/5904/2941 4087/5903/2941 4089/5905/2942 4088/5906/2942
f 4088/5906/2942 4089/5905/2942 4091/5907/2943 4090/5908/2943
f 4090/5908/2943 4091/5907/2943 4093/5909/2944 4092/5910/2944
f 4092/5910/2944 4093/5909/2944 4095/5911/2945 4094/5912/2945
f 4094/5912/2945 4095/5911/2945 4097/5913/2946 4096/5914/2946
f 4096/5914/2946 4097/5913/2946 4099/5915/2947 4098/5916/2947
f 4098/5916/2947 4099/5915/2947 4101/5917/2948 4100/5918/2948
f 4100/5918/2948 4101/5917/2948 4103/5919/2949 4102/5920/2949
f 4102/5920/2949 4103/5919/2949 4105/5921/2950 4104/5922/2950
f 4104/5922/2950 4105/5921/2950 4107/5923/2951 4106/5924/2951
f 4106/5924/2951 4107/5923/2951 4109/5925/2952 4108/5926/2952
f 4108/5926/2952 4109/5925/2952 4111/5927/2953 4110/5928/2953
f 4110/5928/2953 4111/5927/2953 4113/5929/2954 4112/5930/2954
f 4112/5930/2954 4113/5929/2954 4115/5931/2955 4114/5932/2955
f 4114/5932/2955 4115/5931/2955 4117/5933/2956 4116/5934/2956
f 4116/5934/2956 4117/5933/2956 4119/5935/2957 4118/5936/2957
f 4118/5936/2957 4119/5935/2957 4121/5937/2958 4120/5938/2958
f 4120/5938/2958 4121/5937/2958 4123/5939/2959 4122/5940/2959
f 4122/5940/2959 4123/5939/2959 4125/5941/2960 4124/5942/2960
f 4124/5942/2960 4125/5941/2960 4127/5943/2961 4126/5944/2961
f 4126/5944/2961 4127/5943/2961 4129/5945/2962 4128/5946/2962
f 4128/5946/2962 4129/5945/2962 4131/5947/2963 4130/5948/2963
f 4130/5948/2963 4131/5947/2963 4133/5949/2964 4132/5950/2964
f 4132/5950/2964 4133/5949/2964 4135/5951/2965 4134/5952/2965
f 4134/5952/2965 4135/5951/2965 4137/5953/2966 4136/5954/2966
f 4136/5954/2966 4137/5953/2966 4139/5955/2967 4138/5956/2967
f 4138/5956/2967 4139/5955/2967 4141/5957/2968 4140/5958/2968
f 4140/5958/2968 4141/5957/2968 4143/5959/2969 4142/5960/2969
f 4097/5913/2970 4095/5911/2970 4152/5961/2970 4153/5962/2970
f 4142/5960/2969 4143/5959/2969 4145/5963/2971 4144/5964/2971
f 4144/5964/2971 4145/5963/2971 4083/5965/2939 4082/5966/2939
f 4082/5967/2972 4084/5968/2972 4086/5969/2972 4088/5970/2972 4090/5971/2972 4092/5972/2972 4094/5973/2972 4096/5974/2972 4098/5975/2972 4100/5976/2972 4102/5977/2972 4104/5978/2972 4106/5979/2972 4108/5980/2972 4110/5981/2972 4112/5982/2972 4114/5983/2972 4116/5984/2972 4118/5985/2972 4120/5986/2972 4122/5987/2972 4124/5988/2972 4126/5989/2972 4128/5990/2972 4130/5991/2972 4132/5992/2972 4134/5993/2972 4136/5994/2972 4138/5995/2972 4140/5996/2972 4142/5997/2972 4144/5998/2972
f 4115/5931/2970 4113/5929/2970 4161/5999/2970 4162/6000/2970
f 4133/5949/2970 4131/5947/2970 4170/6001/2970 4171/6002/2970
f 4089/5905/2970 4087/5903/2970 4148/6003/2970 4149/6004/2970
f 4107/5923/2970 4105/5921/2970 4157/6005/2970 4158/6006/2970
f 4125/5941/2970 4123/5939/2970 4166/6007/2970 4167/6008/2970
f 4143/5959/2970 4141/5957/2970 4175/6009/2970 4176/6010/2970
f 4099/5915/2970 4097/5913/2970 4153/5962/2970 4154/6011/2970
f 4117/5933/2970 4115/5931/2970 4162/6000/2970 4163/6012/2970
f 4135/5951/2970 4133/5949/2970 4171/6002/2970 4172/6013/2970
f 4091/5907/2970 4089/5905/2970 4149/6004/2970 4150/6014/2970
f 4109/5925/2970 4107/5923/2970 4158/6006/2970 4159/6015/2970
f 4127/5943/2970 4125/5941/2970 4167/6008/2970 4168/6016/2970
f 4145/5963/2970 4143/5959/2970 4176/6010/2970 4177/6017/2970
f 4101/5917/2970 4099/5915/2970 4154/6011/2970 4155/6018/2970
f 4119/5935/2970 4117/5933/2970 4163/6012/2970 4164/6019/2970
f 4137/5953/2970 4135/5951/2970 4172/6013/2970 4173/6020/2970
f 4093/5909/2970 4091/5907/2970 4150/6014/2970 4151/6021/2970
f 4111/5927/2970 4109/5925/2970 4159/6015/2970 4160/6022/2970
f 4129/5945/2970 4127/5943/2970 4168/6016/2970 4169/6023/2970
f 4085/5901/2970 4083/5900/2970 4147/6024/2970 4146/6025/2970
f 4083/5965/2970 4145/5963/2970 4177/6017/2970 4147/6026/2970
f 4103/5919/2970 4101/5917/2970 4155/6018/2970 4156/6027/2970
f 4121/5937/2970 4119/5935/2970 4164/6019/2970 4165/6028/2970
f 4139/5955/2970 4137/5953/2970 4173/6020/2970 4174/6029/2970
f 4095/5911/2970 4093/5909/2970 4151/6021/2970 4152/5961/2970
f 4113/5929/2970 4111/5927/2970 4160/6022/2970 4161/5999/2970
f 4131/5947/2970 4129/5945/2970 4169/6023/2970 4170/6001/2970
f 4087/5903/2970 4085/5901/2970 4146/6025/2970 4148/6003/2970
f 4105/5921/2970 4103/5919/2970 4156/6027/2970 4157/6005/2970
f 4123/5939/2970 4121/5937/2970 4165/6028/2970 4166/6007/2970
f 4141/5957/2970 4139/5955/2970 4174/6029/2970 4175/6009/2970
f 4178/6030/2939 4179/6031/2939 4181/6032/2940 4180/6033/2940
f 4180/6033/2940 4181/6032/2940 4183/6034/2941 4182/6035/2941
f 4182/6035/2941 4183/6034/2941 4185/6036/2942 4184/6037/2942
f 4184/6037/2942 4185/6036/2942 4187/6038/2943 4186/6039/2943
f 4186/6039/2943 4187/6038/2943 4189/6040/2944 4188/6041/2944
f 4188/6041/2944 4189/6040/2944 4191/6042/2945 4190/6043/2945
f 4190/6043/2945 4191/6042/2945 4193/6044/2946 4192/6045/2946
f 4192/6045/2946 4193/6044/2946 4195/6046/2947 4194/6047/2947
f 4194/6047/2947 4195/6046/2947 4197/6048/2948 4196/6049/2948
f 4196/6049/2948 4197/6048/2948 4199/6050/2949 4198/6051/2949
f 4198/6051/2949 4199/6050/2949 4201/6052/2950 4200/6053/2950
f 4200/6053/2950 4201/6052/2950 4203/6054/2951 4202/6055/2951
f 4202/6055/2951 4203/6054/2951 4205/6056/2952 4204/6057/2952
f 4204/6057/2952 4205/6056/2952 4207/6058/2953 4206/6059/2953
f 4206/6059/2953 4207/6058/2953 4209/6060/2954 4208/6061/2954
f 4208/6061/2954 4209/6060/2954 4211/6062/2955 4210/6063/2955
f 4210/6063/2955 4211/6062/2955 4213/6064/2956 4212/6065/2956
f 4212/6065/2956 4213/6064/2956 4215/6066/2957 4214/6067/2957
f 4214/6067/2957 4215/6066/2957 4217/6068/2958 4216/6069/2958
f 4216/6069/2958 4217/6068/2958 4219/6070/2959 4218/6071/2959
f 4218/6071/2959 4219/6070/2959 4221/6072/2960 4220/6073/2960
f 4220/6073/2960 4221/6072/2960 4223/6074/2961 4222/6075/2961
f 4222/6075/2961 4223/6074/2961 4225/6076/2962 4224/6077/2962
f 4224/6077/2962 4225/6076/2962 4227/6078/2963 4226/6079/2963
f 4226/6079/2963 4227/6078/2963 4229/6080/2964 4228/6081/2964
f 4228/6081/2964 4229/6080/2964 4231/6082/2965 4230/6083/2965
f 4230/6083/2965 4231/6082/2965 4233/6084/2966 4232/6085/2966
f 4232/6085/2966 4233/6084/2966 4235/6086/2967 4234/6087/2967
f 4234/6087/2967 4235/6086/2967 4237/6088/2968 4236/6089/2968
f 4236/6089/2968 4237/6088/2968 4239/6090/2969 4238/6091/2969
f 4193/6044/2970 4191/6042/2970 4248/6092/2970 4249/6093/2970
f 4238/6091/2969 4239/6090/2969 4241/6094/2971 4240/6095/2971
f 4240/6095/2971 4241/6094/2971 4179/6096/2939 4178/6097/2939
f 4178/6098/2972 4180/6099/2972 4182/6100/2972 4184/6101/2972 4186/6102/2972 4188/6103/2972 4190/6104/2972 4192/6105/2972 4194/6106/2972 4196/6107/2972 4198/6108/2972 4200/6109/2972 4202/6110/2972 4204/6111/2972 4206/6112/2972 4208/6113/2972 4210/6114/2972 4212/6115/2972 4214/6116/2972 4216/6117/2972 4218/6118/2972 4220/6119/2972 4222/6120/2972 4224/6121/2972 4226/6122/2972 4228/6123/2972 4230/6124/2972 4232/6125/2972 4234/6126/2972 4236/6127/2972 4238/6128/2972 4240/6129/2972
f 4211/6062/2970 4209/6060/2970 4257/6130/2970 4258/6131/2970
f 4229/6080/2970 4227/6078/2970 4266/6132/2970 4267/6133/2970
f 4185/6036/2970 4183/6034/2970 4244/6134/2970 4245/6135/2970
f 4203/6054/2970 4201/6052/2970 4253/6136/2970 4254/6137/2970
f 4221/6072/2970 4219/6070/2970 4262/6138/2970 4263/6139/2970
f 4239/6090/2970 4237/6088/2970 4271/6140/2970 4272/6141/2970
f 4195/6046/2970 4193/6044/2970 4249/6093/2970 4250/6142/2970
f 4213/6064/2970 4211/6062/2970 4258/6131/2970 4259/6143/2970
f 4231/6082/2970 4229/6080/2970 4267/6133/2970 4268/6144/2970
f 4187/6038/2970 4185/6036/2970 4245/6135/2970 4246/6145/2970
f 4205/6056/2970 4203/6054/2970 4254/6137/2970 4255/6146/2970
f 4223/6074/2970 4221/6072/2970 4263/6139/2970 4264/6147/2970
f 4241/6094/2970 4239/6090/2970 4272/6141/2970 4273/6148/2970
f 4197/6048/2970 4195/6046/2970 4250/6142/2970 4251/6149/2970
f 4215/6066/2970 4213/6064/2970 4259/6143/2970 4260/6150/2970
f 4233/6084/2970 4231/6082/2970 4268/6144/2970 4269/6151/2970
f 4189/6040/2970 4187/6038/2970 4246/6145/2970 4247/6152/2970
f 4207/6058/2970 4205/6056/2970 4255/6146/2970 4256/6153/2970
f 4225/6076/2970 4223/6074/2970 4264/6147/2970 4265/6154/2970
f 4181/6032/2970 4179/6031/2970 4243/6155/2970 4242/6156/2970
f 4179/6096/2970 4241/6094/2970 4273/6148/2970 4243/6157/2970
f 4199/6050/2970 4197/6048/2970 4251/6149/2970 4252/6158/2970
f 4217/6068/2970 4215/6066/2970 4260/6150/2970 4261/6159/2970
f 4235/6086/2970 4233/6084/2970 4269/6151/2970 4270/6160/2970
f 4191/6042/2970 4189/6040/2970 4247/6152/2970 4248/6092/2970
f 4209/6060/2970 4207/6058/2970 4256/6153/2970 4257/6130/2970
f 4227/6078/2970 4225/6076/2970 4265/6154/2970 4266/6132/2970
f 4183/6034/2970 4181/6032/2970 4242/6156/2970 4244/6134/2970
f 4201/6052/2970 4199/6050/2970 4252/6158/2970 4253/6136/2970
f 4219/6070/2970 4217/6068/2970 4261/6159/2970 4262/6138/2970
f 4237/6088/2970 4235/6086/2970 4270/6160/2970 4271/6140/2970
f 4274/6161/2973 4276/6162/2974 4277/6163/2974 4275/6164/2973
f 4276/6162/2974 4278/6165/2975 4279/6166/2975 4277/6163/2974
f 4278/6165/2975 4280/6167/2976 4281/6168/2976 4279/6166/2975
f 4280/6167/2976 4282/6169/2977 4283/6170/2977 4281/6168/2976
f 4282/6169/2977 4284/6171/2978 4285/6172/2978 4283/6170/2977
f 4284/6171/2978 4286/6173/2979 4287/6174/2979 4285/6172/2978
f 4286/6173/2979 4288/6175/2980 4289/6176/2980 4287/6174/2979
f 4288/6175/2980 4290/6177/2981 4291/6178/2981 4289/6176/2980
f 4290/6177/2981 4292/6179/2982 4293/6180/2982 4291/6178/2981
f 4292/6179/2982 4294/6181/2983 4295/6182/2983 4293/6180/2982
f 4294/6181/2983 4296/6183/2984 4297/6184/2984 4295/6182/2983
f 4296/6183/2984 4298/6185/2985 4299/6186/2985 4297/6184/2984
f 4298/6185/2985 4300/6187/2986 4301/6188/2986 4299/6186/2985
f 4300/6187/2986 4302/6189/2987 4303/6190/2987 4301/6188/2986
f 4302/6189/2987 4304/6191/2988 4305/6192/2988 4303/6190/2987
f 4304/6191/2988 4306/6193/2989 4307/6194/2989 4305/6192/2988
f 4306/6193/2989 4308/6195/2990 4309/6196/2990 4307/6194/2989
f 4308/6195/2990 4310/6197/2991 4311/6198/2991 4309/6196/2990
f 4310/6197/2991 4312/6199/2992 4313/6200/2992 4311/6198/2991
f 4312/6199/2992 4314/6201/2993 4315/6202/2993 4313/6200/2992
f 4314/6201/2993 4316/6203/2994 4317/6204/2994 4315/6202/2993
f 4316/6203/2994 4318/6205/2995 4319/6206/2995 4317/6204/2994
f 4318/6205/2995 4320/6207/2996 4321/6208/2996 4319/6206/2995
f 4320/6207/2996 4322/6209/2997 4323/6210/2997 4321/6208/2996
f 4322/6209/2997 4324/6211/2998 4325/6212/2998 4323/6210/2997
f 4324/6211/2998 4326/6213/2999 4327/6214/2999 4325/6212/2998
f 4326/6213/2999 4328/6215/3000 4329/6216/3000 4327/6214/2999
f 4328/6215/3000 4330/6217/3001 4331/6218/3001 4329/6216/3000
f 4330/6217/3001 4332/6219/3002 4333/6220/3002 4331/6218/3001
f 4332/6219/3002 4334/6221/3003 4335/6222/3003 4333/6220/3002
f 4289/6176/2972 4345/6223/2972 4344/6224/2972 4287/6174/2972
f 4334/6221/3003 4336/6225/3004 4337/6226/3004 4335/6222/3003
f 4336/6225/3004 4274/6227/2973 4275/6228/2973 4337/6226/3004
f 4274/6229/2970 4336/6230/2970 4334/6231/2970 4332/6232/2970 4330/6233/2970 4328/6234/2970 4326/6235/2970 4324/6236/2970 4322/6237/2970 4320/6238/2970 4318/6239/2970 4316/6240/2970 4314/6241/2970 4312/6242/2970 4310/6243/2970 4308/6244/2970 4306/6245/2970 4304/6246/2970 4302/6247/2970 4300/6248/2970 4298/6249/2970 4296/6250/2970 4294/6251/2970 4292/6252/2970 4290/6253/2970 4288/6254/2970 4286/6255/2970 4284/6256/2970 4282/6257/2970 4280/6258/2970 4278/6259/2970 4276/6260/2970
f 4307/6194/2972 4354/6261/2972 4353/6262/2972 4305/6192/2972
f 4325/6212/2972 4363/6263/2972 4362/6264/2972 4323/6210/2972
f 4281/6168/2972 4341/6265/2972 4340/6266/2972 4279/6166/2972
f 4299/6186/2972 4350/6267/2972 4349/6268/2972 4297/6184/2972
f 4317/6204/2972 4359/6269/2972 4358/6270/2972 4315/6202/2972
f 4335/6222/2972 4368/6271/2972 4367/6272/2972 4333/6220/2972
f 4291/6178/2972 4346/6273/2972 4345/6223/2972 4289/6176/2972
f 4309/6196/2972 4355/6274/2972 4354/6261/2972 4307/6194/2972
f 4327/6214/2972 4364/6275/2972 4363/6263/2972 4325/6212/2972
f 4283/6170/2972 4342/6276/2972 4341/6265/2972 4281/6168/2972
f 4301/6188/2972 4351/6277/2972 4350/6267/2972 4299/6186/2972
f 4319/6206/2972 4360/6278/2972 4359/6269/2972 4317/6204/2972
f 4337/6226/2972 4369/6279/2972 4368/6271/2972 4335/6222/2972
f 4293/6180/2972 4347/6280/2972 4346/6273/2972 4291/6178/2972
f 4311/6198/2972 4356/6281/2972 4355/6274/2972 4309/6196/2972
f 4329/6216/2972 4365/6282/2972 4364/6275/2972 4327/6214/2972
f 4285/6172/2972 4343/6283/2972 4342/6276/2972 4283/6170/2972
f 4303/6190/2972 4352/6284/2972 4351/6277/2972 4301/6188/2972
f 4321/6208/2972 4361/6285/2972 4360/6278/2972 4319/6206/2972
f 4277/6163/2972 4338/6286/2972 4339/6287/2972 4275/6164/2972
f 4275/6228/2972 4339/6288/2972 4369/6279/2972 4337/6226/2972
f 4295/6182/2972 4348/6289/2972 4347/6280/2972 4293/6180/2972
f 4313/6200/2972 4357/6290/2972 4356/6281/2972 4311/6198/2972
f 4331/6218/2972 4366/6291/2972 4365/6282/2972 4329/6216/2972
f 4287/6174/2972 4344/6224/2972 4343/6283/2972 4285/6172/2972
f 4305/6192/2972 4353/6262/2972 4352/6284/2972 4303/6190/2972
f 4323/6210/2972 4362/6264/2972 4361/6285/2972 4321/6208/2972
f 4279/6166/2972 4340/6266/2972 4338/6286/2972 4277/6163/2972
f 4297/6184/2972 4349/6268/2972 4348/6289/2972 4295/6182/2972
f 4315/6202/2972 4358/6270/2972 4357/6290/2972 4313/6200/2972
f 4333/6220/2972 4367/6272/2972 4366/6291/2972 4331/6218/2972
f 4402/6292/2973 4404/6293/2974 4405/6294/2974 4403/6295/2973
f 4404/6293/2974 4406/6296/2975 4407/6297/2975 4405/6294/2974
f 4406/6296/2975 4408/6298/2976 4409/6299/2976 4407/6297/2975
f 4408/6298/2976 4410/6300/2977 4411/6301/2977 4409/6299/2976
f 4410/6300/2977 4412/6302/2978 4413/6303/2978 4411/6301/2977
f 4412/6302/2978 4414/6304/2979 4415/6305/2979 4413/6303/2978
f 4414/6304/2979 4416/6306/2980 4417/6307/2980 4415/6305/2979
f 4416/6306/2980 4418/6308/2981 4419/6309/2981 4417/6307/2980
f 4418/6308/2981 4420/6310/2982 4421/6311/2982 4419/6309/2981
f 4420/6310/2982 4422/6312/2983 4423/6313/2983 4421/6311/2982
f 4422/6312/2983 4424/6314/2984 4425/6315/2984 4423/6313/2983
f 4424/6314/2984 4426/6316/2985 4427/6317/2985 4425/6315/2984
f 4426/6316/2985 4428/6318/2986 4429/6319/2986 4427/6317/2985
f 4428/6318/2986 4430/6320/2987 4431/6321/2987 4429/6319/2986
f 4430/6320/2987 4432/6322/2988 4433/6323/2988 4431/6321/2987
f 4432/6322/2988 4434/6324/2989 4435/6325/2989 4433/6323/2988
f 4434/6324/2989 4436/6326/2990 4437/6327/2990 4435/6325/2989
f 4436/6326/2990 4438/6328/2991 4439/6329/2991 4437/6327/2990
f 4438/6328/2991 4440/6330/2992 4441/6331/2992 4439/6329/2991
f 4440/6330/2992 4442/6332/2993 4443/6333/2993 4441/6331/2992
f 4442/6332/2993 4444/6334/2994 4445/6335/2994 4443/6333/2993
f 4444/6334/2994 4446/6336/2995 4447/6337/2995 4445/6335/2994
f 4446/6336/2995 4448/6338/2996 4449/6339/2996 4447/6337/2995
f 4448/6338/2996 4450/6340/2997 4451/6341/2997 4449/6339/2996
f 4450/6340/2997 4452/6342/2998 4453/6343/2998 4451/6341/2997
f 4452/6342/2998 4454/6344/2999 4455/6345/2999 4453/6343/2998
f 4454/6344/2999 4456/6346/3000 4457/6347/3000 4455/6345/2999
f 4456/6346/3000 4458/6348/3001 4459/6349/3001 4457/6347/3000
f 4458/6348/3001 4460/6350/3002 4461/6351/3002 4459/6349/3001
f 4460/6350/3002 4462/6352/3003 4463/6353/3003 4461/6351/3002
f 4417/6307/2972 4473/6354/2972 4472/6355/2972 4415/6305/2972
f 4462/6352/3003 4464/6356/3004 4465/6357/3004 4463/6353/3003
f 4464/6356/3004 4402/6358/2973 4403/6359/2973 4465/6357/3004
f 4402/6360/2970 4464/6361/2970 4462/6362/2970 4460/6363/2970 4458/6364/2970 4456/6365/2970 4454/6366/2970 4452/6367/2970 4450/6368/2970 4448/6369/2970 4446/6370/2970 4444/6371/2970 4442/6372/2970 4440/6373/2970 4438/6374/2970 4436/6375/2970 4434/6376/2970 4432/6377/2970 4430/6378/2970 4428/6379/2970 4426/6380/2970 4424/6381/2970 4422/6382/2970 4420/6383/2970 4418/6384/2970 4416/6385/2970 4414/6386/2970 4412/6387/2970 4410/6388/2970 4408/6389/2970 4406/6390/2970 4404/6391/2970
f 4435/6325/2972 4482/6392/2972 4481/6393/2972 4433/6323/2972
f 4453/6343/2972 4491/6394/2972 4490/6395/2972 4451/6341/2972
f 4409/6299/2972 4469/6396/2972 4468/6397/2972 4407/6297/2972
f 4427/6317/2972 4478/6398/2972 4477/6399/2972 4425/6315/2972
f 4445/6335/2972 4487/6400/2972 4486/6401/2972 4443/6333/2972
f 4463/6353/2972 4496/6402/2972 4495/6403/2972 4461/6351/2972
f 4419/6309/2972 4474/6404/2972 4473/6354/2972 4417/6307/2972
f 4437/6327/2972 4483/6405/2972 4482/6392/2972 4435/6325/2972
f 4455/6345/2972 4492/6406/2972 4491/6394/2972 4453/6343/2972
f 4411/6301/2972 4470/6407/2972 4469/6396/2972 4409/6299/2972
f 4429/6319/2972 4479/6408/2972 4478/6398/2972 4427/6317/2972
f 4447/6337/2972 4488/6409/2972 4487/6400/2972 4445/6335/2972
f 4465/6357/2972 4497/6410/2972 4496/6402/2972 4463/6353/2972
f 4421/6311/2972 4475/6411/2972 4474/6404/2972 4419/6309/2972
f 4439/6329/2972 4484/6412/2972 4483/6405/2972 4437/6327/2972
f 4457/6347/2972 4493/6413/2972 4492/6406/2972 4455/6345/2972
f 4413/6303/2972 4471/6414/2972 4470/6407/2972 4411/6301/2972
f 4431/6321/2972 4480/6415/2972 4479/6408/2972 4429/6319/2972
f 4449/6339/2972 4489/6416/2972 4488/6409/2972 4447/6337/2972
f 4405/6294/2972 4466/6417/2972 4467/6418/2972 4403/6295/2972
f 4403/6359/2972 4467/6419/2972 4497/6410/2972 4465/6357/2972
f 4423/6313/2972 4476/6420/2972 4475/6411/2972 4421/6311/2972
f 4441/6331/2972 4485/6421/2972 4484/6412/2972 4439/6329/2972
f 4459/6349/2972 4494/6422/2972 4493/6413/2972 4457/6347/2972
f 4415/6305/2972 4472/6355/2972 4471/6414/2972 4413/6303/2972
f 4433/6323/2972 4481/6393/2972 4480/6415/2972 4431/6321/2972
f 4451/6341/2972 4490/6395/2972 4489/6416/2972 4449/6339/2972
f 4407/6297/2972 4468/6397/2972 4466/6417/2972 4405/6294/2972
f 4425/6315/2972 4477/6399/2972 4476/6420/2972 4423/6313/2972
f 4443/6333/2972 4486/6401/2972 4485/6421/2972 4441/6331/2972
f 4461/6351/2972 4495/6403/2972 4494/6422/2972 4459/6349/2972
f 4530/6423/2973 4532/6424/2974 4533/6425/2974 4531/6426/2973
f 4532/6424/2974 4534/6427/2975 4535/6428/2975 4533/6425/2974
f 4534/6427/2975 4536/6429/2976 4537/6430/2976 4535/6428/2975
f 4536/6429/2976 4538/6431/2977 4539/6432/2977 4537/6430/2976
f 4538/6431/2977 4540/6433/2978 4541/6434/2978 4539/6432/2977
f 4540/6433/2978 4542/6435/2979 4543/6436/2979 4541/6434/2978
f 4542/6435/2979 4544/6437/2980 4545/6438/2980 4543/6436/2979
f 4544/6437/2980 4546/6439/2981 4547/6440/2981 4545/6438/2980
f 4546/6439/2981 4548/6441/2982 4549/6442/2982 4547/6440/2981
f 4548/6441/2982 4550/6443/2983 4551/6444/2983 4549/6442/2982
f 4550/6443/2983 4552/6445/2984 4553/6446/2984 4551/6444/2983
f 4552/6445/2984 4554/6447/2985 4555/6448/2985 4553/6446/2984
f 4554/6447/2985 4556/6449/2986 4557/6450/2986 4555/6448/2985
f 4556/6449/2986 4558/6451/2987 4559/6452/2987 4557/6450/2986
f 4558/6451/2987 4560/6453/2988 4561/6454/2988 4559/6452/2987
f 4560/6453/2988 4562/6455/2989 4563/6456/2989 4561/6454/2988
f 4562/6455/2989 4564/6457/2990 4565/6458/2990 4563/6456/2989
f 4564/6457/2990 4566/6459/2991 4567/6460/2991 4565/6458/2990
f 4566/6459/2991 4568/6461/2992 4569/6462/2992 4567/6460/2991
f 4568/6461/2992 4570/6463/2993 4571/6464/2993 4569/6462/2992
f 4570/6463/2993 4572/6465/2994 4573/6466/2994 4571/6464/2993
f 4572/6465/2994 4574/6467/2995 4575/6468/2995 4573/6466/2994
f 4574/6467/2995 4576/6469/2996 4577/6470/2996 4575/6468/2995
f 4576/6469/2996 4578/6471/2997 4579/6472/2997 4577/6470/2996
f 4578/6471/2997 4580/6473/2998 4581/6474/2998 4579/6472/2997
f 4580/6473/2998 4582/6475/2999 4583/6476/2999 4581/6474/2998
f 4582/6475/2999 4584/6477/3000 4585/6478/3000 4583/6476/2999
f 4584/6477/3000 4586/6479/3001 4587/6480/3001 4585/6478/3000
f 4586/6479/3001 4588/6481/3002 4589/6482/3002 4587/6480/3001
f 4588/6481/3002 4590/6483/3003 4591/6484/3003 4589/6482/3002
f 4545/6438/2972 4601/6485/2972 4600/6486/2972 4543/6436/2972
f 4590/6483/3003 4592/6487/3004 4593/6488/3004 4591/6484/3003
f 4592/6487/3004 4530/6489/2973 4531/6490/2973 4593/6488/3004
f 4530/6491/2970 4592/6492/2970 4590/6493/2970 4588/6494/2970 4586/6495/2970 4584/6496/2970 4582/6497/2970 4580/6498/2970 4578/6499/2970 4576/6500/2970 4574/6501/2970 4572/6502/2970 4570/6503/2970 4568/6504/2970 4566/6505/2970 4564/6506/2970 4562/6507/2970 4560/6508/2970 4558/6509/2970 4556/6510/2970 4554/6511/2970 4552/6512/2970 4550/6513/2970 4548/6514/2970 4546/6515/2970 4544/6516/2970 4542/6517/2970 4540/6518/2970 4538/6519/2970 4536/6520/2970 4534/6521/2970 4532/6522/2970
f 4563/6456/2972 4610/6523/2972 4609/6524/2972 4561/6454/2972
f 4581/6474/2972 4619/6525/2972 4618/6526/2972 4579/6472/2972
f 4537/6430/2972 4597/6527/2972 4596/6528/2972 4535/6428/2972
f 4555/6448/2972 4606/6529/2972 4605/6530/2972 4553/6446/2972
f 4573/6466/2972 4615/6531/2972 4614/6532/2972 4571/6464/2972
f 4591/6484/2972 4624/6533/2972 4623/6534/2972 4589/6482/2972
f 4547/6440/2972 4602/6535/2972 4601/6485/2972 4545/6438/2972
f 4565/6458/2972 4611/6536/2972 4610/6523/2972 4563/6456/2972
f 4583/6476/2972 4620/6537/2972 4619/6525/2972 4581/6474/2972
f 4539/6432/2972 4598/6538/2972 4597/6527/2972 4537/6430/2972
f 4557/6450/2972 4607/6539/2972 4606/6529/2972 4555/6448/2972
f 4575/6468/2972 4616/6540/2972 4615/6531/2972 4573/6466/2972
f 4593/6488/2972 4625/6541/2972 4624/6533/2972 4591/6484/2972
f 4549/6442/2972 4603/6542/2972 4602/6535/2972 4547/6440/2972
f 4567/6460/2972 4612/6543/2972 4611/6536/2972 4565/6458/2972
f 4585/6478/2972 4621/6544/2972 4620/6537/2972 4583/6476/2972
f 4541/6434/2972 4599/6545/2972 4598/6538/2972 4539/6432/2972
f 4559/6452/2972 4608/6546/2972 4607/6539/2972 4557/6450/2972
f 4577/6470/2972 4617/6547/2972 4616/6540/2972 4575/6468/2972
f 4533/6425/2972 4594/6548/2972 4595/6549/2972 4531/6426/2972
f 4531/6490/2972 4595/6550/2972 4625/6541/2972 4593/6488/2972
f 4551/6444/2972 4604/6551/2972 4603/6542/2972 4549/6442/2972
f 4569/6462/2972 4613/6552/2972 4612/6543/2972 4567/6460/2972
f 4587/6480/2972 4622/6553/2972 4621/6544/2972 4585/6478/2972
f 4543/6436/2972 4600/6486/2972 4599/6545/2972 4541/6434/2972
f 4561/6454/2972 4609/6524/2972 4608/6546/2972 4559/6452/2972
f 4579/6472/2972 4618/6526/2972 4617/6547/2972 4577/6470/2972
f 4535/6428/2972 4596/6528/2972 4594/6548/2972 4533/6425/2972
f 4553/6446/2972 4605/6530/2972 4604/6551/2972 4551/6444/2972
f 4571/6464/2972 4614/6532/2972 4613/6552/2972 4569/6462/2972
f 4589/6482/2972 4623/6534/2972 4622/6553/2972 4587/6480/2972
usemtl Material.008
f 4055/5890/3005 4054/5883/3006 4374/6554/3006 4375/6555/3005
f 4051/5895/3007 4081/5886/3008 4401/6556/3008 4371/6557/3007
f 4069/5897/3009 4068/5888/3010 4388/6558/3010 4389/6559/3009
f 4056/5830/3011 4055/5890/3005 4375/6555/3005 4376/6560/3011
f 4070/5876/3012 4069/5897/3009 4389/6559/3009 4390/6561/3012
f 4057/5831/3013 4056/5830/3011 4376/6560/3011 4377/6562/3013
f 4071/5877/3014 4070/5876/3012 4390/6561/3012 4391/6563/3014
f 4058/5880/3015 4057/5831/3013 4377/6562/3013 4378/6564/3015
f 4072/5885/3016 4071/5877/3014 4391/6563/3014 4392/6565/3016
f 4059/5887/3017 4058/5880/3015 4378/6564/3015 4379/6566/3017
f 4073/5892/3018 4072/5885/3016 4392/6565/3016 4393/6567/3018
f 4060/5896/3019 4059/5887/3017 4379/6566/3017 4380/6568/3019
f 4074/5870/3020 4073/5892/3018 4393/6567/3018 4394/6569/3020
f 4061/5874/3021 4060/5896/3019 4380/6568/3019 4381/6570/3021
f 4075/5871/3022 4074/5870/3020 4394/6569/3020 4395/6571/3022
f 4062/5875/3023 4061/5874/3021 4381/6570/3021 4382/6572/3023
f 4076/5882/3024 4075/5871/3022 4395/6571/3022 4396/6573/3024
f 4063/5884/3025 4062/5875/3023 4382/6572/3023 4383/6574/3025
f 4077/5889/3026 4076/5882/3024 4396/6573/3024 4397/6575/3026
f 4064/5891/3027 4063/5884/3025 4383/6574/3025 4384/6576/3027
f 4050/5894/3028 4051/5893/3007 4371/6577/3007 4370/6578/3028
f 4078/5898/3029 4077/5889/3026 4397/6575/3026 4398/6579/3029
f 4065/5868/3030 4064/5891/3027 4384/6576/3027 4385/6580/3030
f 4052/5872/3031 4050/5894/3028 4370/6578/3028 4372/6581/3031
f 4079/5878/3032 4078/5898/3029 4398/6579/3029 4399/6582/3032
f 4066/5869/3033 4065/5868/3030 4385/6580/3030 4386/6583/3033
f 4053/5873/3034 4052/5872/3031 4372/6581/3031 4373/6584/3034
f 4080/5879/3035 4079/5878/3032 4399/6582/3032 4400/6585/3035
f 4067/5881/3036 4066/5869/3033 4386/6583/3033 4387/6586/3036
f 4054/5883/3006 4053/5873/3034 4373/6584/3034 4374/6554/3006
f 4081/5886/3008 4080/5879/3035 4400/6585/3035 4401/6556/3008
f 4068/5888/3010 4067/5881/3036 4387/6586/3036 4388/6558/3010
f 4151/6021/3005 4150/6014/3006 4502/6587/3006 4503/6588/3005
f 4147/6026/3007 4177/6017/3008 4529/6589/3008 4499/6590/3007
f 4165/6028/3009 4164/6019/3010 4516/6591/3010 4517/6592/3009
f 4152/5961/3011 4151/6021/3005 4503/6588/3005 4504/6593/3011
f 4166/6007/3012 4165/6028/3009 4517/6592/3009 4518/6594/3012
f 4153/5962/3013 4152/5961/3011 4504/6593/3011 4505/6595/3013
f 4167/6008/3014 4166/6007/3012 4518/6594/3012 4519/6596/3014
f 4154/6011/3015 4153/5962/3013 4505/6595/3013 4506/6597/3015
f 4168/6016/3016 4167/6008/3014 4519/6596/3014 4520/6598/3016
f 4155/6018/3017 4154/6011/3015 4506/6597/3015 4507/6599/3017
f 4169/6023/3018 4168/6016/3016 4520/6598/3016 4521/6600/3018
f 4156/6027/3019 4155/6018/3017 4507/6599/3017 4508/6601/3019
f 4170/6001/3020 4169/6023/3018 4521/6600/3018 4522/6602/3020
f 4157/6005/3021 4156/6027/3019 4508/6601/3019 4509/6603/3021
f 4171/6002/3022 4170/6001/3020 4522/6602/3020 4523/6604/3022
f 4158/6006/3023 4157/6005/3021 4509/6603/3021 4510/6605/3023
f 4172/6013/3024 4171/6002/3022 4523/6604/3022 4524/6606/3024
f 4159/6015/3025 4158/6006/3023 4510/6605/3023 4511/6607/3025
f 4173/6020/3026 4172/6013/3024 4524/6606/3024 4525/6608/3026
f 4160/6022/3027 4159/6015/3025 4511/6607/3025 4512/6609/3027
f 4146/6025/3028 4147/6024/3007 4499/6610/3007 4498/6611/3028
f 4174/6029/3029 4173/6020/3026 4525/6608/3026 4526/6612/3029
f 4161/5999/3030 4160/6022/3027 4512/6609/3027 4513/6613/3030
f 4148/6003/3031 4146/6025/3028 4498/6611/3028 4500/6614/3031
f 4175/6009/3032 4174/6029/3029 4526/6612/3029 4527/6615/3032
f 4162/6000/3033 4161/5999/3030 4513/6613/3030 4514/6616/3033
f 4149/6004/3034 4148/6003/3031 4500/6614/3031 4501/6617/3034
f 4176/6010/3035 4175/6009/3032 4527/6615/3032 4528/6618/3035
f 4163/6012/3036 4162/6000/3033 4514/6616/3033 4515/6619/3036
f 4150/6014/3006 4149/6004/3034 4501/6617/3034 4502/6587/3006
f 4177/6017/3008 4176/6010/3035 4528/6618/3035 4529/6589/3008
f 4164/6019/3010 4163/6012/3036 4515/6619/3036 4516/6591/3010
f 4247/6152/3005 4246/6145/3006 4630/6620/3006 4631/6621/3005
f 4243/6157/3007 4273/6148/3008 4657/6622/3008 4627/6623/3007
f 4261/6159/3009 4260/6150/3010 4644/6624/3010 4645/6625/3009
f 4248/6092/3011 4247/6152/3005 4631/6621/3005 4632/6626/3011
f 4262/6138/3012 4261/6159/3009 4645/6625/3009 4646/6627/3012
f 4249/6093/3013 4248/6092/3011 4632/6626/3011 4633/6628/3013
f 4263/6139/3014 4262/6138/3012 4646/6627/3012 4647/6629/3014
f 4250/6142/3015 4249/6093/3013 4633/6628/3013 4634/6630/3015
f 4264/6147/3016 4263/6139/3014 4647/6629/3014 4648/6631/3016
f 4251/6149/3017 4250/6142/3015 4634/6630/3015 4635/6632/3017
f 4265/6154/3018 4264/6147/3016 4648/6631/3016 4649/6633/3018
f 4252/6158/3019 4251/6149/3017 4635/6632/3017 4636/6634/3019
f 4266/6132/3020 4265/6154/3018 4649/6633/3018 4650/6635/3020
f 4253/6136/3021 4252/6158/3019 4636/6634/3019 4637/6636/3021
f 4267/6133/3022 4266/6132/3020 4650/6635/3020 4651/6637/3022
f 4254/6137/3023 4253/6136/3021 4637/6636/3021 4638/6638/3023
f 4268/6144/3024 4267/6133/3022 4651/6637/3022 4652/6639/3024
f 4255/6146/3025 4254/6137/3023 4638/6638/3023 4639/6640/3025
f 4269/6151/3026 4268/6144/3024 4652/6639/3024 4653/6641/3026
f 4256/6153/3027 4255/6146/3025 4639/6640/3025 4640/6642/3027
f 4242/6156/3028 4243/6155/3007 4627/6643/3007 4626/6644/3028
f 4270/6160/3029 4269/6151/3026 4653/6641/3026 4654/6645/3029
f 4257/6130/3030 4256/6153/3027 4640/6642/3027 4641/6646/3030
f 4244/6134/3031 4242/6156/3028 4626/6644/3028 4628/6647/3031
f 4271/6140/3032 4270/6160/3029 4654/6645/3029 4655/6648/3032
f 4258/6131/3033 4257/6130/3030 4641/6646/3030 4642/6649/3033
f 4245/6135/3034 4244/6134/3031 4628/6647/3031 4629/6650/3034
f 4272/6141/3035 4271/6140/3032 4655/6648/3032 4656/6651/3035
f 4259/6143/3036 4258/6131/3033 4642/6649/3033 4643/6652/3036
f 4246/6145/3006 4245/6135/3034 4629/6650/3034 4630/6620/3006
f 4273/6148/3008 4272/6141/3035 4656/6651/3035 4657/6622/3008
f 4260/6150/3010 4259/6143/3036 4643/6652/3036 4644/6624/3010
f 4343/6283/3005 4375/6555/3005 4374/6554/3006 4342/6276/3006
f 4370/6653/2972 4372/6654/2972 4373/6655/2972 4374/6656/2972 4375/6657/2972 4376/6658/2972 4377/6659/2972 4378/6660/2972 4379/6661/2972 4380/6662/2972 4381/6663/2972 4382/6664/2972 4383/6665/2972 4384/6666/2972 4385/6667/2972 4386/6668/2972 4387/6669/2972 4388/6670/2972 4389/6671/2972 4390/6672/2972 4391/6673/2972 4392/6674/2972 4393/6675/2972 4394/6676/2972 4395/6677/2972 4396/6678/2972 4397/6679/2972 4398/6680/2972 4399/6681/2972 4400/6682/2972 4401/6683/2972 4371/6684/2972
f 4339/6288/3007 4371/6557/3007 4401/6556/3008 4369/6279/3008
f 4357/6290/3009 4389/6559/3009 4388/6558/3010 4356/6281/3010
f 4344/6224/3011 4376/6560/3011 4375/6555/3005 4343/6283/3005
f 4358/6270/3012 4390/6561/3012 4389/6559/3009 4357/6290/3009
f 4345/6223/3013 4377/6562/3013 4376/6560/3011 4344/6224/3011
f 4359/6269/3014 4391/6563/3014 4390/6561/3012 4358/6270/3012
f 4346/6273/3015 4378/6564/3015 4377/6562/3013 4345/6223/3013
f 4360/6278/3016 4392/6565/3016 4391/6563/3014 4359/6269/3014
f 4347/6280/3017 4379/6566/3017 4378/6564/3015 4346/6273/3015
f 4361/6285/3018 4393/6567/3018 4392/6565/3016 4360/6278/3016
f 4348/6289/3019 4380/6568/3019 4379/6566/3017 4347/6280/3017
f 4362/6264/3020 4394/6569/3020 4393/6567/3018 4361/6285/3018
f 4349/6268/3021 4381/6570/3021 4380/6568/3019 4348/6289/3019
f 4363/6263/3022 4395/6571/3022 4394/6569/3020 4362/6264/3020
f 4350/6267/3023 4382/6572/3023 4381/6570/3021 4349/6268/3021
f 4364/6275/3024 4396/6573/3024 4395/6571/3022 4363/6263/3022
f 4351/6277/3025 4383/6574/3025 4382/6572/3023 4350/6267/3023
f 4365/6282/3026 4397/6575/3026 4396/6573/3024 4364/6275/3024
f 4352/6284/3027 4384/6576/3027 4383/6574/3025 4351/6277/3025
f 4338/6286/3028 4370/6578/3028 4371/6577/3007 4339/6287/3007
f 4366/6291/3029 4398/6579/3029 4397/6575/3026 4365/6282/3026
f 4353/6262/3030 4385/6580/3030 4384/6576/3027 4352/6284/3027
f 4340/6266/3031 4372/6581/3031 4370/6578/3028 4338/6286/3028
f 4367/6272/3032 4399/6582/3032 4398/6579/3029 4366/6291/3029
f 4354/6261/3033 4386/6583/3033 4385/6580/3030 4353/6262/3030
f 4341/6265/3034 4373/6584/3034 4372/6581/3031 4340/6266/3031
f 4368/6271/3035 4400/6585/3035 4399/6582/3032 4367/6272/3032
f 4355/6274/3036 4387/6586/3036 4386/6583/3033 4354/6261/3033
f 4342/6276/3006 4374/6554/3006 4373/6584/3034 4341/6265/3034
f 4369/6279/3008 4401/6556/3008 4400/6585/3035 4368/6271/3035
f 4356/6281/3010 4388/6558/3010 4387/6586/3036 4355/6274/3036
f 4471/6414/3005 4503/6588/3005 4502/6587/3006 4470/6407/3006
f 4498/6685/2972 4500/6686/2972 4501/6687/2972 4502/6688/2972 4503/6689/2972 4504/6690/2972 4505/6691/2972 4506/6692/2972 4507/6693/2972 4508/6694/2972 4509/6695/2972 4510/6696/2972 4511/6697/2972 4512/6698/2972 4513/6699/2972 4514/6700/2972 4515/6701/2972 4516/6702/2972 4517/6703/2972 4518/6704/2972 4519/6705/2972 4520/6706/2972 4521/6707/2972 4522/6708/2972 4523/6709/2972 4524/6710/2972 4525/6711/2972 4526/6712/2972 4527/6713/2972 4528/6714/2972 4529/6715/2972 4499/6716/2972
f 4467/6419/3007 4499/6590/3007 4529/6589/3008 4497/6410/3008
f 4485/6421/3009 4517/6592/3009 4516/6591/3010 4484/6412/3010
f 4472/6355/3011 4504/6593/3011 4503/6588/3005 4471/6414/3005
f 4486/6401/3012 4518/6594/3012 4517/6592/3009 4485/6421/3009
f 4473/6354/3013 4505/6595/3013 4504/6593/3011 4472/6355/3011
f 4487/6400/3014 4519/6596/3014 4518/6594/3012 4486/6401/3012
f 4474/6404/3015 4506/6597/3015 4505/6595/3013 4473/6354/3013
f 4488/6409/3016 4520/6598/3016 4519/6596/3014 4487/6400/3014
f 4475/6411/3017 4507/6599/3017 4506/6597/3015 4474/6404/3015
f 4489/6416/3018 4521/6600/3018 4520/6598/3016 4488/6409/3016
f 4476/6420/3019 4508/6601/3019 4507/6599/3017 4475/6411/3017
f 4490/6395/3020 4522/6602/3020 4521/6600/3018 4489/6416/3018
f 4477/6399/3021 4509/6603/3021 4508/6601/3019 4476/6420/3019
f 4491/6394/3022 4523/6604/3022 4522/6602/3020 4490/6395/3020
f 4478/6398/3023 4510/6605/3023 4509/6603/3021 4477/6399/3021
f 4492/6406/3024 4524/6606/3024 4523/6604/3022 4491/6394/3022
f 4479/6408/3025 4511/6607/3025 4510/6605/3023 4478/6398/3023
f 4493/6413/3026 4525/6608/3026 4524/6606/3024 4492/6406/3024
f 4480/6415/3027 4512/6609/3027 4511/6607/3025 4479/6408/3025
f 4466/6417/3028 4498/6611/3028 4499/6610/3007 4467/6418/3007
f 4494/6422/3029 4526/6612/3029 4525/6608/3026 4493/6413/3026
f 4481/6393/3030 4513/6613/3030 4512/6609/3027 4480/6415/3027
f 4468/6397/3031 4500/6614/3031 4498/6611/3028 4466/6417/3028
f 4495/6403/3032 4527/6615/3032 4526/6612/3029 4494/6422/3029
f 4482/6392/3033 4514/6616/3033 4513/6613/3030 4481/6393/3030
f 4469/6396/3034 4501/6617/3034 4500/6614/3031 4468/6397/3031
f 4496/6402/3035 4528/6618/3035 4527/6615/3032 4495/6403/3032
f 4483/6405/3036 4515/6619/3036 4514/6616/3033 4482/6392/3033
f 4470/6407/3006 4502/6587/3006 4501/6617/3034 4469/6396/3034
f 4497/6410/3008 4529/6589/3008 4528/6618/3035 4496/6402/3035
f 4484/6412/3010 4516/6591/3010 4515/6619/3036 4483/6405/3036
f 4599/6545/3005 4631/6621/3005 4630/6620/3006 4598/6538/3006
f 4626/6717/2972 4628/6718/2972 4629/6719/2972 4630/6720/2972 4631/6721/2972 4632/6722/2972 4633/6723/2972 4634/6724/2972 4635/6725/2972 4636/6726/2972 4637/6727/2972 4638/6728/2972 4639/6729/2972 4640/6730/2972 4641/6731/2972 4642/6732/2972 4643/6733/2972 4644/6734/2972 4645/6735/2972 4646/6736/2972 4647/6737/2972 4648/6738/2972 4649/6739/2972 4650/6740/2972 4651/6741/2972 4652/6742/2972 4653/6743/2972 4654/6744/2972 4655/6745/2972 4656/6746/2972 4657/6747/2972 4627/6748/2972
f 4595/6550/3007 4627/6623/3007 4657/6622/3008 4625/6541/3008
f 4613/6552/3009 4645/6625/3009 4644/6624/3010 4612/6543/3010
f 4600/6486/3011 4632/6626/3011 4631/6621/3005 4599/6545/3005
f 4614/6532/3012 4646/6627/3012 4645/6625/3009 4613/6552/3009
f 4601/6485/3013 4633/6628/3013 4632/6626/3011 4600/6486/3011
f 4615/6531/3014 4647/6629/3014 4646/6627/3012 4614/6532/3012
f 4602/6535/3015 4634/6630/3015 4633/6628/3013 4601/6485/3013
f 4616/6540/3016 4648/6631/3016 4647/6629/3014 4615/6531/3014
f 4603/6542/3017 4635/6632/3017 4634/6630/3015 4602/6535/3015
f 4617/6547/3018 4649/6633/3018 4648/6631/3016 4616/6540/3016
f 4604/6551/3019 4636/6634/3019 4635/6632/3017 4603/6542/3017
f 4618/6526/3020 4650/6635/3020 4649/6633/3018 4617/6547/3018
f 4605/6530/3021 4637/6636/3021 4636/6634/3019 4604/6551/3019
f 4619/6525/3022 4651/6637/3022 4650/6635/3020 4618/6526/3020
f 4606/6529/3023 4638/6638/3023 4637/6636/3021 4605/6530/3021
f 4620/6537/3024 4652/6639/3024 4651/6637/3022 4619/6525/3022
f 4607/6539/3025 4639/6640/3025 4638/6638/3023 4606/6529/3023
f 4621/6544/3026 4653/6641/3026 4652/6639/3024 4620/6537/3024
f 4608/6546/3027 4640/6642/3027 4639/6640/3025 4607/6539/3025
f 4594/6548/3028 4626/6644/3028 4627/6643/3007 4595/6549/3007
f 4622/6553/3029 4654/6645/3029 4653/6641/3026 4621/6544/3026
f 4609/6524/3030 4641/6646/3030 4640/6642/3027 4608/6546/3027
f 4596/6528/3031 4628/6647/3031 4626/6644/3028 4594/6548/3028
f 4623/6534/3032 4655/6648/3032 4654/6645/3029 4622/6553/3029
f 4610/6523/3033 4642/6649/3033 4641/6646/3030 4609/6524/3030
f 4597/6527/3034 4629/6650/3034 4628/6647/3031 4596/6528/3031
f 4624/6533/3035 4656/6651/3035 4655/6648/3032 4623/6534/3032
f 4611/6536/3036 4643/6652/3036 4642/6649/3033 4610/6523/3033
f 4598/6538/3006 4630/6620/3006 4629/6650/3034 4597/6527/3034
f 4625/6541/3008 4657/6622/3008 4656/6651/3035 4624/6533/3035
f 4612/6543/3010 4644/6624/3010 4643/6652/3036 4611/6536/3036
o Cylinder.002_Cylinder.006
v 1.064110 -2.327233 3.348797
v 1.018296 -2.332435 3.348797
v 1.063603 -2.322764 3.348354
v 1.017789 -2.327966 3.348354
v 1.063115 -2.318467 3.347042
v 1.017301 -2.323669 3.347042
v 1.062665 -2.314507 3.344911
v 1.016851 -2.319708 3.344911
v 1.062271 -2.311036 3.342044
v 1.016457 -2.316237 3.342044
v 1.061948 -2.308187 3.338551
v 1.016134 -2.313388 3.338551
v 1.061707 -2.306070 3.334565
v 1.015894 -2.311272 3.334565
v 1.061559 -2.304767 3.330240
v 1.015746 -2.309968 3.330240
v 1.061509 -2.304327 3.325742
v 1.015696 -2.309528 3.325742
v 1.061559 -2.304767 3.321245
v 1.015746 -2.309968 3.321245
v 1.061707 -2.306070 3.316920
v 1.015894 -2.311272 3.316920
v 1.061948 -2.308187 3.312934
v 1.016134 -2.313388 3.312934
v 1.062271 -2.311036 3.309441
v 1.016457 -2.316237 3.309441
v 1.062665 -2.314507 3.306574
v 1.016851 -2.319708 3.306574
v 1.063115 -2.318467 3.304443
v 1.017301 -2.323669 3.304443
v 1.063603 -2.322764 3.303132
v 1.017789 -2.327966 3.303132
v 1.064110 -2.327233 3.302689
v 1.018296 -2.332435 3.302689
v 1.064617 -2.331702 3.303132
v 1.018804 -2.336904 3.303132
v 1.065105 -2.335999 3.304443
v 1.019292 -2.341201 3.304443
v 1.065555 -2.339960 3.306574
v 1.019741 -2.345161 3.306574
v 1.065949 -2.343431 3.309441
v 1.020135 -2.348632 3.309441
v 1.066272 -2.346280 3.312934
v 1.020459 -2.351481 3.312934
v 1.066513 -2.348397 3.316920
v 1.020699 -2.353598 3.316920
v 1.066661 -2.349700 3.321245
v 1.020847 -2.354902 3.321245
v 1.066711 -2.350140 3.325742
v 1.020897 -2.355342 3.325742
v 1.066661 -2.349700 3.330240
v 1.020847 -2.354902 3.330240
v 1.066513 -2.348396 3.334565
v 1.020699 -2.353598 3.334565
v 1.066272 -2.346280 3.338551
v 1.020459 -2.351481 3.338551
v 1.065949 -2.343431 3.342044
v 1.020135 -2.348632 3.342044
v 1.065555 -2.339960 3.344911
v 1.019741 -2.345161 3.344911
v 1.065105 -2.335999 3.347042
v 1.019292 -2.341201 3.347042
v 1.064617 -2.331702 3.348354
v 1.018804 -2.336904 3.348354
vt 1.000000 0.500000
vt 0.968750 0.500000
vt 0.968750 1.000000
vt 1.000000 1.000000
vt 0.937500 0.500000
vt 0.937500 1.000000
vt 0.906250 0.500000
vt 0.906250 1.000000
vt 0.875000 0.500000
vt 0.875000 1.000000
vt 0.843750 0.500000
vt 0.843750 1.000000
vt 0.812500 0.500000
vt 0.812500 1.000000
vt 0.781250 0.500000
vt 0.781250 1.000000
vt 0.750000 0.500000
vt 0.750000 1.000000
vt 0.718750 0.500000
vt 0.718750 1.000000
vt 0.687500 0.500000
vt 0.687500 1.000000
vt 0.656250 0.500000
vt 0.656250 1.000000
vt 0.625000 0.500000
vt 0.625000 1.000000
vt 0.593750 0.500000
vt 0.593750 1.000000
vt 0.562500 0.500000
vt 0.562500 1.000000
vt 0.531250 0.500000
vt 0.531250 1.000000
vt 0.500000 0.500000
vt 0.500000 1.000000
vt 0.468750 0.500000
vt 0.468750 1.000000
vt 0.437500 0.500000
vt 0.437500 1.000000
vt 0.406250 0.500000
vt 0.406250 1.000000
vt 0.375000 0.500000
vt 0.375000 1.000000
vt 0.343750 0.500000
vt 0.343750 1.000000
vt 0.312500 0.500000
vt 0.312500 1.000000
vt 0.281250 0.500000
vt 0.281250 1.000000
vt 0.250000 0.500000
vt 0.250000 1.000000
vt 0.218750 0.500000
vt 0.218750 1.000000
vt 0.187500 0.500000
vt 0.187500 1.000000
vt 0.156250 0.500000
vt 0.156250 1.000000
vt 0.125000 0.500000
vt 0.125000 1.000000
vt 0.093750 0.500000
vt 0.093750 1.000000
vt 0.062500 0.500000
vt 0.062500 1.000000
vt 0.296822 0.485388
vt 0.341844 0.471731
vt 0.383337 0.449553
vt 0.419706 0.419706
vt 0.449553 0.383337
vt 0.471731 0.341844
vt 0.485388 0.296822
vt 0.490000 0.250000
vt 0.485388 0.203178
vt 0.471731 0.158156
vt 0.449553 0.116663
vt 0.419706 0.080294
vt 0.383337 0.050447
vt 0.341844 0.028269
vt 0.296822 0.014612
vt 0.250000 0.010000
vt 0.203178 0.014612
vt 0.158156 0.028269
vt 0.116663 0.050447
vt 0.080294 0.080294
vt 0.050447 0.116663
vt 0.028269 0.158156
vt 0.014611 0.203179
vt 0.010000 0.250000
vt 0.014612 0.296822
vt 0.028269 0.341844
vt 0.050447 0.383337
vt 0.080295 0.419706
vt 0.116663 0.449553
vt 0.158156 0.471731
vt 0.203179 0.485389
vt 0.250000 0.490000
vt 0.031250 0.500000
vt 0.031250 1.000000
vt 0.000000 0.500000
vt 0.000000 1.000000
vt 0.750000 0.490000
vt 0.703179 0.485389
vt 0.658156 0.471731
vt 0.616663 0.449553
vt 0.580295 0.419706
vt 0.550447 0.383337
vt 0.528269 0.341844
vt 0.514612 0.296822
vt 0.510000 0.250000
vt 0.514611 0.203179
vt 0.528269 0.158156
vt 0.550447 0.116663
vt 0.580294 0.080294
vt 0.616663 0.050447
vt 0.658156 0.028269
vt 0.703178 0.014612
vt 0.750000 0.010000
vt 0.796822 0.014612
vt 0.841844 0.028269
vt 0.883337 0.050447
vt 0.919706 0.080294
vt 0.949553 0.116663
vt 0.971731 0.158156
vt 0.985388 0.203178
vt 0.990000 0.250000
vt 0.985388 0.296822
vt 0.971731 0.341844
vt 0.949553 0.383337
vt 0.919706 0.419706
vt 0.883337 0.449553
vt 0.841844 0.471731
vt 0.796822 0.485388
vn -0.0000 -0.0000 1.0000
vn -0.0220 0.1939 0.9808
vn -0.0432 0.3802 0.9239
vn -0.0627 0.5520 0.8315
vn -0.0798 0.7026 0.7071
vn -0.0938 0.8262 0.5555
vn -0.1042 0.9180 0.3827
vn -0.1106 0.9745 0.1951
vn -0.1128 0.9936 -0.0000
vn -0.1106 0.9745 -0.1951
vn -0.1042 0.9180 -0.3827
vn -0.0938 0.8262 -0.5555
vn -0.0798 0.7026 -0.7071
vn -0.0627 0.5520 -0.8315
vn -0.0432 0.3802 -0.9239
vn -0.0220 0.1938 -0.9808
vn -0.0000 -0.0000 -1.0000
vn 0.0220 -0.1938 -0.9808
vn 0.0432 -0.3802 -0.9239
vn 0.0627 -0.5520 -0.8315
vn 0.0798 -0.7026 -0.7071
vn 0.0938 -0.8262 -0.5556
vn 0.1042 -0.9180 -0.3827
vn 0.1106 -0.9745 -0.1951
vn 0.1128 -0.9936 -0.0000
vn 0.1106 -0.9745 0.1951
vn 0.1042 -0.9180 0.3827
vn 0.0938 -0.8262 0.5556
vn 0.0798 -0.7026 0.7071
vn 0.0627 -0.5520 0.8315
vn 0.0432 -0.3802 0.9239
vn -0.9936 -0.1128 0.0000
vn 0.0220 -0.1939 0.9808
vn 0.9936 0.1128 0.0000
usemtl Material.006
s 1
f 4658/6749/3037 4660/6750/3038 4661/6751/3038 4659/6752/3037
f 4660/6750/3038 4662/6753/3039 4663/6754/3039 4661/6751/3038
f 4662/6753/3039 4664/6755/3040 4665/6756/3040 4663/6754/3039
f 4664/6755/3040 4666/6757/3041 4667/6758/3041 4665/6756/3040
f 4666/6757/3041 4668/6759/3042 4669/6760/3042 4667/6758/3041
f 4668/6759/3042 4670/6761/3043 4671/6762/3043 4669/6760/3042
f 4670/6761/3043 4672/6763/3044 4673/6764/3044 4671/6762/3043
f 4672/6763/3044 4674/6765/3045 4675/6766/3045 4673/6764/3044
f 4674/6765/3045 4676/6767/3046 4677/6768/3046 4675/6766/3045
f 4676/6767/3046 4678/6769/3047 4679/6770/3047 4677/6768/3046
f 4678/6769/3047 4680/6771/3048 4681/6772/3048 4679/6770/3047
f 4680/6771/3048 4682/6773/3049 4683/6774/3049 4681/6772/3048
f 4682/6773/3049 4684/6775/3050 4685/6776/3050 4683/6774/3049
f 4684/6775/3050 4686/6777/3051 4687/6778/3051 4685/6776/3050
f 4686/6777/3051 4688/6779/3052 4689/6780/3052 4687/6778/3051
f 4688/6779/3052 4690/6781/3053 4691/6782/3053 4689/6780/3052
f 4690/6781/3053 4692/6783/3054 4693/6784/3054 4691/6782/3053
f 4692/6783/3054 4694/6785/3055 4695/6786/3055 4693/6784/3054
f 4694/6785/3055 4696/6787/3056 4697/6788/3056 4695/6786/3055
f 4696/6787/3056 4698/6789/3057 4699/6790/3057 4697/6788/3056
f 4698/6789/3057 4700/6791/3058 4701/6792/3058 4699/6790/3057
f 4700/6791/3058 4702/6793/3059 4703/6794/3059 4701/6792/3058
f 4702/6793/3059 4704/6795/3060 4705/6796/3060 4703/6794/3059
f 4704/6795/3060 4706/6797/3061 4707/6798/3061 4705/6796/3060
f 4706/6797/3061 4708/6799/3062 4709/6800/3062 4707/6798/3061
f 4708/6799/3062 4710/6801/3063 4711/6802/3063 4709/6800/3062
f 4710/6801/3063 4712/6803/3064 4713/6804/3064 4711/6802/3063
f 4712/6803/3064 4714/6805/3065 4715/6806/3065 4713/6804/3064
f 4714/6805/3065 4716/6807/3066 4717/6808/3066 4715/6806/3065
f 4716/6807/3066 4718/6809/3067 4719/6810/3067 4717/6808/3066
f 4661/6811/3068 4663/6812/3068 4665/6813/3068 4667/6814/3068 4669/6815/3068 4671/6816/3068 4673/6817/3068 4675/6818/3068 4677/6819/3068 4679/6820/3068 4681/6821/3068 4683/6822/3068 4685/6823/3068 4687/6824/3068 4689/6825/3068 4691/6826/3068 4693/6827/3068 4695/6828/3068 4697/6829/3068 4699/6830/3068 4701/6831/3068 4703/6832/3068 4705/6833/3068 4707/6834/3068 4709/6835/3068 4711/6836/3068 4713/6837/3068 4715/6838/3068 4717/6839/3068 4719/6840/3068 4721/6841/3068 4659/6842/3068
f 4718/6809/3067 4720/6843/3069 4721/6844/3069 4719/6810/3067
f 4720/6843/3069 4658/6845/3037 4659/6846/3037 4721/6844/3069
f 4658/6847/3070 4720/6848/3070 4718/6849/3070 4716/6850/3070 4714/6851/3070 4712/6852/3070 4710/6853/3070 4708/6854/3070 4706/6855/3070 4704/6856/3070 4702/6857/3070 4700/6858/3070 4698/6859/3070 4696/6860/3070 4694/6861/3070 4692/6862/3070 4690/6863/3070 4688/6864/3070 4686/6865/3070 4684/6866/3070 4682/6867/3070 4680/6868/3070 4678/6869/3070 4676/6870/3070 4674/6871/3070 4672/6872/3070 4670/6873/3070 4668/6874/3070 4666/6875/3070 4664/6876/3070 4662/6877/3070 4660/6878/3070
o Cylinder.003_Cylinder.007
v 1.064110 -2.327233 -2.504891
v 1.018296 -2.332435 -2.504891
v 1.063603 -2.322764 -2.505334
v 1.017789 -2.327966 -2.505334
v 1.063115 -2.318467 -2.506646
v 1.017301 -2.323669 -2.506646
v 1.062665 -2.314507 -2.508776
v 1.016851 -2.319708 -2.508776
v 1.062271 -2.311036 -2.511643
v 1.016457 -2.316237 -2.511643
v 1.061948 -2.308187 -2.515137
v 1.016134 -2.313388 -2.515137
v 1.061707 -2.306070 -2.519122
v 1.015894 -2.311272 -2.519122
v 1.061559 -2.304767 -2.523447
v 1.015746 -2.309968 -2.523447
v 1.061509 -2.304327 -2.527945
v 1.015696 -2.309528 -2.527945
v 1.061559 -2.304767 -2.532442
v 1.015746 -2.309968 -2.532442
v 1.061707 -2.306070 -2.536767
v 1.015894 -2.311272 -2.536767
v 1.061948 -2.308187 -2.540753
v 1.016134 -2.313388 -2.540753
v 1.062271 -2.311036 -2.544246
v 1.016457 -2.316237 -2.544246
v 1.062665 -2.314507 -2.547113
v 1.016851 -2.319708 -2.547113
v 1.063115 -2.318467 -2.549244
v 1.017301 -2.323669 -2.549244
v 1.063603 -2.322764 -2.550556
v 1.017789 -2.327966 -2.550556
v 1.064110 -2.327233 -2.550999
v 1.018296 -2.332435 -2.550999
v 1.064617 -2.331702 -2.550556
v 1.018804 -2.336904 -2.550556
v 1.065105 -2.335999 -2.549244
v 1.019292 -2.341201 -2.549244
v 1.065555 -2.339960 -2.547113
v 1.019741 -2.345161 -2.547113
v 1.065949 -2.343431 -2.544246
v 1.020135 -2.348632 -2.544246
v 1.066272 -2.346280 -2.540753
v 1.020459 -2.351481 -2.540753
v 1.066513 -2.348397 -2.536767
v 1.020699 -2.353598 -2.536767
v 1.066661 -2.349700 -2.532442
v 1.020847 -2.354902 -2.532442
v 1.066711 -2.350140 -2.527945
v 1.020897 -2.355342 -2.527945
v 1.066661 -2.349700 -2.523447
v 1.020847 -2.354902 -2.523447
v 1.066513 -2.348396 -2.519122
v 1.020699 -2.353598 -2.519122
v 1.066272 -2.346280 -2.515137
v 1.020459 -2.351481 -2.515137
v 1.065949 -2.343431 -2.511643
v 1.020135 -2.348632 -2.511643
v 1.065555 -2.339960 -2.508776
v 1.019741 -2.345161 -2.508776
v 1.065105 -2.335999 -2.506646
v 1.019292 -2.341201 -2.506646
v 1.064617 -2.331702 -2.505334
v 1.018804 -2.336904 -2.505334
vt 1.000000 0.500000
vt 0.968750 0.500000
vt 0.968750 1.000000
vt 1.000000 1.000000
vt 0.937500 0.500000
vt 0.937500 1.000000
vt 0.906250 0.500000
vt 0.906250 1.000000
vt 0.875000 0.500000
vt 0.875000 1.000000
vt 0.843750 0.500000
vt 0.843750 1.000000
vt 0.812500 0.500000
vt 0.812500 1.000000
vt 0.781250 0.500000
vt 0.781250 1.000000
vt 0.750000 0.500000
vt 0.750000 1.000000
vt 0.718750 0.500000
vt 0.718750 1.000000
vt 0.687500 0.500000
vt 0.687500 1.000000
vt 0.656250 0.500000
vt 0.656250 1.000000
vt 0.625000 0.500000
vt 0.625000 1.000000
vt 0.593750 0.500000
vt 0.593750 1.000000
vt 0.562500 0.500000
vt 0.562500 1.000000
vt 0.531250 0.500000
vt 0.531250 1.000000
vt 0.500000 0.500000
vt 0.500000 1.000000
vt 0.468750 0.500000
vt 0.468750 1.000000
vt 0.437500 0.500000
vt 0.437500 1.000000
vt 0.406250 0.500000
vt 0.406250 1.000000
vt 0.375000 0.500000
vt 0.375000 1.000000
vt 0.343750 0.500000
vt 0.343750 1.000000
vt 0.312500 0.500000
vt 0.312500 1.000000
vt 0.281250 0.500000
vt 0.281250 1.000000
vt 0.250000 0.500000
vt 0.250000 1.000000
vt 0.218750 0.500000
vt 0.218750 1.000000
vt 0.187500 0.500000
vt 0.187500 1.000000
vt 0.156250 0.500000
vt 0.156250 1.000000
vt 0.125000 0.500000
vt 0.125000 1.000000
vt 0.093750 0.500000
vt 0.093750 1.000000
vt 0.062500 0.500000
vt 0.062500 1.000000
vt 0.296822 0.485388
vt 0.341844 0.471731
vt 0.383337 0.449553
vt 0.419706 0.419706
vt 0.449553 0.383337
vt 0.471731 0.341844
vt 0.485388 0.296822
vt 0.490000 0.250000
vt 0.485388 0.203178
vt 0.471731 0.158156
vt 0.449553 0.116663
vt 0.419706 0.080294
vt 0.383337 0.050447
vt 0.341844 0.028269
vt 0.296822 0.014612
vt 0.250000 0.010000
vt 0.203178 0.014612
vt 0.158156 0.028269
vt 0.116663 0.050447
vt 0.080294 0.080294
vt 0.050447 0.116663
vt 0.028269 0.158156
vt 0.014611 0.203179
vt 0.010000 0.250000
vt 0.014612 0.296822
vt 0.028269 0.341844
vt 0.050447 0.383337
vt 0.080295 0.419706
vt 0.116663 0.449553
vt 0.158156 0.471731
vt 0.203179 0.485389
vt 0.250000 0.490000
vt 0.031250 0.500000
vt 0.031250 1.000000
vt 0.000000 0.500000
vt 0.000000 1.000000
vt 0.750000 0.490000
vt 0.703179 0.485389
vt 0.658156 0.471731
vt 0.616663 0.449553
vt 0.580295 0.419706
vt 0.550447 0.383337
vt 0.528269 0.341844
vt 0.514612 0.296822
vt 0.510000 0.250000
vt 0.514611 0.203179
vt 0.528269 0.158156
vt 0.550447 0.116663
vt 0.580294 0.080294
vt 0.616663 0.050447
vt 0.658156 0.028269
vt 0.703178 0.014612
vt 0.750000 0.010000
vt 0.796822 0.014612
vt 0.841844 0.028269
vt 0.883337 0.050447
vt 0.919706 0.080294
vt 0.949553 0.116663
vt 0.971731 0.158156
vt 0.985388 0.203178
vt 0.990000 0.250000
vt 0.985388 0.296822
vt 0.971731 0.341844
vt 0.949553 0.383337
vt 0.919706 0.419706
vt 0.883337 0.449553
vt 0.841844 0.471731
vt 0.796822 0.485388
vn 0.0000 -0.0000 1.0000
vn -0.0220 0.1939 0.9808
vn -0.0432 0.3802 0.9239
vn -0.0627 0.5520 0.8315
vn -0.0798 0.7026 0.7071
vn -0.0938 0.8262 0.5555
vn -0.1042 0.9180 0.3827
vn -0.1106 0.9745 0.1951
vn -0.1128 0.9936 -0.0000
vn -0.1106 0.9745 -0.1951
vn -0.1042 0.9180 -0.3827
vn -0.0938 0.8262 -0.5555
vn -0.0798 0.7026 -0.7071
vn -0.0627 0.5520 -0.8315
vn -0.0432 0.3802 -0.9239
vn -0.0220 0.1938 -0.9808
vn 0.0000 -0.0000 -1.0000
vn 0.0220 -0.1938 -0.9808
vn 0.0432 -0.3802 -0.9239
vn 0.0627 -0.5520 -0.8315
vn 0.0798 -0.7026 -0.7071
vn 0.0938 -0.8262 -0.5556
vn 0.1042 -0.9180 -0.3827
vn 0.1106 -0.9745 -0.1951
vn 0.1128 -0.9936 -0.0000
vn 0.1106 -0.9745 0.1951
vn 0.1042 -0.9180 0.3827
vn 0.0938 -0.8262 0.5556
vn 0.0798 -0.7026 0.7071
vn 0.0627 -0.5520 0.8315
vn 0.0432 -0.3802 0.9239
vn -0.9936 -0.1128 0.0000
vn 0.0220 -0.1939 0.9808
vn 0.9936 0.1128 0.0000
usemtl Material.006
s 1
f 4722/6879/3071 4724/6880/3072 4725/6881/3072 4723/6882/3071
f 4724/6880/3072 4726/6883/3073 4727/6884/3073 4725/6881/3072
f 4726/6883/3073 4728/6885/3074 4729/6886/3074 4727/6884/3073
f 4728/6885/3074 4730/6887/3075 4731/6888/3075 4729/6886/3074
f 4730/6887/3075 4732/6889/3076 4733/6890/3076 4731/6888/3075
f 4732/6889/3076 4734/6891/3077 4735/6892/3077 4733/6890/3076
f 4734/6891/3077 4736/6893/3078 4737/6894/3078 4735/6892/3077
f 4736/6893/3078 4738/6895/3079 4739/6896/3079 4737/6894/3078
f 4738/6895/3079 4740/6897/3080 4741/6898/3080 4739/6896/3079
f 4740/6897/3080 4742/6899/3081 4743/6900/3081 4741/6898/3080
f 4742/6899/3081 4744/6901/3082 4745/6902/3082 4743/6900/3081
f 4744/6901/3082 4746/6903/3083 4747/6904/3083 4745/6902/3082
f 4746/6903/3083 4748/6905/3084 4749/6906/3084 4747/6904/3083
f 4748/6905/3084 4750/6907/3085 4751/6908/3085 4749/6906/3084
f 4750/6907/3085 4752/6909/3086 4753/6910/3086 4751/6908/3085
f 4752/6909/3086 4754/6911/3087 4755/6912/3087 4753/6910/3086
f 4754/6911/3087 4756/6913/3088 4757/6914/3088 4755/6912/3087
f 4756/6913/3088 4758/6915/3089 4759/6916/3089 4757/6914/3088
f 4758/6915/3089 4760/6917/3090 4761/6918/3090 4759/6916/3089
f 4760/6917/3090 4762/6919/3091 4763/6920/3091 4761/6918/3090
f 4762/6919/3091 4764/6921/3092 4765/6922/3092 4763/6920/3091
f 4764/6921/3092 4766/6923/3093 4767/6924/3093 4765/6922/3092
f 4766/6923/3093 4768/6925/3094 4769/6926/3094 4767/6924/3093
f 4768/6925/3094 4770/6927/3095 4771/6928/3095 4769/6926/3094
f 4770/6927/3095 4772/6929/3096 4773/6930/3096 4771/6928/3095
f 4772/6929/3096 4774/6931/3097 4775/6932/3097 4773/6930/3096
f 4774/6931/3097 4776/6933/3098 4777/6934/3098 4775/6932/3097
f 4776/6933/3098 4778/6935/3099 4779/6936/3099 4777/6934/3098
f 4778/6935/3099 4780/6937/3100 4781/6938/3100 4779/6936/3099
f 4780/6937/3100 4782/6939/3101 4783/6940/3101 4781/6938/3100
f 4725/6941/3102 4727/6942/3102 4729/6943/3102 4731/6944/3102 4733/6945/3102 4735/6946/3102 4737/6947/3102 4739/6948/3102 4741/6949/3102 4743/6950/3102 4745/6951/3102 4747/6952/3102 4749/6953/3102 4751/6954/3102 4753/6955/3102 4755/6956/3102 4757/6957/3102 4759/6958/3102 4761/6959/3102 4763/6960/3102 4765/6961/3102 4767/6962/3102 4769/6963/3102 4771/6964/3102 4773/6965/3102 4775/6966/3102 4777/6967/3102 4779/6968/3102 4781/6969/3102 4783/6970/3102 4785/6971/3102 4723/6972/3102
f 4782/6939/3101 4784/6973/3103 4785/6974/3103 4783/6940/3101
f 4784/6973/3103 4722/6975/3071 4723/6976/3071 4785/6974/3103
f 4722/6977/3104 4784/6978/3104 4782/6979/3104 4780/6980/3104 4778/6981/3104 4776/6982/3104 4774/6983/3104 4772/6984/3104 4770/6985/3104 4768/6986/3104 4766/6987/3104 4764/6988/3104 4762/6989/3104 4760/6990/3104 4758/6991/3104 4756/6992/3104 4754/6993/3104 4752/6994/3104 4750/6995/3104 4748/6996/3104 4746/6997/3104 4744/6998/3104 4742/6999/3104 4740/7000/3104 4738/7001/3104 4736/7002/3104 4734/7003/3104 4732/7004/3104 4730/7005/3104 4728/7006/3104 4726/7007/3104 4724/7008/3104
o Cylinder.006_Cylinder.010
v 0.839168 1.782007 3.676617
v 0.823187 1.753692 -2.870313
v 0.850025 1.781150 3.677040
v 0.834044 1.752835 -2.869890
v 0.859641 1.776481 3.677414
v 0.843660 1.748167 -2.869515
v 0.866552 1.768711 3.677684
v 0.850571 1.740396 -2.869246
v 0.869706 1.759023 3.677807
v 0.853725 1.730708 -2.869123
v 0.868623 1.748891 3.677764
v 0.852642 1.720576 -2.869165
v 0.863467 1.739858 3.677563
v 0.847487 1.711543 -2.869366
v 0.855024 1.733300 3.677235
v 0.839044 1.704985 -2.869695
v 0.844579 1.730214 3.676828
v 0.828599 1.701899 -2.870102
v 0.833723 1.731071 3.676405
v 0.817742 1.702756 -2.870525
v 0.824107 1.735739 3.676030
v 0.808126 1.707424 -2.870899
v 0.817195 1.743510 3.675761
v 0.801215 1.715194 -2.871169
v 0.814041 1.753198 3.675638
v 0.798061 1.724883 -2.871291
v 0.815125 1.763330 3.675681
v 0.799144 1.735015 -2.871249
v 0.820280 1.772362 3.675881
v 0.804299 1.744047 -2.871049
v 0.828723 1.778921 3.676210
v 0.812742 1.750606 -2.870719
v 0.888418 1.271973 3.676617
v 0.872437 1.243658 -2.870313
v 0.899275 1.271116 3.677040
v 0.883294 1.242801 -2.869890
v 0.908891 1.266447 3.677414
v 0.892910 1.238132 -2.869515
v 0.915802 1.258677 3.677684
v 0.899821 1.230362 -2.869246
v 0.918956 1.248989 3.677807
v 0.902975 1.220674 -2.869123
v 0.917873 1.238857 3.677764
v 0.901892 1.210542 -2.869165
v 0.912718 1.229824 3.677563
v 0.896737 1.201509 -2.869366
v 0.904275 1.223266 3.677235
v 0.888294 1.194951 -2.869695
v 0.893830 1.220180 3.676828
v 0.877849 1.191865 -2.870102
v 0.882973 1.221036 3.676405
v 0.866992 1.192721 -2.870525
v 0.873357 1.225705 3.676030
v 0.857376 1.197390 -2.870899
v 0.866446 1.233475 3.675761
v 0.850465 1.205160 -2.871169
v 0.863292 1.243164 3.675638
v 0.847311 1.214849 -2.871291
v 0.864375 1.253296 3.675681
v 0.848394 1.224980 -2.871249
v 0.869530 1.262328 3.675881
v 0.853549 1.234013 -2.871049
v 0.877973 1.268887 3.676210
v 0.861992 1.240572 -2.870719
v 0.937668 0.761938 3.676617
v 0.921687 0.733624 -2.870313
v 0.948525 0.761082 3.677040
v 0.932544 0.732767 -2.869890
v 0.958141 0.756413 3.677414
v 0.942160 0.728098 -2.869515
v 0.965052 0.748643 3.677684
v 0.949071 0.720328 -2.869246
v 0.968206 0.738954 3.677807
v 0.952226 0.710639 -2.869123
v 0.967123 0.728823 3.677764
v 0.951142 0.700508 -2.869165
v 0.961968 0.719790 3.677563
v 0.945987 0.691475 -2.869366
v 0.953525 0.713231 3.677235
v 0.937544 0.684916 -2.869695
v 0.943080 0.710145 3.676828
v 0.927099 0.681831 -2.870102
v 0.932223 0.711002 3.676405
v 0.916242 0.682687 -2.870525
v 0.922607 0.715671 3.676030
v 0.906626 0.687356 -2.870899
v 0.915696 0.723441 3.675761
v 0.899715 0.695126 -2.871169
v 0.912542 0.733129 3.675638
v 0.896561 0.704814 -2.871291
v 0.913625 0.743261 3.675681
v 0.897644 0.714946 -2.871249
v 0.918780 0.752294 3.675881
v 0.902800 0.723979 -2.871049
v 0.927223 0.758852 3.676210
v 0.911242 0.730538 -2.870719
v 0.986918 0.251904 3.676617
v 0.970938 0.223589 -2.870313
v 0.997775 0.251047 3.677040
v 0.981795 0.222733 -2.869890
v 1.007391 0.246379 3.677414
v 0.991411 0.218064 -2.869515
v 1.014302 0.238609 3.677684
v 0.998322 0.210294 -2.869246
v 1.017457 0.228920 3.677807
v 1.001476 0.200605 -2.869123
v 1.016373 0.218788 3.677764
v 1.000393 0.190473 -2.869165
v 1.011218 0.209756 3.677563
v 0.995237 0.181441 -2.869366
v 1.002775 0.203197 3.677235
v 0.986794 0.174882 -2.869695
v 0.992330 0.200111 3.676828
v 0.976349 0.171796 -2.870102
v 0.981473 0.200968 3.676405
v 0.965492 0.172653 -2.870525
v 0.971857 0.205637 3.676030
v 0.955876 0.177322 -2.870899
v 0.964946 0.213407 3.675761
v 0.948965 0.185092 -2.871169
v 0.961792 0.223095 3.675638
v 0.945811 0.194780 -2.871291
v 0.962875 0.233227 3.675681
v 0.946894 0.204912 -2.871249
v 0.968031 0.242260 3.675881
v 0.952050 0.213945 -2.871049
v 0.976474 0.248818 3.676210
v 0.960493 0.220503 -2.870719
v 1.036169 -0.258130 3.676617
v 1.020188 -0.286445 -2.870313
v 1.047026 -0.258987 3.677040
v 1.031045 -0.287302 -2.869890
v 1.056642 -0.263656 3.677414
v 1.040661 -0.291970 -2.869515
v 1.063553 -0.271426 3.677684
v 1.047572 -0.299740 -2.869246
v 1.066707 -0.281114 3.677807
v 1.050726 -0.309429 -2.869123
v 1.065624 -0.291246 3.677764
v 1.049643 -0.319561 -2.869165
v 1.060468 -0.300279 3.677563
v 1.044487 -0.328594 -2.869366
v 1.052025 -0.306837 3.677235
v 1.036044 -0.335152 -2.869695
v 1.041580 -0.309923 3.676828
v 1.025600 -0.338238 -2.870102
v 1.030723 -0.309066 3.676405
v 1.014743 -0.337381 -2.870525
v 1.021107 -0.304398 3.676030
v 1.005127 -0.332713 -2.870899
v 1.014196 -0.296627 3.675761
v 0.998216 -0.324942 -2.871169
v 1.011042 -0.286939 3.675638
v 0.995061 -0.315254 -2.871291
v 1.012125 -0.276807 3.675681
v 0.996145 -0.305122 -2.871249
v 1.017281 -0.267774 3.675881
v 1.001300 -0.296089 -2.871049
v 1.025724 -0.261216 3.676210
v 1.009743 -0.289531 -2.870719
v 1.085419 -0.768164 3.676617
v 1.069438 -0.796479 -2.870313
v 1.096276 -0.769021 3.677040
v 1.080295 -0.797336 -2.869890
v 1.105892 -0.773690 3.677414
v 1.089911 -0.802005 -2.869515
v 1.112803 -0.781460 3.677684
v 1.096822 -0.809775 -2.869246
v 1.115957 -0.791148 3.677807
v 1.099976 -0.819463 -2.869123
v 1.114874 -0.801280 3.677764
v 1.098893 -0.829595 -2.869165
v 1.109718 -0.810313 3.677563
v 1.093738 -0.838628 -2.869366
v 1.101276 -0.816871 3.677235
v 1.085295 -0.845186 -2.869695
v 1.090831 -0.819957 3.676828
v 1.074850 -0.848272 -2.870102
v 1.079974 -0.819101 3.676405
v 1.063993 -0.847416 -2.870525
v 1.070358 -0.814432 3.676030
v 1.054377 -0.842747 -2.870899
v 1.063447 -0.806662 3.675761
v 1.047466 -0.834977 -2.871169
v 1.060292 -0.796973 3.675638
v 1.044312 -0.825288 -2.871291
v 1.061376 -0.786841 3.675681
v 1.045395 -0.815156 -2.871249
v 1.066531 -0.777809 3.675881
v 1.050550 -0.806124 -2.871049
v 1.074974 -0.771250 3.676210
v 1.058993 -0.799565 -2.870719
v 1.134669 -1.278199 3.676617
v 1.118688 -1.306514 -2.870313
v 1.145526 -1.279055 3.677040
v 1.129545 -1.307370 -2.869890
v 1.155142 -1.283724 3.677414
v 1.139161 -1.312039 -2.869515
v 1.162053 -1.291494 3.677684
v 1.146072 -1.319809 -2.869246
v 1.165207 -1.301183 3.677807
v 1.149226 -1.329498 -2.869123
v 1.164124 -1.311314 3.677764
v 1.148143 -1.339629 -2.869165
v 1.158969 -1.320347 3.677563
v 1.142988 -1.348662 -2.869366
v 1.150526 -1.326906 3.677235
v 1.134545 -1.355221 -2.869695
v 1.140081 -1.329992 3.676828
v 1.124100 -1.358307 -2.870102
v 1.129224 -1.329135 3.676405
v 1.113243 -1.357450 -2.870525
v 1.119608 -1.324466 3.676030
v 1.103627 -1.352781 -2.870899
v 1.112697 -1.316696 3.675761
v 1.096716 -1.345011 -2.871169
v 1.109543 -1.307008 3.675638
v 1.093562 -1.335323 -2.871291
v 1.110626 -1.296876 3.675681
v 1.094645 -1.325191 -2.871249
v 1.115781 -1.287843 3.675881
v 1.099800 -1.316158 -2.871049
v 1.124224 -1.281284 3.676210
v 1.108243 -1.309600 -2.870719
v 1.183919 -1.788233 3.676617
v 1.167939 -1.816548 -2.870313
v 1.194776 -1.789090 3.677040
v 1.178795 -1.817405 -2.869890
v 1.204392 -1.793759 3.677414
v 1.188411 -1.822073 -2.869515
v 1.211303 -1.801529 3.677684
v 1.195323 -1.829843 -2.869246
v 1.214458 -1.811217 3.677807
v 1.198477 -1.839532 -2.869123
v 1.213374 -1.821349 3.677764
v 1.197394 -1.849664 -2.869165
v 1.208219 -1.830382 3.677563
v 1.192238 -1.858696 -2.869366
v 1.199776 -1.836940 3.677235
v 1.183795 -1.865255 -2.869695
v 1.189331 -1.840026 3.676828
v 1.173350 -1.868341 -2.870102
v 1.178474 -1.839169 3.676405
v 1.162493 -1.867484 -2.870525
v 1.168858 -1.834501 3.676030
v 1.152877 -1.862815 -2.870899
v 1.161947 -1.826730 3.675761
v 1.145966 -1.855045 -2.871169
v 1.158793 -1.817042 3.675638
v 1.142812 -1.845357 -2.871291
v 1.159876 -1.806910 3.675681
v 1.143895 -1.835225 -2.871249
v 1.165032 -1.797877 3.675881
v 1.149051 -1.826192 -2.871049
v 1.173474 -1.791319 3.676210
v 1.157494 -1.819634 -2.870719
v 0.758154 2.077872 3.555739
v 1.217568 -2.584801 3.555739
v 0.768619 2.079515 3.557846
v 1.228033 -2.583158 3.557846
v 0.777490 2.080907 3.563847
v 1.236905 -2.581766 3.563847
v 0.783419 2.081837 3.572827
v 1.242833 -2.580836 3.572827
v 0.785500 2.082164 3.583420
v 1.244914 -2.580509 3.583420
v 0.783419 2.081837 3.594013
v 1.242833 -2.580836 3.594013
v 0.777490 2.080907 3.602994
v 1.236905 -2.581766 3.602994
v 0.768619 2.079515 3.608994
v 1.228033 -2.583158 3.608994
v 0.758154 2.077872 3.611101
v 1.217568 -2.584801 3.611101
v 0.747689 2.076229 3.608994
v 1.207103 -2.586443 3.608994
v 0.738817 2.074837 3.602994
v 1.198231 -2.587836 3.602994
v 0.732889 2.073906 3.594013
v 1.192303 -2.588766 3.594013
v 0.730807 2.073580 3.583420
v 1.190221 -2.589093 3.583420
v 0.732889 2.073906 3.572827
v 1.192303 -2.588766 3.572827
v 0.738817 2.074837 3.563847
v 1.198231 -2.587836 3.563847
v 0.747689 2.076229 3.557846
v 1.207103 -2.586443 3.557846
v 0.758154 2.077872 -2.720552
v 1.217568 -2.584801 -2.720552
v 0.768619 2.079515 -2.718445
v 1.228033 -2.583158 -2.718445
v 0.777491 2.080907 -2.712445
v 1.236905 -2.581766 -2.712445
v 0.783419 2.081837 -2.703465
v 1.242833 -2.580835 -2.703465
v 0.785500 2.082164 -2.692871
v 1.244914 -2.580509 -2.692871
v 0.783419 2.081837 -2.682278
v 1.242833 -2.580835 -2.682278
v 0.777491 2.080907 -2.673298
v 1.236905 -2.581766 -2.673298
v 0.768619 2.079515 -2.667297
v 1.228033 -2.583158 -2.667297
v 0.758154 2.077872 -2.665190
v 1.217568 -2.584801 -2.665190
v 0.747689 2.076229 -2.667297
v 1.207103 -2.586443 -2.667297
v 0.738817 2.074837 -2.673298
v 1.198231 -2.587836 -2.673298
v 0.732889 2.073906 -2.682278
v 1.192303 -2.588766 -2.682278
v 0.730807 2.073580 -2.692871
v 1.190221 -2.589093 -2.692871
v 0.732889 2.073906 -2.703465
v 1.192303 -2.588766 -2.703465
v 0.738817 2.074837 -2.712445
v 1.198231 -2.587836 -2.712445
v 0.747689 2.076229 -2.718445
v 1.207103 -2.586443 -2.718445
v 0.758154 2.077872 3.371054
v 1.217568 -2.584801 3.371054
v 0.768619 2.079515 3.373036
v 1.228033 -2.583158 3.373036
v 0.777491 2.080907 3.378680
v 1.236905 -2.581766 3.378680
v 0.783419 2.081837 3.387128
v 1.242833 -2.580835 3.387128
v 0.785500 2.082164 3.397092
v 1.244914 -2.580509 3.397092
v 0.783419 2.081837 3.407056
v 1.242833 -2.580835 3.407056
v 0.777491 2.080907 3.415503
v 1.236905 -2.581766 3.415503
v 0.768619 2.079515 3.421148
v 1.228033 -2.583158 3.421148
v 0.758154 2.077872 3.423129
v 1.217568 -2.584801 3.423129
v 0.747689 2.076229 3.421148
v 1.207103 -2.586443 3.421148
v 0.738817 2.074837 3.415503
v 1.198231 -2.587836 3.415503
v 0.732889 2.073906 3.407056
v 1.192303 -2.588766 3.407056
v 0.730807 2.073580 3.397092
v 1.190221 -2.589093 3.397092
v 0.732889 2.073906 3.387128
v 1.192303 -2.588766 3.387128
v 0.738817 2.074837 3.378680
v 1.198231 -2.587836 3.378680
v 0.747689 2.076229 3.373036
v 1.207103 -2.586443 3.373036
v 0.758154 2.077872 -2.532580
v 1.217568 -2.584801 -2.532580
v 0.768619 2.079515 -2.530598
v 1.228033 -2.583158 -2.530598
v 0.777491 2.080907 -2.524954
v 1.236905 -2.581766 -2.524954
v 0.783419 2.081837 -2.516507
v 1.242833 -2.580835 -2.516507
v 0.785500 2.082164 -2.506543
v 1.244914 -2.580509 -2.506543
v 0.783419 2.081837 -2.496579
v 1.242833 -2.580835 -2.496579
v 0.777491 2.080907 -2.488131
v 1.236905 -2.581766 -2.488131
v 0.768619 2.079515 -2.482487
v 1.228033 -2.583158 -2.482487
v 0.758154 2.077872 -2.480505
v 1.217568 -2.584801 -2.480505
v 0.747689 2.076229 -2.482487
v 1.207103 -2.586443 -2.482487
v 0.738817 2.074837 -2.488131
v 1.198231 -2.587836 -2.488131
v 0.732889 2.073906 -2.496579
v 1.192303 -2.588766 -2.496579
v 0.730807 2.073580 -2.506543
v 1.190221 -2.589093 -2.506543
v 0.732889 2.073906 -2.516507
v 1.192303 -2.588766 -2.516507
v 0.738817 2.074837 -2.524954
v 1.198231 -2.587836 -2.524954
v 0.747689 2.076229 -2.530598
v 1.207103 -2.586443 -2.530598
v 0.801479 2.022137 3.676617
v 0.785498 1.993822 -2.870313
v 0.812335 2.021280 3.677040
v 0.796355 1.992965 -2.869890
v 0.821951 2.016611 3.677415
v 0.805971 1.988296 -2.869516
v 0.828863 2.008841 3.677684
v 0.812882 1.980526 -2.869246
v 0.832017 1.999153 3.677807
v 0.816036 1.970838 -2.869124
v 0.830933 1.989021 3.677765
v 0.814953 1.960706 -2.869166
v 0.825778 1.979988 3.677564
v 0.809797 1.951673 -2.869366
v 0.817335 1.973430 3.677235
v 0.801354 1.945115 -2.869695
v 0.806890 1.970344 3.676828
v 0.790909 1.942029 -2.870102
v 0.796033 1.971200 3.676405
v 0.780052 1.942885 -2.870525
v 0.786417 1.975869 3.676031
v 0.770437 1.947554 -2.870900
v 0.779506 1.983639 3.675762
v 0.763525 1.955324 -2.871169
v 0.776352 1.993328 3.675639
v 0.760371 1.965013 -2.871292
v 0.777435 2.003460 3.675681
v 0.761454 1.975145 -2.871249
v 0.782591 2.012492 3.675882
v 0.766610 1.984177 -2.871049
v 0.791034 2.019051 3.676211
v 0.775053 1.990736 -2.870720
v 0.854513 1.514566 3.678683
v 0.838532 1.486251 -2.868248
v 0.865370 1.513709 3.679106
v 0.849389 1.485394 -2.867825
v 0.874986 1.509040 3.679481
v 0.859005 1.480725 -2.867450
v 0.881897 1.501270 3.679750
v 0.865916 1.472955 -2.867181
v 0.885051 1.491582 3.679873
v 0.869070 1.463267 -2.867058
v 0.883968 1.481450 3.679831
v 0.867987 1.453135 -2.867100
v 0.878813 1.472417 3.679630
v 0.862832 1.444102 -2.867301
v 0.870370 1.465858 3.679301
v 0.854389 1.437544 -2.867630
v 0.859925 1.462773 3.678894
v 0.843944 1.434458 -2.868037
v 0.849068 1.463629 3.678471
v 0.833087 1.435314 -2.868459
v 0.839452 1.468298 3.678097
v 0.823471 1.439983 -2.868834
v 0.832541 1.476068 3.677827
v 0.816560 1.447753 -2.869103
v 0.829387 1.485757 3.677704
v 0.813406 1.457442 -2.869226
v 0.830470 1.495889 3.677747
v 0.814489 1.467574 -2.869184
v 0.835625 1.504921 3.677948
v 0.819644 1.476606 -2.868983
v 0.844068 1.511480 3.678276
v 0.828087 1.483165 -2.868654
v 0.907547 1.006995 3.680749
v 0.891567 0.978680 -2.866182
v 0.918404 1.006138 3.681172
v 0.902424 0.977823 -2.865759
v 0.928020 1.001469 3.681546
v 0.912040 0.973154 -2.865384
v 0.934932 0.993699 3.681816
v 0.918951 0.965384 -2.865115
v 0.938086 0.984011 3.681938
v 0.922105 0.955696 -2.864992
v 0.937002 0.973879 3.681896
v 0.921022 0.945564 -2.865034
v 0.931847 0.964846 3.681695
v 0.915866 0.936531 -2.865235
v 0.923404 0.958287 3.681367
v 0.907423 0.929972 -2.865564
v 0.912959 0.955202 3.680960
v 0.896978 0.926887 -2.865971
v 0.902102 0.956058 3.680537
v 0.886122 0.927743 -2.866394
v 0.892486 0.960727 3.680162
v 0.876505 0.932412 -2.866768
v 0.885575 0.968497 3.679893
v 0.869594 0.940182 -2.867037
v 0.882421 0.978186 3.679770
v 0.866440 0.949871 -2.867160
v 0.883504 0.988317 3.679812
v 0.867523 0.960002 -2.867118
v 0.888660 0.997350 3.680013
v 0.872679 0.969035 -2.866917
v 0.897103 1.003909 3.680342
v 0.881122 0.975594 -2.866589
v 0.960582 0.499424 3.682815
v 0.944601 0.471109 -2.864116
v 0.971439 0.498567 3.683238
v 0.955458 0.470252 -2.863693
v 0.981055 0.493898 3.683612
v 0.965074 0.465583 -2.863319
v 0.987966 0.486128 3.683881
v 0.971985 0.457813 -2.863049
v 0.991120 0.476440 3.684004
v 0.975139 0.448125 -2.862926
v 0.990037 0.466308 3.683962
v 0.974056 0.437993 -2.862968
v 0.984882 0.457275 3.683761
v 0.968901 0.428960 -2.863169
v 0.976439 0.450716 3.683432
v 0.960458 0.422401 -2.863498
v 0.965994 0.447631 3.683026
v 0.950013 0.419316 -2.863905
v 0.955137 0.448487 3.682603
v 0.939156 0.420172 -2.864328
v 0.945521 0.453156 3.682228
v 0.929540 0.424841 -2.864702
v 0.938610 0.460926 3.681959
v 0.922629 0.432611 -2.864972
v 0.935456 0.470615 3.681836
v 0.919475 0.442300 -2.865094
v 0.936539 0.480746 3.681878
v 0.920558 0.452431 -2.865052
v 0.941694 0.489779 3.682079
v 0.925713 0.461464 -2.864851
v 0.950137 0.496338 3.682408
v 0.934156 0.468023 -2.864522
v 1.013617 -0.008148 3.684880
v 0.997636 -0.036462 -2.862050
v 1.024473 -0.009004 3.685303
v 1.008493 -0.037319 -2.861627
v 1.034089 -0.013673 3.685678
v 1.018109 -0.041988 -2.861252
v 1.041001 -0.021443 3.685947
v 1.025020 -0.049758 -2.860984
v 1.044155 -0.031132 3.686070
v 1.028174 -0.059446 -2.860860
v 1.043072 -0.041263 3.686028
v 1.027091 -0.069578 -2.860903
v 1.037916 -0.050296 3.685827
v 1.021935 -0.078611 -2.861104
v 1.029473 -0.056855 3.685498
v 1.013492 -0.085170 -2.861432
v 1.019028 -0.059941 3.685091
v 1.003047 -0.088255 -2.861840
v 1.008171 -0.059084 3.684669
v 0.992191 -0.087399 -2.862262
v 0.998555 -0.054415 3.684294
v 0.982575 -0.082730 -2.862637
v 0.991644 -0.046645 3.684025
v 0.975663 -0.074960 -2.862906
v 0.988490 -0.036957 3.683902
v 0.972509 -0.065271 -2.863029
v 0.989573 -0.026825 3.683944
v 0.973592 -0.055140 -2.862987
v 0.994729 -0.017792 3.684145
v 0.978748 -0.046107 -2.862786
v 1.003172 -0.011233 3.684474
v 0.987191 -0.039548 -2.862457
v 1.066651 -0.515719 3.686946
v 1.050670 -0.544034 -2.859984
v 1.077508 -0.516575 3.687369
v 1.061527 -0.544890 -2.859562
v 1.087124 -0.521244 3.687744
v 1.071143 -0.549559 -2.859187
v 1.094035 -0.529014 3.688013
v 1.078054 -0.557329 -2.858917
v 1.097189 -0.538703 3.688136
v 1.081208 -0.567017 -2.858795
v 1.096106 -0.548835 3.688094
v 1.080125 -0.577149 -2.858837
v 1.090951 -0.557867 3.687893
v 1.074970 -0.586182 -2.859038
v 1.082508 -0.564426 3.687564
v 1.066527 -0.592741 -2.859367
v 1.072063 -0.567512 3.687157
v 1.056082 -0.595827 -2.859774
v 1.061206 -0.566655 3.686734
v 1.045225 -0.594970 -2.860196
v 1.051590 -0.561986 3.686359
v 1.035609 -0.590301 -2.860571
v 1.044679 -0.554216 3.686090
v 1.028698 -0.582531 -2.860840
v 1.041525 -0.544528 3.685967
v 1.025544 -0.572842 -2.860963
v 1.042608 -0.534396 3.686010
v 1.026627 -0.562711 -2.860921
v 1.047763 -0.525363 3.686211
v 1.031782 -0.553678 -2.860720
v 1.056206 -0.518804 3.686539
v 1.040225 -0.547119 -2.860391
v 1.119686 -1.023290 3.689012
v 1.103705 -1.051605 -2.857919
v 1.130543 -1.024146 3.689435
v 1.114562 -1.052461 -2.857496
v 1.140158 -1.028815 3.689810
v 1.124178 -1.057130 -2.857121
v 1.147070 -1.036585 3.690078
v 1.131089 -1.064900 -2.856852
v 1.150224 -1.046274 3.690202
v 1.134243 -1.074589 -2.856729
v 1.149141 -1.056406 3.690159
v 1.133160 -1.084720 -2.856771
v 1.143985 -1.065438 3.689958
v 1.128004 -1.093753 -2.856972
v 1.135542 -1.071997 3.689630
v 1.119561 -1.100312 -2.857301
v 1.125097 -1.075083 3.689223
v 1.109116 -1.103397 -2.857708
v 1.114240 -1.074226 3.688800
v 1.098260 -1.102541 -2.858131
v 1.104624 -1.069557 3.688425
v 1.088644 -1.097872 -2.858505
v 1.097713 -1.061787 3.688156
v 1.081732 -1.090102 -2.858775
v 1.094559 -1.052099 3.688033
v 1.078578 -1.080414 -2.858897
v 1.095642 -1.041967 3.688075
v 1.079661 -1.070282 -2.858855
v 1.100798 -1.032934 3.688276
v 1.084817 -1.061249 -2.858654
v 1.109241 -1.026375 3.688605
v 1.093260 -1.054690 -2.858325
v 1.172720 -1.530861 3.691078
v 1.156739 -1.559176 -2.855853
v 1.183577 -1.531718 3.691500
v 1.167596 -1.560033 -2.855430
v 1.193193 -1.536386 3.691875
v 1.177212 -1.564701 -2.855055
v 1.200104 -1.544156 3.692144
v 1.184123 -1.572471 -2.854787
v 1.203258 -1.553845 3.692267
v 1.187277 -1.582160 -2.854663
v 1.202175 -1.563977 3.692225
v 1.186194 -1.592292 -2.854705
v 1.197020 -1.573009 3.692024
v 1.181039 -1.601324 -2.854907
v 1.188577 -1.579568 3.691695
v 1.172596 -1.607883 -2.855235
v 1.178132 -1.582654 3.691288
v 1.162151 -1.610969 -2.855642
v 1.167275 -1.581797 3.690866
v 1.151294 -1.610112 -2.856065
v 1.157659 -1.577128 3.690491
v 1.141678 -1.605443 -2.856440
v 1.150748 -1.569358 3.690222
v 1.134767 -1.597673 -2.856709
v 1.147594 -1.559670 3.690099
v 1.131613 -1.587985 -2.856832
v 1.148677 -1.549538 3.690141
v 1.132696 -1.577853 -2.856790
v 1.153832 -1.540505 3.690342
v 1.137851 -1.568820 -2.856588
v 1.162275 -1.533947 3.690671
v 1.146294 -1.562261 -2.856260
v 1.225755 -2.038432 3.693143
v 1.209774 -2.066747 -2.853787
v 1.236611 -2.039289 3.693566
v 1.220631 -2.067604 -2.853364
v 1.246228 -2.043957 3.693941
v 1.230247 -2.072272 -2.852990
v 1.253139 -2.051727 3.694210
v 1.237158 -2.080042 -2.852720
v 1.256293 -2.061416 3.694333
v 1.240312 -2.089731 -2.852598
v 1.255210 -2.071548 3.694291
v 1.239229 -2.099863 -2.852640
v 1.250054 -2.080580 3.694090
v 1.234073 -2.108895 -2.852841
v 1.241611 -2.087139 3.693761
v 1.225630 -2.115454 -2.853170
v 1.231166 -2.090225 3.693354
v 1.215186 -2.118540 -2.853576
v 1.220309 -2.089368 3.692931
v 1.204329 -2.117682 -2.853999
v 1.210693 -2.084699 3.692557
v 1.194713 -2.113014 -2.854374
v 1.203782 -2.076929 3.692288
v 1.187801 -2.105244 -2.854643
v 1.200628 -2.067240 3.692165
v 1.184647 -2.095556 -2.854766
v 1.201711 -2.057108 3.692207
v 1.185730 -2.085423 -2.854724
v 1.206867 -2.048076 3.692408
v 1.190886 -2.076391 -2.854523
v 1.215310 -2.041518 3.692737
v 1.199329 -2.069832 -2.854194
v 1.278789 -2.546003 3.695209
v 1.262808 -2.574318 -2.851721
v 1.289646 -2.546860 3.695632
v 1.273665 -2.575175 -2.851299
v 1.299262 -2.551528 3.696007
v 1.283281 -2.579843 -2.850924
v 1.306173 -2.559298 3.696276
v 1.290192 -2.587613 -2.850655
v 1.309327 -2.568987 3.696399
v 1.293346 -2.597301 -2.850532
v 1.308244 -2.579118 3.696356
v 1.292263 -2.607434 -2.850574
v 1.303089 -2.588151 3.696156
v 1.287108 -2.616466 -2.850775
v 1.294646 -2.594710 3.695827
v 1.278665 -2.623025 -2.851104
v 1.284201 -2.597796 3.695420
v 1.268220 -2.626111 -2.851511
v 1.273344 -2.596939 3.694997
v 1.257363 -2.625254 -2.851934
v 1.263728 -2.592270 3.694623
v 1.247747 -2.620585 -2.852308
v 1.256817 -2.584500 3.694353
v 1.240836 -2.612815 -2.852577
v 1.253663 -2.574811 3.694231
v 1.237682 -2.603127 -2.852700
v 1.254746 -2.564680 3.694273
v 1.238765 -2.592995 -2.852658
v 1.259901 -2.555647 3.694474
v 1.243920 -2.583962 -2.852457
v 1.268344 -2.549089 3.694802
v 1.252363 -2.577404 -2.852128
vt 1.000000 0.500000
vt 0.937500 0.500000
vt 0.937500 1.000000
vt 1.000000 1.000000
vt 0.875000 0.500000
vt 0.875000 1.000000
vt 0.812500 0.500000
vt 0.812500 1.000000
vt 0.750000 0.500000
vt 0.750000 1.000000
vt 0.687500 0.500000
vt 0.687500 1.000000
vt 0.625000 0.500000
vt 0.625000 1.000000
vt 0.562500 0.500000
vt 0.562500 1.000000
vt 0.500000 0.500000
vt 0.500000 1.000000
vt 0.437500 0.500000
vt 0.437500 1.000000
vt 0.375000 0.500000
vt 0.375000 1.000000
vt 0.312500 0.500000
vt 0.312500 1.000000
vt 0.250000 0.500000
vt 0.250000 1.000000
vt 0.187500 0.500000
vt 0.187500 1.000000
vt 0.125000 0.500000
vt 0.125000 1.000000
vt 0.341844 0.471731
vt 0.419706 0.419706
vt 0.471731 0.341844
vt 0.490000 0.250000
vt 0.471731 0.158156
vt 0.419706 0.080294
vt 0.341844 0.028269
vt 0.250000 0.010000
vt 0.158156 0.028269
vt 0.080294 0.080294
vt 0.028269 0.158156
vt 0.010000 0.250000
vt 0.028269 0.341844
vt 0.080294 0.419706
vt 0.158156 0.471731
vt 0.250000 0.490000
vt 0.062500 0.500000
vt 0.062500 1.000000
vt 0.000000 0.500000
vt 0.000000 1.000000
vt 0.750000 0.490000
vt 0.658156 0.471731
vt 0.580294 0.419706
vt 0.528269 0.341844
vt 0.510000 0.250000
vt 0.528269 0.158156
vt 0.580294 0.080294
vt 0.658156 0.028269
vt 0.750000 0.010000
vt 0.841844 0.028269
vt 0.919706 0.080294
vt 0.971731 0.158156
vt 0.990000 0.250000
vt 0.971731 0.341844
vt 0.919706 0.419706
vt 0.841844 0.471731
vt 1.000000 0.500000
vt 0.937500 0.500000
vt 0.937500 1.000000
vt 1.000000 1.000000
vt 0.875000 0.500000
vt 0.875000 1.000000
vt 0.812500 0.500000
vt 0.812500 1.000000
vt 0.750000 0.500000
vt 0.750000 1.000000
vt 0.687500 0.500000
vt 0.687500 1.000000
vt 0.625000 0.500000
vt 0.625000 1.000000
vt 0.562500 0.500000
vt 0.562500 1.000000
vt 0.500000 0.500000
vt 0.500000 1.000000
vt 0.437500 0.500000
vt 0.437500 1.000000
vt 0.375000 0.500000
vt 0.375000 1.000000
vt 0.312500 0.500000
vt 0.312500 1.000000
vt 0.250000 0.500000
vt 0.250000 1.000000
vt 0.187500 0.500000
vt 0.187500 1.000000
vt 0.125000 0.500000
vt 0.125000 1.000000
vt 0.341844 0.471731
vt 0.419706 0.419706
vt 0.471731 0.341844
vt 0.490000 0.250000
vt 0.471731 0.158156
vt 0.419706 0.080294
vt 0.341844 0.028269
vt 0.250000 0.010000
vt 0.158156 0.028269
vt 0.080294 0.080294
vt 0.028269 0.158156
vt 0.010000 0.250000
vt 0.028269 0.341844
vt 0.080294 0.419706
vt 0.158156 0.471731
vt 0.250000 0.490000
vt 0.062500 0.500000
vt 0.062500 1.000000
vt 0.000000 0.500000
vt 0.000000 1.000000
vt 0.750000 0.490000
vt 0.658156 0.471731
vt 0.580294 0.419706
vt 0.528269 0.341844
vt 0.510000 0.250000
vt 0.528269 0.158156
vt 0.580294 0.080294
vt 0.658156 0.028269
vt 0.750000 0.010000
vt 0.841844 0.028269
vt 0.919706 0.080294
vt 0.971731 0.158156
vt 0.990000 0.250000
vt 0.971731 0.341844
vt 0.919706 0.419706
vt 0.841844 0.471731
vt 1.000000 0.500000
vt 0.937500 0.500000
vt 0.937500 1.000000
vt 1.000000 1.000000
vt 0.875000 0.500000
vt 0.875000 1.000000
vt 0.812500 0.500000
vt 0.812500 1.000000
vt 0.750000 0.500000
vt 0.750000 1.000000
vt 0.687500 0.500000
vt 0.687500 1.000000
vt 0.625000 0.500000
vt 0.625000 1.000000
vt 0.562500 0.500000
vt 0.562500 1.000000
vt 0.500000 0.500000
vt 0.500000 1.000000
vt 0.437500 0.500000
vt 0.437500 1.000000
vt 0.375000 0.500000
vt 0.375000 1.000000
vt 0.312500 0.500000
vt 0.312500 1.000000
vt 0.250000 0.500000
vt 0.250000 1.000000
vt 0.187500 0.500000
vt 0.187500 1.000000
vt 0.125000 0.500000
vt 0.125000 1.000000
vt 0.341844 0.471731
vt 0.419706 0.419706
vt 0.471731 0.341844
vt 0.490000 0.250000
vt 0.471731 0.158156
vt 0.419706 0.080294
vt 0.341844 0.028269
vt 0.250000 0.010000
vt 0.158156 0.028269
vt 0.080294 0.080294
vt 0.028269 0.158156
vt 0.010000 0.250000
vt 0.028269 0.341844
vt 0.080294 0.419706
vt 0.158156 0.471731
vt 0.250000 0.490000
vt 0.062500 0.500000
vt 0.062500 1.000000
vt 0.000000 0.500000
vt 0.000000 1.000000
vt 0.750000 0.490000
vt 0.658156 0.471731
vt 0.580294 0.419706
vt 0.528269 0.341844
vt 0.510000 0.250000
vt 0.528269 0.158156
vt 0.580294 0.080294
vt 0.658156 0.028269
vt 0.750000 0.010000
vt 0.841844 0.028269
vt 0.919706 0.080294
vt 0.971731 0.158156
vt 0.990000 0.250000
vt 0.971731 0.341844
vt 0.919706 0.419706
vt 0.841844 0.471731
vt 1.000000 0.500000
vt 0.937500 0.500000
vt 0.937500 1.000000
vt 1.000000 1.000000
vt 0.875000 0.500000
vt 0.875000 1.000000
vt 0.812500 0.500000
vt 0.812500 1.000000
vt 0.750000 0.500000
vt 0.750000 1.000000
vt 0.687500 0.500000
vt 0.687500 1.000000
vt 0.625000 0.500000
vt 0.625000 1.000000
vt 0.562500 0.500000
vt 0.562500 1.000000
vt 0.500000 0.500000
vt 0.500000 1.000000
vt 0.437500 0.500000
vt 0.437500 1.000000
vt 0.375000 0.500000
vt 0.375000 1.000000
vt 0.312500 0.500000
vt 0.312500 1.000000
vt 0.250000 0.500000
vt 0.250000 1.000000
vt 0.187500 0.500000
vt 0.187500 1.000000
vt 0.125000 0.500000
vt 0.125000 1.000000
vt 0.341844 0.471731
vt 0.419706 0.419706
vt 0.471731 0.341844
vt 0.490000 0.250000
vt 0.471731 0.158156
vt 0.419706 0.080294
vt 0.341844 0.028269
vt 0.250000 0.010000
vt 0.158156 0.028269
vt 0.080294 0.080294
vt 0.028269 0.158156
vt 0.010000 0.250000
vt 0.028269 0.341844
vt 0.080294 0.419706
vt 0.158156 0.471731
vt 0.250000 0.490000
vt 0.062500 0.500000
vt 0.062500 1.000000
vt 0.000000 0.500000
vt 0.000000 1.000000
vt 0.750000 0.490000
vt 0.658156 0.471731
vt 0.580294 0.419706
vt 0.528269 0.341844
vt 0.510000 0.250000
vt 0.528269 0.158156
vt 0.580294 0.080294
vt 0.658156 0.028269
vt 0.750000 0.010000
vt 0.841844 0.028269
vt 0.919706 0.080294
vt 0.971731 0.158156
vt 0.990000 0.250000
vt 0.971731 0.341844
vt 0.919706 0.419706
vt 0.841844 0.471731
vt 1.000000 0.500000
vt 0.937500 0.500000
vt 0.937500 1.000000
vt 1.000000 1.000000
vt 0.875000 0.500000
vt 0.875000 1.000000
vt 0.812500 0.500000
vt 0.812500 1.000000
vt 0.750000 0.500000
vt 0.750000 1.000000
vt 0.687500 0.500000
vt 0.687500 1.000000
vt 0.625000 0.500000
vt 0.625000 1.000000
vt 0.562500 0.500000
vt 0.562500 1.000000
vt 0.500000 0.500000
vt 0.500000 1.000000
vt 0.437500 0.500000
vt 0.437500 1.000000
vt 0.375000 0.500000
vt 0.375000 1.000000
vt 0.312500 0.500000
vt 0.312500 1.000000
vt 0.250000 0.500000
vt 0.250000 1.000000
vt 0.187500 0.500000
vt 0.187500 1.000000
vt 0.125000 0.500000
vt 0.125000 1.000000
vt 0.341844 0.471731
vt 0.419706 0.419706
vt 0.471731 0.341844
vt 0.490000 0.250000
vt 0.471731 0.158156
vt 0.419706 0.080294
vt 0.341844 0.028269
vt 0.250000 0.010000
vt 0.158156 0.028269
vt 0.080294 0.080294
vt 0.028269 0.158156
vt 0.010000 0.250000
vt 0.028269 0.341844
vt 0.080294 0.419706
vt 0.158156 0.471731
vt 0.250000 0.490000
vt 0.062500 0.500000
vt 0.062500 1.000000
vt 0.000000 0.500000
vt 0.000000 1.000000
vt 0.750000 0.490000
vt 0.658156 0.471731
vt 0.580294 0.419706
vt 0.528269 0.341844
vt 0.510000 0.250000
vt 0.528269 0.158156
vt 0.580294 0.080294
vt 0.658156 0.028269
vt 0.750000 0.010000
vt 0.841844 0.028269
vt 0.919706 0.080294
vt 0.971731 0.158156
vt 0.990000 0.250000
vt 0.971731 0.341844
vt 0.919706 0.419706
vt 0.841844 0.471731
vt 1.000000 0.500000
vt 0.937500 0.500000
vt 0.937500 1.000000
vt 1.000000 1.000000
vt 0.875000 0.500000
vt 0.875000 1.000000
vt 0.812500 0.500000
vt 0.812500 1.000000
vt 0.750000 0.500000
vt 0.750000 1.000000
vt 0.687500 0.500000
vt 0.687500 1.000000
vt 0.625000 0.500000
vt 0.625000 1.000000
vt 0.562500 0.500000
vt 0.562500 1.000000
vt 0.500000 0.500000
vt 0.500000 1.000000
vt 0.437500 0.500000
vt 0.437500 1.000000
vt 0.375000 0.500000
vt 0.375000 1.000000
vt 0.312500 0.500000
vt 0.312500 1.000000
vt 0.250000 0.500000
vt 0.250000 1.000000
vt 0.187500 0.500000
vt 0.187500 1.000000
vt 0.125000 0.500000
vt 0.125000 1.000000
vt 0.341844 0.471731
vt 0.419706 0.419706
vt 0.471731 0.341844
vt 0.490000 0.250000
vt 0.471731 0.158156
vt 0.419706 0.080294
vt 0.341844 0.028269
vt 0.250000 0.010000
vt 0.158156 0.028269
vt 0.080294 0.080294
vt 0.028269 0.158156
vt 0.010000 0.250000
vt 0.028269 0.341844
vt 0.080294 0.419706
vt 0.158156 0.471731
vt 0.250000 0.490000
vt 0.062500 0.500000
vt 0.062500 1.000000
vt 0.000000 0.500000
vt 0.000000 1.000000
vt 0.750000 0.490000
vt 0.658156 0.471731
vt 0.580294 0.419706
vt 0.528269 0.341844
vt 0.510000 0.250000
vt 0.528269 0.158156
vt 0.580294 0.080294
vt 0.658156 0.028269
vt 0.750000 0.010000
vt 0.841844 0.028269
vt 0.919706 0.080294
vt 0.971731 0.158156
vt 0.990000 0.250000
vt 0.971731 0.341844
vt 0.919706 0.419706
vt 0.841844 0.471731
vt 1.000000 0.500000
vt 0.937500 0.500000
vt 0.937500 1.000000
vt 1.000000 1.000000
vt 0.875000 0.500000
vt 0.875000 1.000000
vt 0.812500 0.500000
vt 0.812500 1.000000
vt 0.750000 0.500000
vt 0.750000 1.000000
vt 0.687500 0.500000
vt 0.687500 1.000000
vt 0.625000 0.500000
vt 0.625000 1.000000
vt 0.562500 0.500000
vt 0.562500 1.000000
vt 0.500000 0.500000
vt 0.500000 1.000000
vt 0.437500 0.500000
vt 0.437500 1.000000
vt 0.375000 0.500000
vt 0.375000 1.000000
vt 0.312500 0.500000
vt 0.312500 1.000000
vt 0.250000 0.500000
vt 0.250000 1.000000
vt 0.187500 0.500000
vt 0.187500 1.000000
vt 0.125000 0.500000
vt 0.125000 1.000000
vt 0.341844 0.471731
vt 0.419706 0.419706
vt 0.471731 0.341844
vt 0.490000 0.250000
vt 0.471731 0.158156
vt 0.419706 0.080294
vt 0.341844 0.028269
vt 0.250000 0.010000
vt 0.158156 0.028269
vt 0.080294 0.080294
vt 0.028269 0.158156
vt 0.010000 0.250000
vt 0.028269 0.341844
vt 0.080294 0.419706
vt 0.158156 0.471731
vt 0.250000 0.490000
vt 0.062500 0.500000
vt 0.062500 1.000000
vt 0.000000 0.500000
vt 0.000000 1.000000
vt 0.750000 0.490000
vt 0.658156 0.471731
vt 0.580294 0.419706
vt 0.528269 0.341844
vt 0.510000 0.250000
vt 0.528269 0.158156
vt 0.580294 0.080294
vt 0.658156 0.028269
vt 0.750000 0.010000
vt 0.841844 0.028269
vt 0.919706 0.080294
vt 0.971731 0.158156
vt 0.990000 0.250000
vt 0.971731 0.341844
vt 0.919706 0.419706
vt 0.841844 0.471731
vt 1.000000 0.500000
vt 0.937500 0.500000
vt 0.937500 1.000000
vt 1.000000 1.000000
vt 0.875000 0.500000
vt 0.875000 1.000000
vt 0.812500 0.500000
vt 0.812500 1.000000
vt 0.750000 0.500000
vt 0.750000 1.000000
vt 0.687500 0.500000
vt 0.687500 1.000000
vt 0.625000 0.500000
vt 0.625000 1.000000
vt 0.562500 0.500000
vt 0.562500 1.000000
vt 0.500000 0.500000
vt 0.500000 1.000000
vt 0.437500 0.500000
vt 0.437500 1.000000
vt 0.375000 0.500000
vt 0.375000 1.000000
vt 0.312500 0.500000
vt 0.312500 1.000000
vt 0.250000 0.500000
vt 0.250000 1.000000
vt 0.187500 0.500000
vt 0.187500 1.000000
vt 0.125000 0.500000
vt 0.125000 1.000000
vt 0.341844 0.471731
vt 0.419706 0.419706
vt 0.471731 0.341844
vt 0.490000 0.250000
vt 0.471731 0.158156
vt 0.419706 0.080294
vt 0.341844 0.028269
vt 0.250000 0.010000
vt 0.158156 0.028269
vt 0.080294 0.080294
vt 0.028269 0.158156
vt 0.010000 0.250000
vt 0.028269 0.341844
vt 0.080294 0.419706
vt 0.158156 0.471731
vt 0.250000 0.490000
vt 0.062500 0.500000
vt 0.062500 1.000000
vt 0.000000 0.500000
vt 0.000000 1.000000
vt 0.750000 0.490000
vt 0.658156 0.471731
vt 0.580294 0.419706
vt 0.528269 0.341844
vt 0.510000 0.250000
vt 0.528269 0.158156
vt 0.580294 0.080294
vt 0.658156 0.028269
vt 0.750000 0.010000
vt 0.841844 0.028269
vt 0.919706 0.080294
vt 0.971731 0.158156
vt 0.990000 0.250000
vt 0.971731 0.341844
vt 0.919706 0.419706
vt 0.841844 0.471731
vt 1.000000 0.500000
vt 0.937500 0.500000
vt 0.937500 1.000000
vt 1.000000 1.000000
vt 0.875000 0.500000
vt 0.875000 1.000000
vt 0.812500 0.500000
vt 0.812500 1.000000
vt 0.750000 0.500000
vt 0.750000 1.000000
vt 0.687500 0.500000
vt 0.687500 1.000000
vt 0.625000 0.500000
vt 0.625000 1.000000
vt 0.562500 0.500000
vt 0.562500 1.000000
vt 0.500000 0.500000
vt 0.500000 1.000000
vt 0.437500 0.500000
vt 0.437500 1.000000
vt 0.375000 0.500000
vt 0.375000 1.000000
vt 0.312500 0.500000
vt 0.312500 1.000000
vt 0.250000 0.500000
vt 0.250000 1.000000
vt 0.187500 0.500000
vt 0.187500 1.000000
vt 0.125000 0.500000
vt 0.125000 1.000000
vt 0.341844 0.471731
vt 0.419706 0.419706
vt 0.471731 0.341844
vt 0.490000 0.250000
vt 0.471731 0.158156
vt 0.419706 0.080294
vt 0.341844 0.028269
vt 0.250000 0.010000
vt 0.158156 0.028269
vt 0.080294 0.080294
vt 0.028269 0.158156
vt 0.010000 0.250000
vt 0.028269 0.341844
vt 0.080294 0.419706
vt 0.158156 0.471731
vt 0.250000 0.490000
vt 0.062500 0.500000
vt 0.062500 1.000000
vt 0.000000 0.500000
vt 0.000000 1.000000
vt 0.750000 0.490000
vt 0.658156 0.471731
vt 0.580294 0.419706
vt 0.528269 0.341844
vt 0.510000 0.250000
vt 0.528269 0.158156
vt 0.580294 0.080294
vt 0.658156 0.028269
vt 0.750000 0.010000
vt 0.841844 0.028269
vt 0.919706 0.080294
vt 0.971731 0.158156
vt 0.990000 0.250000
vt 0.971731 0.341844
vt 0.919706 0.419706
vt 0.841844 0.471731
vt 1.000000 0.500000
vt 0.937500 0.500000
vt 0.937500 1.000000
vt 1.000000 1.000000
vt 0.875000 0.500000
vt 0.875000 1.000000
vt 0.812500 0.500000
vt 0.812500 1.000000
vt 0.750000 0.500000
vt 0.750000 1.000000
vt 0.687500 0.500000
vt 0.687500 1.000000
vt 0.625000 0.500000
vt 0.625000 1.000000
vt 0.562500 0.500000
vt 0.562500 1.000000
vt 0.500000 0.500000
vt 0.500000 1.000000
vt 0.437500 0.500000
vt 0.437500 1.000000
vt 0.375000 0.500000
vt 0.375000 1.000000
vt 0.312500 0.500000
vt 0.312500 1.000000
vt 0.250000 0.500000
vt 0.250000 1.000000
vt 0.187500 0.500000
vt 0.187500 1.000000
vt 0.125000 0.500000
vt 0.125000 1.000000
vt 0.341844 0.471731
vt 0.419706 0.419706
vt 0.471731 0.341844
vt 0.490000 0.250000
vt 0.471731 0.158156
vt 0.419706 0.080294
vt 0.341844 0.028269
vt 0.250000 0.010000
vt 0.158156 0.028269
vt 0.080294 0.080294
vt 0.028269 0.158156
vt 0.010000 0.250000
vt 0.028269 0.341844
vt 0.080294 0.419706
vt 0.158156 0.471731
vt 0.250000 0.490000
vt 0.062500 0.500000
vt 0.062500 1.000000
vt 0.000000 0.500000
vt 0.000000 1.000000
vt 0.750000 0.490000
vt 0.658156 0.471731
vt 0.580294 0.419706
vt 0.528269 0.341844
vt 0.510000 0.250000
vt 0.528269 0.158156
vt 0.580294 0.080294
vt 0.658156 0.028269
vt 0.750000 0.010000
vt 0.841844 0.028269
vt 0.919706 0.080294
vt 0.971731 0.158156
vt 0.990000 0.250000
vt 0.971731 0.341844
vt 0.919706 0.419706
vt 0.841844 0.471731
vt 1.000000 0.500000
vt 0.937500 0.500000
vt 0.937500 1.000000
vt 1.000000 1.000000
vt 0.875000 0.500000
vt 0.875000 1.000000
vt 0.812500 0.500000
vt 0.812500 1.000000
vt 0.750000 0.500000
vt 0.750000 1.000000
vt 0.687500 0.500000
vt 0.687500 1.000000
vt 0.625000 0.500000
vt 0.625000 1.000000
vt 0.562500 0.500000
vt 0.562500 1.000000
vt 0.500000 0.500000
vt 0.500000 1.000000
vt 0.437500 0.500000
vt 0.437500 1.000000
vt 0.375000 0.500000
vt 0.375000 1.000000
vt 0.312500 0.500000
vt 0.312500 1.000000
vt 0.250000 0.500000
vt 0.250000 1.000000
vt 0.187500 0.500000
vt 0.187500 1.000000
vt 0.125000 0.500000
vt 0.125000 1.000000
vt 0.341844 0.471731
vt 0.419706 0.419706
vt 0.471731 0.341844
vt 0.490000 0.250000
vt 0.471731 0.158156
vt 0.419706 0.080294
vt 0.341844 0.028269
vt 0.250000 0.010000
vt 0.158156 0.028269
vt 0.080294 0.080294
vt 0.028269 0.158156
vt 0.010000 0.250000
vt 0.028269 0.341844
vt 0.080294 0.419706
vt 0.158156 0.471731
vt 0.250000 0.490000
vt 0.062500 0.500000
vt 0.062500 1.000000
vt 0.000000 0.500000
vt 0.000000 1.000000
vt 0.750000 0.490000
vt 0.658156 0.471731
vt 0.580294 0.419706
vt 0.528269 0.341844
vt 0.510000 0.250000
vt 0.528269 0.158156
vt 0.580294 0.080294
vt 0.658156 0.028269
vt 0.750000 0.010000
vt 0.841844 0.028269
vt 0.919706 0.080294
vt 0.971731 0.158156
vt 0.990000 0.250000
vt 0.971731 0.341844
vt 0.919706 0.419706
vt 0.841844 0.471731
vt 1.000000 0.500000
vt 0.937500 0.500000
vt 0.937500 1.000000
vt 1.000000 1.000000
vt 0.875000 0.500000
vt 0.875000 1.000000
vt 0.812500 0.500000
vt 0.812500 1.000000
vt 0.750000 0.500000
vt 0.750000 1.000000
vt 0.687500 0.500000
vt 0.687500 1.000000
vt 0.625000 0.500000
vt 0.625000 1.000000
vt 0.562500 0.500000
vt 0.562500 1.000000
vt 0.500000 0.500000
vt 0.500000 1.000000
vt 0.437500 0.500000
vt 0.437500 1.000000
vt 0.375000 0.500000
vt 0.375000 1.000000
vt 0.312500 0.500000
vt 0.312500 1.000000
vt 0.250000 0.500000
vt 0.250000 1.000000
vt 0.187500 0.500000
vt 0.187500 1.000000
vt 0.125000 0.500000
vt 0.125000 1.000000
vt 0.341844 0.471731
vt 0.419706 0.419706
vt 0.471731 0.341844
vt 0.490000 0.250000
vt 0.471731 0.158156
vt 0.419706 0.080294
vt 0.341844 0.028269
vt 0.250000 0.010000
vt 0.158156 0.028269
vt 0.080294 0.080294
vt 0.028269 0.158156
vt 0.010000 0.250000
vt 0.028269 0.341844
vt 0.080294 0.419706
vt 0.158156 0.471731
vt 0.250000 0.490000
vt 0.062500 0.500000
vt 0.062500 1.000000
vt 0.000000 0.500000
vt 0.000000 1.000000
vt 0.750000 0.490000
vt 0.658156 0.471731
vt 0.580294 0.419706
vt 0.528269 0.341844
vt 0.510000 0.250000
vt 0.528269 0.158156
vt 0.580294 0.080294
vt 0.658156 0.028269
vt 0.750000 0.010000
vt 0.841844 0.028269
vt 0.919706 0.080294
vt 0.971731 0.158156
vt 0.990000 0.250000
vt 0.971731 0.341844
vt 0.919706 0.419706
vt 0.841844 0.471731
vt 1.000000 0.500000
vt 0.937500 0.500000
vt 0.937500 1.000000
vt 1.000000 1.000000
vt 0.875000 0.500000
vt 0.875000 1.000000
vt 0.812500 0.500000
vt 0.812500 1.000000
vt 0.750000 0.500000
vt 0.750000 1.000000
vt 0.687500 0.500000
vt 0.687500 1.000000
vt 0.625000 0.500000
vt 0.625000 1.000000
vt 0.562500 0.500000
vt 0.562500 1.000000
vt 0.500000 0.500000
vt 0.500000 1.000000
vt 0.437500 0.500000
vt 0.437500 1.000000
vt 0.375000 0.500000
vt 0.375000 1.000000
vt 0.312500 0.500000
vt 0.312500 1.000000
vt 0.250000 0.500000
vt 0.250000 1.000000
vt 0.187500 0.500000
vt 0.187500 1.000000
vt 0.125000 0.500000
vt 0.125000 1.000000
vt 0.341844 0.471731
vt 0.419706 0.419706
vt 0.471731 0.341844
vt 0.490000 0.250000
vt 0.471731 0.158156
vt 0.419706 0.080294
vt 0.341844 0.028269
vt 0.250000 0.010000
vt 0.158156 0.028269
vt 0.080294 0.080294
vt 0.028269 0.158156
vt 0.010000 0.250000
vt 0.028269 0.341844
vt 0.080294 0.419706
vt 0.158156 0.471731
vt 0.250000 0.490000
vt 0.062500 0.500000
vt 0.062500 1.000000
vt 0.000000 0.500000
vt 0.000000 1.000000
vt 0.750000 0.490000
vt 0.658156 0.471731
vt 0.580294 0.419706
vt 0.528269 0.341844
vt 0.510000 0.250000
vt 0.528269 0.158156
vt 0.580294 0.080294
vt 0.658156 0.028269
vt 0.750000 0.010000
vt 0.841844 0.028269
vt 0.919706 0.080294
vt 0.971731 0.158156
vt 0.990000 0.250000
vt 0.971731 0.341844
vt 0.919706 0.419706
vt 0.841844 0.471731
vt 1.000000 0.500000
vt 0.937500 0.500000
vt 0.937500 1.000000
vt 1.000000 1.000000
vt 0.875000 0.500000
vt 0.875000 1.000000
vt 0.812500 0.500000
vt 0.812500 1.000000
vt 0.750000 0.500000
vt 0.750000 1.000000
vt 0.687500 0.500000
vt 0.687500 1.000000
vt 0.625000 0.500000
vt 0.625000 1.000000
vt 0.562500 0.500000
vt 0.562500 1.000000
vt 0.500000 0.500000
vt 0.500000 1.000000
vt 0.437500 0.500000
vt 0.437500 1.000000
vt 0.375000 0.500000
vt 0.375000 1.000000
vt 0.312500 0.500000
vt 0.312500 1.000000
vt 0.250000 0.500000
vt 0.250000 1.000000
vt 0.187500 0.500000
vt 0.187500 1.000000
vt 0.125000 0.500000
vt 0.125000 1.000000
vt 0.341844 0.471731
vt 0.419706 0.419706
vt 0.471731 0.341844
vt 0.490000 0.250000
vt 0.471731 0.158156
vt 0.419706 0.080294
vt 0.341844 0.028269
vt 0.250000 0.010000
vt 0.158156 0.028269
vt 0.080294 0.080294
vt 0.028269 0.158156
vt 0.010000 0.250000
vt 0.028269 0.341844
vt 0.080294 0.419706
vt 0.158156 0.471731
vt 0.250000 0.490000
vt 0.062500 0.500000
vt 0.062500 1.000000
vt 0.000000 0.500000
vt 0.000000 1.000000
vt 0.750000 0.490000
vt 0.658156 0.471731
vt 0.580294 0.419706
vt 0.528269 0.341844
vt 0.510000 0.250000
vt 0.528269 0.158156
vt 0.580294 0.080294
vt 0.658156 0.028269
vt 0.750000 0.010000
vt 0.841844 0.028269
vt 0.919706 0.080294
vt 0.971731 0.158156
vt 0.990000 0.250000
vt 0.971731 0.341844
vt 0.919706 0.419706
vt 0.841844 0.471731
vt 1.000000 0.500000
vt 0.937500 0.500000
vt 0.937500 1.000000
vt 1.000000 1.000000
vt 0.875000 0.500000
vt 0.875000 1.000000
vt 0.812500 0.500000
vt 0.812500 1.000000
vt 0.750000 0.500000
vt 0.750000 1.000000
vt 0.687500 0.500000
vt 0.687500 1.000000
vt 0.625000 0.500000
vt 0.625000 1.000000
vt 0.562500 0.500000
vt 0.562500 1.000000
vt 0.500000 0.500000
vt 0.500000 1.000000
vt 0.437500 0.500000
vt 0.437500 1.000000
vt 0.375000 0.500000
vt 0.375000 1.000000
vt 0.312500 0.500000
vt 0.312500 1.000000
vt 0.250000 0.500000
vt 0.250000 1.000000
vt 0.187500 0.500000
vt 0.187500 1.000000
vt 0.125000 0.500000
vt 0.125000 1.000000
vt 0.341844 0.471731
vt 0.419706 0.419706
vt 0.471731 0.341844
vt 0.490000 0.250000
vt 0.471731 0.158156
vt 0.419706 0.080294
vt 0.341844 0.028269
vt 0.250000 0.010000
vt 0.158156 0.028269
vt 0.080294 0.080294
vt 0.028269 0.158156
vt 0.010000 0.250000
vt 0.028269 0.341844
vt 0.080294 0.419706
vt 0.158156 0.471731
vt 0.250000 0.490000
vt 0.062500 0.500000
vt 0.062500 1.000000
vt 0.000000 0.500000
vt 0.000000 1.000000
vt 0.750000 0.490000
vt 0.658156 0.471731
vt 0.580294 0.419706
vt 0.528269 0.341844
vt 0.510000 0.250000
vt 0.528269 0.158156
vt 0.580294 0.080294
vt 0.658156 0.028269
vt 0.750000 0.010000
vt 0.841844 0.028269
vt 0.919706 0.080294
vt 0.971731 0.158156
vt 0.990000 0.250000
vt 0.971731 0.341844
vt 0.919706 0.419706
vt 0.841844 0.471731
vt 1.000000 0.500000
vt 0.937500 0.500000
vt 0.937500 1.000000
vt 1.000000 1.000000
vt 0.875000 0.500000
vt 0.875000 1.000000
vt 0.812500 0.500000
vt 0.812500 1.000000
vt 0.750000 0.500000
vt 0.750000 1.000000
vt 0.687500 0.500000
vt 0.687500 1.000000
vt 0.625000 0.500000
vt 0.625000 1.000000
vt 0.562500 0.500000
vt 0.562500 1.000000
vt 0.500000 0.500000
vt 0.500000 1.000000
vt 0.437500 0.500000
vt 0.437500 1.000000
vt 0.375000 0.500000
vt 0.375000 1.000000
vt 0.312500 0.500000
vt 0.312500 1.000000
vt 0.250000 0.500000
vt 0.250000 1.000000
vt 0.187500 0.500000
vt 0.187500 1.000000
vt 0.125000 0.500000
vt 0.125000 1.000000
vt 0.341844 0.471731
vt 0.419706 0.419706
vt 0.471731 0.341844
vt 0.490000 0.250000
vt 0.471731 0.158156
vt 0.419706 0.080294
vt 0.341844 0.028269
vt 0.250000 0.010000
vt 0.158156 0.028269
vt 0.080294 0.080294
vt 0.028269 0.158156
vt 0.010000 0.250000
vt 0.028269 0.341844
vt 0.080294 0.419706
vt 0.158156 0.471731
vt 0.250000 0.490000
vt 0.062500 0.500000
vt 0.062500 1.000000
vt 0.000000 0.500000
vt 0.000000 1.000000
vt 0.750000 0.490000
vt 0.658156 0.471731
vt 0.580294 0.419706
vt 0.528269 0.341844
vt 0.510000 0.250000
vt 0.528269 0.158156
vt 0.580294 0.080294
vt 0.658156 0.028269
vt 0.750000 0.010000
vt 0.841844 0.028269
vt 0.919706 0.080294
vt 0.971731 0.158156
vt 0.990000 0.250000
vt 0.971731 0.341844
vt 0.919706 0.419706
vt 0.841844 0.471731
vt 1.000000 0.500000
vt 0.937500 0.500000
vt 0.937500 1.000000
vt 1.000000 1.000000
vt 0.875000 0.500000
vt 0.875000 1.000000
vt 0.812500 0.500000
vt 0.812500 1.000000
vt 0.750000 0.500000
vt 0.750000 1.000000
vt 0.687500 0.500000
vt 0.687500 1.000000
vt 0.625000 0.500000
vt 0.625000 1.000000
vt 0.562500 0.500000
vt 0.562500 1.000000
vt 0.500000 0.500000
vt 0.500000 1.000000
vt 0.437500 0.500000
vt 0.437500 1.000000
vt 0.375000 0.500000
vt 0.375000 1.000000
vt 0.312500 0.500000
vt 0.312500 1.000000
vt 0.250000 0.500000
vt 0.250000 1.000000
vt 0.187500 0.500000
vt 0.187500 1.000000
vt 0.125000 0.500000
vt 0.125000 1.000000
vt 0.341844 0.471731
vt 0.419706 0.419706
vt 0.471731 0.341844
vt 0.490000 0.250000
vt 0.471731 0.158156
vt 0.419706 0.080294
vt 0.341844 0.028269
vt 0.250000 0.010000
vt 0.158156 0.028269
vt 0.080294 0.080294
vt 0.028269 0.158156
vt 0.010000 0.250000
vt 0.028269 0.341844
vt 0.080294 0.419706
vt 0.158156 0.471731
vt 0.250000 0.490000
vt 0.062500 0.500000
vt 0.062500 1.000000
vt 0.000000 0.500000
vt 0.000000 1.000000
vt 0.750000 0.490000
vt 0.658156 0.471731
vt 0.580294 0.419706
vt 0.528269 0.341844
vt 0.510000 0.250000
vt 0.528269 0.158156
vt 0.580294 0.080294
vt 0.658156 0.028269
vt 0.750000 0.010000
vt 0.841844 0.028269
vt 0.919706 0.080294
vt 0.971731 0.158156
vt 0.990000 0.250000
vt 0.971731 0.341844
vt 0.919706 0.419706
vt 0.841844 0.471731
vt 1.000000 0.500000
vt 0.937500 0.500000
vt 0.937500 1.000000
vt 1.000000 1.000000
vt 0.875000 0.500000
vt 0.875000 1.000000
vt 0.812500 0.500000
vt 0.812500 1.000000
vt 0.750000 0.500000
vt 0.750000 1.000000
vt 0.687500 0.500000
vt 0.687500 1.000000
vt 0.625000 0.500000
vt 0.625000 1.000000
vt 0.562500 0.500000
vt 0.562500 1.000000
vt 0.500000 0.500000
vt 0.500000 1.000000
vt 0.437500 0.500000
vt 0.437500 1.000000
vt 0.375000 0.500000
vt 0.375000 1.000000
vt 0.312500 0.500000
vt 0.312500 1.000000
vt 0.250000 0.500000
vt 0.250000 1.000000
vt 0.187500 0.500000
vt 0.187500 1.000000
vt 0.125000 0.500000
vt 0.125000 1.000000
vt 0.341844 0.471731
vt 0.419706 0.419706
vt 0.471731 0.341844
vt 0.490000 0.250000
vt 0.471731 0.158156
vt 0.419706 0.080294
vt 0.341844 0.028269
vt 0.250000 0.010000
vt 0.158156 0.028269
vt 0.080294 0.080294
vt 0.028269 0.158156
vt 0.010000 0.250000
vt 0.028269 0.341844
vt 0.080294 0.419706
vt 0.158156 0.471731
vt 0.250000 0.490000
vt 0.062500 0.500000
vt 0.062500 1.000000
vt 0.000000 0.500000
vt 0.000000 1.000000
vt 0.750000 0.490000
vt 0.658156 0.471731
vt 0.580294 0.419706
vt 0.528269 0.341844
vt 0.510000 0.250000
vt 0.528269 0.158156
vt 0.580294 0.080294
vt 0.658156 0.028269
vt 0.750000 0.010000
vt 0.841844 0.028269
vt 0.919706 0.080294
vt 0.971731 0.158156
vt 0.990000 0.250000
vt 0.971731 0.341844
vt 0.919706 0.419706
vt 0.841844 0.471731
vt 1.000000 0.500000
vt 0.937500 0.500000
vt 0.937500 1.000000
vt 1.000000 1.000000
vt 0.875000 0.500000
vt 0.875000 1.000000
vt 0.812500 0.500000
vt 0.812500 1.000000
vt 0.750000 0.500000
vt 0.750000 1.000000
vt 0.687500 0.500000
vt 0.687500 1.000000
vt 0.625000 0.500000
vt 0.625000 1.000000
vt 0.562500 0.500000
vt 0.562500 1.000000
vt 0.500000 0.500000
vt 0.500000 1.000000
vt 0.437500 0.500000
vt 0.437500 1.000000
vt 0.375000 0.500000
vt 0.375000 1.000000
vt 0.312500 0.500000
vt 0.312500 1.000000
vt 0.250000 0.500000
vt 0.250000 1.000000
vt 0.187500 0.500000
vt 0.187500 1.000000
vt 0.125000 0.500000
vt 0.125000 1.000000
vt 0.341844 0.471731
vt 0.419706 0.419706
vt 0.471731 0.341844
vt 0.490000 0.250000
vt 0.471731 0.158156
vt 0.419706 0.080294
vt 0.341844 0.028269
vt 0.250000 0.010000
vt 0.158156 0.028269
vt 0.080294 0.080294
vt 0.028269 0.158156
vt 0.010000 0.250000
vt 0.028269 0.341844
vt 0.080294 0.419706
vt 0.158156 0.471731
vt 0.250000 0.490000
vt 0.062500 0.500000
vt 0.062500 1.000000
vt 0.000000 0.500000
vt 0.000000 1.000000
vt 0.750000 0.490000
vt 0.658156 0.471731
vt 0.580294 0.419706
vt 0.528269 0.341844
vt 0.510000 0.250000
vt 0.528269 0.158156
vt 0.580294 0.080294
vt 0.658156 0.028269
vt 0.750000 0.010000
vt 0.841844 0.028269
vt 0.919706 0.080294
vt 0.971731 0.158156
vt 0.990000 0.250000
vt 0.971731 0.341844
vt 0.919706 0.419706
vt 0.841844 0.471731
vt 1.000000 0.500000
vt 0.937500 0.500000
vt 0.937500 1.000000
vt 1.000000 1.000000
vt 0.875000 0.500000
vt 0.875000 1.000000
vt 0.812500 0.500000
vt 0.812500 1.000000
vt 0.750000 0.500000
vt 0.750000 1.000000
vt 0.687500 0.500000
vt 0.687500 1.000000
vt 0.625000 0.500000
vt 0.625000 1.000000
vt 0.562500 0.500000
vt 0.562500 1.000000
vt 0.500000 0.500000
vt 0.500000 1.000000
vt 0.437500 0.500000
vt 0.437500 1.000000
vt 0.375000 0.500000
vt 0.375000 1.000000
vt 0.312500 0.500000
vt 0.312500 1.000000
vt 0.250000 0.500000
vt 0.250000 1.000000
vt 0.187500 0.500000
vt 0.187500 1.000000
vt 0.125000 0.500000
vt 0.125000 1.000000
vt 0.341844 0.471731
vt 0.419706 0.419706
vt 0.471731 0.341844
vt 0.490000 0.250000
vt 0.471731 0.158156
vt 0.419706 0.080294
vt 0.341844 0.028269
vt 0.250000 0.010000
vt 0.158156 0.028269
vt 0.080294 0.080294
vt 0.028269 0.158156
vt 0.010000 0.250000
vt 0.028269 0.341844
vt 0.080294 0.419706
vt 0.158156 0.471731
vt 0.250000 0.490000
vt 0.062500 0.500000
vt 0.062500 1.000000
vt 0.000000 0.500000
vt 0.000000 1.000000
vt 0.750000 0.490000
vt 0.658156 0.471731
vt 0.580294 0.419706
vt 0.528269 0.341844
vt 0.510000 0.250000
vt 0.528269 0.158156
vt 0.580294 0.080294
vt 0.658156 0.028269
vt 0.750000 0.010000
vt 0.841844 0.028269
vt 0.919706 0.080294
vt 0.971731 0.158156
vt 0.990000 0.250000
vt 0.971731 0.341844
vt 0.919706 0.419706
vt 0.841844 0.471731
vt 1.000000 0.500000
vt 0.937500 0.500000
vt 0.937500 1.000000
vt 1.000000 1.000000
vt 0.875000 0.500000
vt 0.875000 1.000000
vt 0.812500 0.500000
vt 0.812500 1.000000
vt 0.750000 0.500000
vt 0.750000 1.000000
vt 0.687500 0.500000
vt 0.687500 1.000000
vt 0.625000 0.500000
vt 0.625000 1.000000
vt 0.562500 0.500000
vt 0.562500 1.000000
vt 0.500000 0.500000
vt 0.500000 1.000000
vt 0.437500 0.500000
vt 0.437500 1.000000
vt 0.375000 0.500000
vt 0.375000 1.000000
vt 0.312500 0.500000
vt 0.312500 1.000000
vt 0.250000 0.500000
vt 0.250000 1.000000
vt 0.187500 0.500000
vt 0.187500 1.000000
vt 0.125000 0.500000
vt 0.125000 1.000000
vt 0.341844 0.471731
vt 0.419706 0.419706
vt 0.471731 0.341844
vt 0.490000 0.250000
vt 0.471731 0.158156
vt 0.419706 0.080294
vt 0.341844 0.028269
vt 0.250000 0.010000
vt 0.158156 0.028269
vt 0.080294 0.080294
vt 0.028269 0.158156
vt 0.010000 0.250000
vt 0.028269 0.341844
vt 0.080294 0.419706
vt 0.158156 0.471731
vt 0.250000 0.490000
vt 0.062500 0.500000
vt 0.062500 1.000000
vt 0.000000 0.500000
vt 0.000000 1.000000
vt 0.750000 0.490000
vt 0.658156 0.471731
vt 0.580294 0.419706
vt 0.528269 0.341844
vt 0.510000 0.250000
vt 0.528269 0.158156
vt 0.580294 0.080294
vt 0.658156 0.028269
vt 0.750000 0.010000
vt 0.841844 0.028269
vt 0.919706 0.080294
vt 0.971731 0.158156
vt 0.990000 0.250000
vt 0.971731 0.341844
vt 0.919706 0.419706
vt 0.841844 0.471731
vt 1.000000 0.500000
vt 0.937500 0.500000
vt 0.937500 1.000000
vt 1.000000 1.000000
vt 0.875000 0.500000
vt 0.875000 1.000000
vt 0.812500 0.500000
vt 0.812500 1.000000
vt 0.750000 0.500000
vt 0.750000 1.000000
vt 0.687500 0.500000
vt 0.687500 1.000000
vt 0.625000 0.500000
vt 0.625000 1.000000
vt 0.562500 0.500000
vt 0.562500 1.000000
vt 0.500000 0.500000
vt 0.500000 1.000000
vt 0.437500 0.500000
vt 0.437500 1.000000
vt 0.375000 0.500000
vt 0.375000 1.000000
vt 0.312500 0.500000
vt 0.312500 1.000000
vt 0.250000 0.500000
vt 0.250000 1.000000
vt 0.187500 0.500000
vt 0.187500 1.000000
vt 0.125000 0.500000
vt 0.125000 1.000000
vt 0.341844 0.471731
vt 0.419706 0.419706
vt 0.471731 0.341844
vt 0.490000 0.250000
vt 0.471731 0.158156
vt 0.419706 0.080294
vt 0.341844 0.028269
vt 0.250000 0.010000
vt 0.158156 0.028269
vt 0.080294 0.080294
vt 0.028269 0.158156
vt 0.010000 0.250000
vt 0.028269 0.341844
vt 0.080294 0.419706
vt 0.158156 0.471731
vt 0.250000 0.490000
vt 0.062500 0.500000
vt 0.062500 1.000000
vt 0.000000 0.500000
vt 0.000000 1.000000
vt 0.750000 0.490000
vt 0.658156 0.471731
vt 0.580294 0.419706
vt 0.528269 0.341844
vt 0.510000 0.250000
vt 0.528269 0.158156
vt 0.580294 0.080294
vt 0.658156 0.028269
vt 0.750000 0.010000
vt 0.841844 0.028269
vt 0.919706 0.080294
vt 0.971731 0.158156
vt 0.990000 0.250000
vt 0.971731 0.341844
vt 0.919706 0.419706
vt 0.841844 0.471731
vn -0.0991 0.9951 -0.0041
vn 0.2669 0.9637 -0.0048
vn 0.2580 0.9661 -0.0048
vn -0.1087 0.9941 -0.0040
vn 0.6066 0.7950 -0.0049
vn 0.6006 0.7995 -0.0049
vn 0.8685 0.4956 -0.0043
vn 0.8663 0.4994 -0.0043
vn 0.9946 0.1039 -0.0029
vn 0.9522 -0.3054 -0.0010
vn 0.9509 -0.3096 -0.0010
vn 0.7579 -0.6524 0.0010
vn 0.7529 -0.6581 0.0010
vn 0.4603 -0.8878 0.0027
vn 0.4522 -0.8919 0.0028
vn 0.1087 -0.9941 0.0040
vn 0.0991 -0.9951 0.0041
vn -0.2580 -0.9661 0.0048
vn -0.2669 -0.9637 0.0048
vn -0.6006 -0.7995 0.0049
vn -0.6066 -0.7950 0.0049
vn -0.8663 -0.4994 0.0043
vn -0.8685 -0.4956 0.0043
vn -0.9946 -0.1039 0.0029
vn -0.9509 0.3096 0.0010
vn -0.9522 0.3054 0.0010
vn -0.7529 0.6581 -0.0010
vn -0.7579 0.6524 -0.0010
vn 0.0389 -0.0000 -0.9992
vn -0.4522 0.8919 -0.0028
vn -0.4603 0.8878 -0.0027
vn -0.0389 -0.0000 0.9992
vn 0.0071 0.0007 -1.0000
vn 0.3874 0.0382 -0.9211
vn 0.3753 0.0370 -0.9262
vn -0.0071 -0.0007 -1.0000
vn 0.7078 0.0697 -0.7030
vn 0.7007 0.0690 -0.7101
vn 0.9207 0.0907 -0.3797
vn 0.9186 0.0905 -0.3847
vn 0.9952 0.0981 -0.0000
vn 0.9207 0.0907 0.3796
vn 0.9186 0.0905 0.3847
vn 0.7078 0.0697 0.7030
vn 0.7007 0.0690 0.7101
vn 0.3874 0.0382 0.9211
vn 0.3753 0.0370 0.9262
vn 0.0071 0.0007 1.0000
vn -0.0071 -0.0007 1.0000
vn -0.3753 -0.0370 0.9262
vn -0.3874 -0.0382 0.9211
vn -0.7007 -0.0690 0.7101
vn -0.7078 -0.0697 0.7030
vn -0.9186 -0.0905 0.3847
vn -0.9207 -0.0907 0.3796
vn -0.9952 -0.0981 -0.0000
vn -0.9186 -0.0905 -0.3847
vn -0.9207 -0.0907 -0.3796
vn -0.7007 -0.0690 -0.7101
vn -0.7078 -0.0697 -0.7030
vn 0.1551 -0.9879 -0.0000
vn -0.3753 -0.0370 -0.9262
vn -0.3874 -0.0382 -0.9211
vn -0.1551 0.9879 -0.0000
vn -0.9207 -0.0907 0.3797
vn 0.0067 0.0007 -1.0000
vn 0.3691 0.0364 -0.9287
vn 0.3573 0.0352 -0.9333
vn -0.0067 -0.0007 -1.0000
vn 0.6878 0.0678 -0.7227
vn 0.6804 0.0670 -0.7298
vn 0.9129 0.0899 -0.3981
vn 0.9105 0.0897 -0.4036
vn 0.9129 0.0900 0.3981
vn 0.9105 0.0897 0.4036
vn 0.6878 0.0678 0.7227
vn 0.6804 0.0670 0.7298
vn 0.3691 0.0364 0.9287
vn 0.3573 0.0352 0.9333
vn 0.0067 0.0007 1.0000
vn -0.0067 -0.0007 1.0000
vn -0.3573 -0.0352 0.9333
vn -0.3691 -0.0364 0.9287
vn -0.6803 -0.0670 0.7298
vn -0.6878 -0.0678 0.7227
vn -0.9105 -0.0897 0.4036
vn -0.9129 -0.0899 0.3981
vn -0.9105 -0.0897 -0.4036
vn -0.9129 -0.0899 -0.3981
vn -0.6804 -0.0670 -0.7298
vn -0.6878 -0.0678 -0.7227
vn -0.3573 -0.0352 -0.9333
vn -0.3691 -0.0364 -0.9287
vn 0.9129 0.0899 0.3981
vn -0.6804 -0.0670 0.7298
vn -0.6803 -0.0670 -0.7298
vn -0.4603 0.8877 -0.0027
vn -0.8664 -0.4994 0.0043
vn 0.6067 0.7950 -0.0049
vn 0.4603 -0.8877 0.0027
vn 0.2668 0.9637 -0.0048
vn -0.4521 0.8919 -0.0028
usemtl Material.014
s 1
f 4786/7009/3105 4788/7010/3106 4789/7011/3107 4787/7012/3108
f 4788/7010/3106 4790/7013/3109 4791/7014/3110 4789/7011/3107
f 4790/7013/3109 4792/7015/3111 4793/7016/3112 4791/7014/3110
f 4792/7015/3111 4794/7017/3113 4795/7018/3113 4793/7016/3112
f 4794/7017/3113 4796/7019/3114 4797/7020/3115 4795/7018/3113
f 4796/7019/3114 4798/7021/3116 4799/7022/3117 4797/7020/3115
f 4798/7021/3116 4800/7023/3118 4801/7024/3119 4799/7022/3117
f 4800/7023/3118 4802/7025/3120 4803/7026/3121 4801/7024/3119
f 4802/7025/3120 4804/7027/3122 4805/7028/3123 4803/7026/3121
f 4804/7027/3122 4806/7029/3124 4807/7030/3125 4805/7028/3123
f 4806/7029/3124 4808/7031/3126 4809/7032/3127 4807/7030/3125
f 4808/7031/3126 4810/7033/3128 4811/7034/3128 4809/7032/3127
f 4810/7033/3128 4812/7035/3129 4813/7036/3130 4811/7034/3128
f 4812/7035/3129 4814/7037/3131 4815/7038/3132 4813/7036/3130
f 4789/7039/3133 4791/7040/3133 4793/7041/3133 4795/7042/3133 4797/7043/3133 4799/7044/3133 4801/7045/3133 4803/7046/3133 4805/7047/3133 4807/7048/3133 4809/7049/3133 4811/7050/3133 4813/7051/3133 4815/7052/3133 4817/7053/3133 4787/7054/3133
f 4814/7037/3131 4816/7055/3134 4817/7056/3135 4815/7038/3132
f 4816/7055/3134 4786/7057/3105 4787/7058/3108 4817/7056/3135
f 4786/7059/3136 4816/7060/3136 4814/7061/3136 4812/7062/3136 4810/7063/3136 4808/7064/3136 4806/7065/3136 4804/7066/3136 4802/7067/3136 4800/7068/3136 4798/7069/3136 4796/7070/3136 4794/7071/3136 4792/7072/3136 4790/7073/3136 4788/7074/3136
f 4818/7075/3105 4820/7076/3106 4821/7077/3107 4819/7078/3108
f 4820/7076/3106 4822/7079/3109 4823/7080/3110 4821/7077/3107
f 4822/7079/3109 4824/7081/3111 4825/7082/3112 4823/7080/3110
f 4824/7081/3111 4826/7083/3113 4827/7084/3113 4825/7082/3112
f 4826/7083/3113 4828/7085/3114 4829/7086/3115 4827/7084/3113
f 4828/7085/3114 4830/7087/3116 4831/7088/3117 4829/7086/3115
f 4830/7087/3116 4832/7089/3118 4833/7090/3119 4831/7088/3117
f 4832/7089/3118 4834/7091/3120 4835/7092/3121 4833/7090/3119
f 4834/7091/3120 4836/7093/3122 4837/7094/3123 4835/7092/3121
f 4836/7093/3122 4838/7095/3124 4839/7096/3125 4837/7094/3123
f 4838/7095/3124 4840/7097/3126 4841/7098/3127 4839/7096/3125
f 4840/7097/3126 4842/7099/3128 4843/7100/3128 4841/7098/3127
f 4842/7099/3128 4844/7101/3129 4845/7102/3130 4843/7100/3128
f 4844/7101/3129 4846/7103/3131 4847/7104/3132 4845/7102/3130
f 4821/7105/3133 4823/7106/3133 4825/7107/3133 4827/7108/3133 4829/7109/3133 4831/7110/3133 4833/7111/3133 4835/7112/3133 4837/7113/3133 4839/7114/3133 4841/7115/3133 4843/7116/3133 4845/7117/3133 4847/7118/3133 4849/7119/3133 4819/7120/3133
f 4846/7103/3131 4848/7121/3134 4849/7122/3135 4847/7104/3132
f 4848/7121/3134 4818/7123/3105 4819/7124/3108 4849/7122/3135
f 4818/7125/3136 4848/7126/3136 4846/7127/3136 4844/7128/3136 4842/7129/3136 4840/7130/3136 4838/7131/3136 4836/7132/3136 4834/7133/3136 4832/7134/3136 4830/7135/3136 4828/7136/3136 4826/7137/3136 4824/7138/3136 4822/7139/3136 4820/7140/3136
f 4850/7141/3105 4852/7142/3106 4853/7143/3107 4851/7144/3108
f 4852/7142/3106 4854/7145/3109 4855/7146/3110 4853/7143/3107
f 4854/7145/3109 4856/7147/3111 4857/7148/3112 4855/7146/3110
f 4856/7147/3111 4858/7149/3113 4859/7150/3113 4857/7148/3112
f 4858/7149/3113 4860/7151/3114 4861/7152/3115 4859/7150/3113
f 4860/7151/3114 4862/7153/3116 4863/7154/3117 4861/7152/3115
f 4862/7153/3116 4864/7155/3118 4865/7156/3119 4863/7154/3117
f 4864/7155/3118 4866/7157/3120 4867/7158/3121 4865/7156/3119
f 4866/7157/3120 4868/7159/3122 4869/7160/3123 4867/7158/3121
f 4868/7159/3122 4870/7161/3124 4871/7162/3125 4869/7160/3123
f 4870/7161/3124 4872/7163/3126 4873/7164/3127 4871/7162/3125
f 4872/7163/3126 4874/7165/3128 4875/7166/3128 4873/7164/3127
f 4874/7165/3128 4876/7167/3129 4877/7168/3130 4875/7166/3128
f 4876/7167/3129 4878/7169/3131 4879/7170/3132 4877/7168/3130
f 4853/7171/3133 4855/7172/3133 4857/7173/3133 4859/7174/3133 4861/7175/3133 4863/7176/3133 4865/7177/3133 4867/7178/3133 4869/7179/3133 4871/7180/3133 4873/7181/3133 4875/7182/3133 4877/7183/3133 4879/7184/3133 4881/7185/3133 4851/7186/3133
f 4878/7169/3131 4880/7187/3134 4881/7188/3135 4879/7170/3132
f 4880/7187/3134 4850/7189/3105 4851/7190/3108 4881/7188/3135
f 4850/7191/3136 4880/7192/3136 4878/7193/3136 4876/7194/3136 4874/7195/3136 4872/7196/3136 4870/7197/3136 4868/7198/3136 4866/7199/3136 4864/7200/3136 4862/7201/3136 4860/7202/3136 4858/7203/3136 4856/7204/3136 4854/7205/3136 4852/7206/3136
f 4882/7207/3105 4884/7208/3106 4885/7209/3107 4883/7210/3108
f 4884/7208/3106 4886/7211/3109 4887/7212/3110 4885/7209/3107
f 4886/7211/3109 4888/7213/3111 4889/7214/3112 4887/7212/3110
f 4888/7213/3111 4890/7215/3113 4891/7216/3113 4889/7214/3112
f 4890/7215/3113 4892/7217/3114 4893/7218/3115 4891/7216/3113
f 4892/7217/3114 4894/7219/3116 4895/7220/3117 4893/7218/3115
f 4894/7219/3116 4896/7221/3118 4897/7222/3119 4895/7220/3117
f 4896/7221/3118 4898/7223/3120 4899/7224/3121 4897/7222/3119
f 4898/7223/3120 4900/7225/3122 4901/7226/3123 4899/7224/3121
f 4900/7225/3122 4902/7227/3124 4903/7228/3125 4901/7226/3123
f 4902/7227/3124 4904/7229/3126 4905/7230/3127 4903/7228/3125
f 4904/7229/3126 4906/7231/3128 4907/7232/3128 4905/7230/3127
f 4906/7231/3128 4908/7233/3129 4909/7234/3130 4907/7232/3128
f 4908/7233/3129 4910/7235/3131 4911/7236/3132 4909/7234/3130
f 4885/7237/3133 4887/7238/3133 4889/7239/3133 4891/7240/3133 4893/7241/3133 4895/7242/3133 4897/7243/3133 4899/7244/3133 4901/7245/3133 4903/7246/3133 4905/7247/3133 4907/7248/3133 4909/7249/3133 4911/7250/3133 4913/7251/3133 4883/7252/3133
f 4910/7235/3131 4912/7253/3134 4913/7254/3135 4911/7236/3132
f 4912/7253/3134 4882/7255/3105 4883/7256/3108 4913/7254/3135
f 4882/7257/3136 4912/7258/3136 4910/7259/3136 4908/7260/3136 4906/7261/3136 4904/7262/3136 4902/7263/3136 4900/7264/3136 4898/7265/3136 4896/7266/3136 4894/7267/3136 4892/7268/3136 4890/7269/3136 4888/7270/3136 4886/7271/3136 4884/7272/3136
f 4914/7273/3105 4916/7274/3106 4917/7275/3107 4915/7276/3108
f 4916/7274/3106 4918/7277/3109 4919/7278/3110 4917/7275/3107
f 4918/7277/3109 4920/7279/3111 4921/7280/3112 4919/7278/3110
f 4920/7279/3111 4922/7281/3113 4923/7282/3113 4921/7280/3112
f 4922/7281/3113 4924/7283/3114 4925/7284/3115 4923/7282/3113
f 4924/7283/3114 4926/7285/3116 4927/7286/3117 4925/7284/3115
f 4926/7285/3116 4928/7287/3118 4929/7288/3119 4927/7286/3117
f 4928/7287/3118 4930/7289/3120 4931/7290/3121 4929/7288/3119
f 4930/7289/3120 4932/7291/3122 4933/7292/3123 4931/7290/3121
f 4932/7291/3122 4934/7293/3124 4935/7294/3125 4933/7292/3123
f 4934/7293/3124 4936/7295/3126 4937/7296/3127 4935/7294/3125
f 4936/7295/3126 4938/7297/3128 4939/7298/3128 4937/7296/3127
f 4938/7297/3128 4940/7299/3129 4941/7300/3130 4939/7298/3128
f 4940/7299/3129 4942/7301/3131 4943/7302/3132 4941/7300/3130
f 4917/7303/3133 4919/7304/3133 4921/7305/3133 4923/7306/3133 4925/7307/3133 4927/7308/3133 4929/7309/3133 4931/7310/3133 4933/7311/3133 4935/7312/3133 4937/7313/3133 4939/7314/3133 4941/7315/3133 4943/7316/3133 4945/7317/3133 4915/7318/3133
f 4942/7301/3131 4944/7319/3134 4945/7320/3135 4943/7302/3132
f 4944/7319/3134 4914/7321/3105 4915/7322/3108 4945/7320/3135
f 4914/7323/3136 4944/7324/3136 4942/7325/3136 4940/7326/3136 4938/7327/3136 4936/7328/3136 4934/7329/3136 4932/7330/3136 4930/7331/3136 4928/7332/3136 4926/7333/3136 4924/7334/3136 4922/7335/3136 4920/7336/3136 4918/7337/3136 4916/7338/3136
f 4946/7339/3105 4948/7340/3106 4949/7341/3107 4947/7342/3108
f 4948/7340/3106 4950/7343/3109 4951/7344/3110 4949/7341/3107
f 4950/7343/3109 4952/7345/3111 4953/7346/3112 4951/7344/3110
f 4952/7345/3111 4954/7347/3113 4955/7348/3113 4953/7346/3112
f 4954/7347/3113 4956/7349/3114 4957/7350/3115 4955/7348/3113
f 4956/7349/3114 4958/7351/3116 4959/7352/3117 4957/7350/3115
f 4958/7351/3116 4960/7353/3118 4961/7354/3119 4959/7352/3117
f 4960/7353/3118 4962/7355/3120 4963/7356/3121 4961/7354/3119
f 4962/7355/3120 4964/7357/3122 4965/7358/3123 4963/7356/3121
f 4964/7357/3122 4966/7359/3124 4967/7360/3125 4965/7358/3123
f 4966/7359/3124 4968/7361/3126 4969/7362/3127 4967/7360/3125
f 4968/7361/3126 4970/7363/3128 4971/7364/3128 4969/7362/3127
f 4970/7363/3128 4972/7365/3129 4973/7366/3130 4971/7364/3128
f 4972/7365/3129 4974/7367/3131 4975/7368/3132 4973/7366/3130
f 4949/7369/3133 4951/7370/3133 4953/7371/3133 4955/7372/3133 4957/7373/3133 4959/7374/3133 4961/7375/3133 4963/7376/3133 4965/7377/3133 4967/7378/3133 4969/7379/3133 4971/7380/3133 4973/7381/3133 4975/7382/3133 4977/7383/3133 4947/7384/3133
f 4974/7367/3131 4976/7385/3134 4977/7386/3135 4975/7368/3132
f 4976/7385/3134 4946/7387/3105 4947/7388/3108 4977/7386/3135
f 4946/7389/3136 4976/7390/3136 4974/7391/3136 4972/7392/3136 4970/7393/3136 4968/7394/3136 4966/7395/3136 4964/7396/3136 4962/7397/3136 4960/7398/3136 4958/7399/3136 4956/7400/3136 4954/7401/3136 4952/7402/3136 4950/7403/3136 4948/7404/3136
f 4978/7405/3105 4980/7406/3106 4981/7407/3107 4979/7408/3108
f 4980/7406/3106 4982/7409/3109 4983/7410/3110 4981/7407/3107
f 4982/7409/3109 4984/7411/3111 4985/7412/3112 4983/7410/3110
f 4984/7411/3111 4986/7413/3113 4987/7414/3113 4985/7412/3112
f 4986/7413/3113 4988/7415/3114 4989/7416/3115 4987/7414/3113
f 4988/7415/3114 4990/7417/3116 4991/7418/3117 4989/7416/3115
f 4990/7417/3116 4992/7419/3118 4993/7420/3119 4991/7418/3117
f 4992/7419/3118 4994/7421/3120 4995/7422/3121 4993/7420/3119
f 4994/7421/3120 4996/7423/3122 4997/7424/3123 4995/7422/3121
f 4996/7423/3122 4998/7425/3124 4999/7426/3125 4997/7424/3123
f 4998/7425/3124 5000/7427/3126 5001/7428/3127 4999/7426/3125
f 5000/7427/3126 5002/7429/3128 5003/7430/3128 5001/7428/3127
f 5002/7429/3128 5004/7431/3129 5005/7432/3130 5003/7430/3128
f 5004/7431/3129 5006/7433/3131 5007/7434/3132 5005/7432/3130
f 4981/7435/3133 4983/7436/3133 4985/7437/3133 4987/7438/3133 4989/7439/3133 4991/7440/3133 4993/7441/3133 4995/7442/3133 4997/7443/3133 4999/7444/3133 5001/7445/3133 5003/7446/3133 5005/7447/3133 5007/7448/3133 5009/7449/3133 4979/7450/3133
f 5006/7433/3131 5008/7451/3134 5009/7452/3135 5007/7434/3132
f 5008/7451/3134 4978/7453/3105 4979/7454/3108 5009/7452/3135
f 4978/7455/3136 5008/7456/3136 5006/7457/3136 5004/7458/3136 5002/7459/3136 5000/7460/3136 4998/7461/3136 4996/7462/3136 4994/7463/3136 4992/7464/3136 4990/7465/3136 4988/7466/3136 4986/7467/3136 4984/7468/3136 4982/7469/3136 4980/7470/3136
f 5010/7471/3105 5012/7472/3106 5013/7473/3107 5011/7474/3108
f 5012/7472/3106 5014/7475/3109 5015/7476/3110 5013/7473/3107
f 5014/7475/3109 5016/7477/3111 5017/7478/3112 5015/7476/3110
f 5016/7477/3111 5018/7479/3113 5019/7480/3113 5017/7478/3112
f 5018/7479/3113 5020/7481/3114 5021/7482/3115 5019/7480/3113
f 5020/7481/3114 5022/7483/3116 5023/7484/3117 5021/7482/3115
f 5022/7483/3116 5024/7485/3118 5025/7486/3119 5023/7484/3117
f 5024/7485/3118 5026/7487/3120 5027/7488/3121 5025/7486/3119
f 5026/7487/3120 5028/7489/3122 5029/7490/3123 5027/7488/3121
f 5028/7489/3122 5030/7491/3124 5031/7492/3125 5029/7490/3123
f 5030/7491/3124 5032/7493/3126 5033/7494/3127 5031/7492/3125
f 5032/7493/3126 5034/7495/3128 5035/7496/3128 5033/7494/3127
f 5034/7495/3128 5036/7497/3129 5037/7498/3130 5035/7496/3128
f 5036/7497/3129 5038/7499/3131 5039/7500/3132 5037/7498/3130
f 5013/7501/3133 5015/7502/3133 5017/7503/3133 5019/7504/3133 5021/7505/3133 5023/7506/3133 5025/7507/3133 5027/7508/3133 5029/7509/3133 5031/7510/3133 5033/7511/3133 5035/7512/3133 5037/7513/3133 5039/7514/3133 5041/7515/3133 5011/7516/3133
f 5038/7499/3131 5040/7517/3134 5041/7518/3135 5039/7500/3132
f 5040/7517/3134 5010/7519/3105 5011/7520/3108 5041/7518/3135
f 5010/7521/3136 5040/7522/3136 5038/7523/3136 5036/7524/3136 5034/7525/3136 5032/7526/3136 5030/7527/3136 5028/7528/3136 5026/7529/3136 5024/7530/3136 5022/7531/3136 5020/7532/3136 5018/7533/3136 5016/7534/3136 5014/7535/3136 5012/7536/3136
f 5042/7537/3137 5044/7538/3138 5045/7539/3139 5043/7540/3140
f 5044/7538/3138 5046/7541/3141 5047/7542/3142 5045/7539/3139
f 5046/7541/3141 5048/7543/3143 5049/7544/3144 5047/7542/3142
f 5048/7543/3143 5050/7545/3145 5051/7546/3145 5049/7544/3144
f 5050/7545/3145 5052/7547/3146 5053/7548/3147 5051/7546/3145
f 5052/7547/3146 5054/7549/3148 5055/7550/3149 5053/7548/3147
f 5054/7549/3148 5056/7551/3150 5057/7552/3151 5055/7550/3149
f 5056/7551/3150 5058/7553/3152 5059/7554/3153 5057/7552/3151
f 5058/7553/3152 5060/7555/3154 5061/7556/3155 5059/7554/3153
f 5060/7555/3154 5062/7557/3156 5063/7558/3157 5061/7556/3155
f 5062/7557/3156 5064/7559/3158 5065/7560/3159 5063/7558/3157
f 5064/7559/3158 5066/7561/3160 5067/7562/3160 5065/7560/3159
f 5066/7561/3160 5068/7563/3161 5069/7564/3162 5067/7562/3160
f 5068/7563/3161 5070/7565/3163 5071/7566/3164 5069/7564/3162
f 5045/7567/3165 5047/7568/3165 5049/7569/3165 5051/7570/3165 5053/7571/3165 5055/7572/3165 5057/7573/3165 5059/7574/3165 5061/7575/3165 5063/7576/3165 5065/7577/3165 5067/7578/3165 5069/7579/3165 5071/7580/3165 5073/7581/3165 5043/7582/3165
f 5070/7565/3163 5072/7583/3166 5073/7584/3167 5071/7566/3164
f 5072/7583/3166 5042/7585/3137 5043/7586/3140 5073/7584/3167
f 5042/7587/3168 5072/7588/3168 5070/7589/3168 5068/7590/3168 5066/7591/3168 5064/7592/3168 5062/7593/3168 5060/7594/3168 5058/7595/3168 5056/7596/3168 5054/7597/3168 5052/7598/3168 5050/7599/3168 5048/7600/3168 5046/7601/3168 5044/7602/3168
f 5074/7603/3137 5076/7604/3138 5077/7605/3139 5075/7606/3140
f 5076/7604/3138 5078/7607/3141 5079/7608/3142 5077/7605/3139
f 5078/7607/3141 5080/7609/3143 5081/7610/3144 5079/7608/3142
f 5080/7609/3143 5082/7611/3145 5083/7612/3145 5081/7610/3144
f 5082/7611/3145 5084/7613/3146 5085/7614/3147 5083/7612/3145
f 5084/7613/3146 5086/7615/3148 5087/7616/3149 5085/7614/3147
f 5086/7615/3148 5088/7617/3150 5089/7618/3151 5087/7616/3149
f 5088/7617/3150 5090/7619/3152 5091/7620/3153 5089/7618/3151
f 5090/7619/3152 5092/7621/3154 5093/7622/3155 5091/7620/3153
f 5092/7621/3154 5094/7623/3156 5095/7624/3157 5093/7622/3155
f 5094/7623/3156 5096/7625/3158 5097/7626/3169 5095/7624/3157
f 5096/7625/3158 5098/7627/3160 5099/7628/3160 5097/7626/3169
f 5098/7627/3160 5100/7629/3161 5101/7630/3162 5099/7628/3160
f 5100/7629/3161 5102/7631/3163 5103/7632/3164 5101/7630/3162
f 5077/7633/3165 5079/7634/3165 5081/7635/3165 5083/7636/3165 5085/7637/3165 5087/7638/3165 5089/7639/3165 5091/7640/3165 5093/7641/3165 5095/7642/3165 5097/7643/3165 5099/7644/3165 5101/7645/3165 5103/7646/3165 5105/7647/3165 5075/7648/3165
f 5102/7631/3163 5104/7649/3166 5105/7650/3167 5103/7632/3164
f 5104/7649/3166 5074/7651/3137 5075/7652/3140 5105/7650/3167
f 5074/7653/3168 5104/7654/3168 5102/7655/3168 5100/7656/3168 5098/7657/3168 5096/7658/3168 5094/7659/3168 5092/7660/3168 5090/7661/3168 5088/7662/3168 5086/7663/3168 5084/7664/3168 5082/7665/3168 5080/7666/3168 5078/7667/3168 5076/7668/3168
f 5106/7669/3170 5108/7670/3171 5109/7671/3172 5107/7672/3173
f 5108/7670/3171 5110/7673/3174 5111/7674/3175 5109/7671/3172
f 5110/7673/3174 5112/7675/3176 5113/7676/3177 5111/7674/3175
f 5112/7675/3176 5114/7677/3145 5115/7678/3145 5113/7676/3177
f 5114/7677/3145 5116/7679/3178 5117/7680/3179 5115/7678/3145
f 5116/7679/3178 5118/7681/3180 5119/7682/3181 5117/7680/3179
f 5118/7681/3180 5120/7683/3182 5121/7684/3183 5119/7682/3181
f 5120/7683/3182 5122/7685/3184 5123/7686/3185 5121/7684/3183
f 5122/7685/3184 5124/7687/3186 5125/7688/3187 5123/7686/3185
f 5124/7687/3186 5126/7689/3188 5127/7690/3189 5125/7688/3187
f 5126/7689/3188 5128/7691/3190 5129/7692/3191 5127/7690/3189
f 5128/7691/3190 5130/7693/3160 5131/7694/3160 5129/7692/3191
f 5130/7693/3160 5132/7695/3192 5133/7696/3193 5131/7694/3160
f 5132/7695/3192 5134/7697/3194 5135/7698/3195 5133/7696/3193
f 5109/7699/3165 5111/7700/3165 5113/7701/3165 5115/7702/3165 5117/7703/3165 5119/7704/3165 5121/7705/3165 5123/7706/3165 5125/7707/3165 5127/7708/3165 5129/7709/3165 5131/7710/3165 5133/7711/3165 5135/7712/3165 5137/7713/3165 5107/7714/3165
f 5134/7697/3194 5136/7715/3196 5137/7716/3197 5135/7698/3195
f 5136/7715/3196 5106/7717/3170 5107/7718/3173 5137/7716/3197
f 5106/7719/3168 5136/7720/3168 5134/7721/3168 5132/7722/3168 5130/7723/3168 5128/7724/3168 5126/7725/3168 5124/7726/3168 5122/7727/3168 5120/7728/3168 5118/7729/3168 5116/7730/3168 5114/7731/3168 5112/7732/3168 5110/7733/3168 5108/7734/3168
f 5138/7735/3170 5140/7736/3171 5141/7737/3172 5139/7738/3173
f 5140/7736/3171 5142/7739/3174 5143/7740/3175 5141/7737/3172
f 5142/7739/3174 5144/7741/3176 5145/7742/3177 5143/7740/3175
f 5144/7741/3176 5146/7743/3145 5147/7744/3145 5145/7742/3177
f 5146/7743/3145 5148/7745/3198 5149/7746/3179 5147/7744/3145
f 5148/7745/3198 5150/7747/3180 5151/7748/3181 5149/7746/3179
f 5150/7747/3180 5152/7749/3182 5153/7750/3183 5151/7748/3181
f 5152/7749/3182 5154/7751/3184 5155/7752/3185 5153/7750/3183
f 5154/7751/3184 5156/7753/3186 5157/7754/3187 5155/7752/3185
f 5156/7753/3186 5158/7755/3199 5159/7756/3189 5157/7754/3187
f 5158/7755/3199 5160/7757/3190 5161/7758/3191 5159/7756/3189
f 5160/7757/3190 5162/7759/3160 5163/7760/3160 5161/7758/3191
f 5162/7759/3160 5164/7761/3192 5165/7762/3193 5163/7760/3160
f 5164/7761/3192 5166/7763/3200 5167/7764/3195 5165/7762/3193
f 5141/7765/3165 5143/7766/3165 5145/7767/3165 5147/7768/3165 5149/7769/3165 5151/7770/3165 5153/7771/3165 5155/7772/3165 5157/7773/3165 5159/7774/3165 5161/7775/3165 5163/7776/3165 5165/7777/3165 5167/7778/3165 5169/7779/3165 5139/7780/3165
f 5166/7763/3200 5168/7781/3196 5169/7782/3197 5167/7764/3195
f 5168/7781/3196 5138/7783/3170 5139/7784/3173 5169/7782/3197
f 5138/7785/3168 5168/7786/3168 5166/7787/3168 5164/7788/3168 5162/7789/3168 5160/7790/3168 5158/7791/3168 5156/7792/3168 5154/7793/3168 5152/7794/3168 5150/7795/3168 5148/7796/3168 5146/7797/3168 5144/7798/3168 5142/7799/3168 5140/7800/3168
f 5170/7801/3105 5172/7802/3106 5173/7803/3107 5171/7804/3108
f 5172/7802/3106 5174/7805/3109 5175/7806/3110 5173/7803/3107
f 5174/7805/3109 5176/7807/3111 5177/7808/3112 5175/7806/3110
f 5176/7807/3111 5178/7809/3113 5179/7810/3113 5177/7808/3112
f 5178/7809/3113 5180/7811/3114 5181/7812/3115 5179/7810/3113
f 5180/7811/3114 5182/7813/3116 5183/7814/3117 5181/7812/3115
f 5182/7813/3116 5184/7815/3118 5185/7816/3119 5183/7814/3117
f 5184/7815/3118 5186/7817/3120 5187/7818/3121 5185/7816/3119
f 5186/7817/3120 5188/7819/3122 5189/7820/3123 5187/7818/3121
f 5188/7819/3122 5190/7821/3124 5191/7822/3125 5189/7820/3123
f 5190/7821/3124 5192/7823/3126 5193/7824/3127 5191/7822/3125
f 5192/7823/3126 5194/7825/3128 5195/7826/3128 5193/7824/3127
f 5194/7825/3128 5196/7827/3129 5197/7828/3130 5195/7826/3128
f 5196/7827/3129 5198/7829/3131 5199/7830/3132 5197/7828/3130
f 5173/7831/3133 5175/7832/3133 5177/7833/3133 5179/7834/3133 5181/7835/3133 5183/7836/3133 5185/7837/3133 5187/7838/3133 5189/7839/3133 5191/7840/3133 5193/7841/3133 5195/7842/3133 5197/7843/3133 5199/7844/3133 5201/7845/3133 5171/7846/3133
f 5198/7829/3131 5200/7847/3134 5201/7848/3201 5199/7830/3132
f 5200/7847/3134 5170/7849/3105 5171/7850/3108 5201/7848/3201
f 5170/7851/3136 5200/7852/3136 5198/7853/3136 5196/7854/3136 5194/7855/3136 5192/7856/3136 5190/7857/3136 5188/7858/3136 5186/7859/3136 5184/7860/3136 5182/7861/3136 5180/7862/3136 5178/7863/3136 5176/7864/3136 5174/7865/3136 5172/7866/3136
f 5202/7867/3105 5204/7868/3106 5205/7869/3107 5203/7870/3108
f 5204/7868/3106 5206/7871/3109 5207/7872/3110 5205/7869/3107
f 5206/7871/3109 5208/7873/3111 5209/7874/3112 5207/7872/3110
f 5208/7873/3111 5210/7875/3113 5211/7876/3113 5209/7874/3112
f 5210/7875/3113 5212/7877/3114 5213/7878/3115 5211/7876/3113
f 5212/7877/3114 5214/7879/3116 5215/7880/3117 5213/7878/3115
f 5214/7879/3116 5216/7881/3118 5217/7882/3119 5215/7880/3117
f 5216/7881/3118 5218/7883/3120 5219/7884/3121 5217/7882/3119
f 5218/7883/3120 5220/7885/3122 5221/7886/3123 5219/7884/3121
f 5220/7885/3122 5222/7887/3124 5223/7888/3125 5221/7886/3123
f 5222/7887/3124 5224/7889/3126 5225/7890/3127 5223/7888/3125
f 5224/7889/3126 5226/7891/3128 5227/7892/3128 5225/7890/3127
f 5226/7891/3128 5228/7893/3129 5229/7894/3130 5227/7892/3128
f 5228/7893/3129 5230/7895/3131 5231/7896/3132 5229/7894/3130
f 5205/7897/3133 5207/7898/3133 5209/7899/3133 5211/7900/3133 5213/7901/3133 5215/7902/3133 5217/7903/3133 5219/7904/3133 5221/7905/3133 5223/7906/3133 5225/7907/3133 5227/7908/3133 5229/7909/3133 5231/7910/3133 5233/7911/3133 5203/7912/3133
f 5230/7895/3131 5232/7913/3134 5233/7914/3135 5231/7896/3132
f 5232/7913/3134 5202/7915/3105 5203/7916/3108 5233/7914/3135
f 5202/7917/3136 5232/7918/3136 5230/7919/3136 5228/7920/3136 5226/7921/3136 5224/7922/3136 5222/7923/3136 5220/7924/3136 5218/7925/3136 5216/7926/3136 5214/7927/3136 5212/7928/3136 5210/7929/3136 5208/7930/3136 5206/7931/3136 5204/7932/3136
f 5234/7933/3105 5236/7934/3106 5237/7935/3107 5235/7936/3108
f 5236/7934/3106 5238/7937/3109 5239/7938/3110 5237/7935/3107
f 5238/7937/3109 5240/7939/3111 5241/7940/3112 5239/7938/3110
f 5240/7939/3111 5242/7941/3113 5243/7942/3113 5241/7940/3112
f 5242/7941/3113 5244/7943/3114 5245/7944/3115 5243/7942/3113
f 5244/7943/3114 5246/7945/3116 5247/7946/3117 5245/7944/3115
f 5246/7945/3116 5248/7947/3118 5249/7948/3119 5247/7946/3117
f 5248/7947/3118 5250/7949/3120 5251/7950/3121 5249/7948/3119
f 5250/7949/3120 5252/7951/3122 5253/7952/3123 5251/7950/3121
f 5252/7951/3122 5254/7953/3124 5255/7954/3125 5253/7952/3123
f 5254/7953/3124 5256/7955/3126 5257/7956/3127 5255/7954/3125
f 5256/7955/3126 5258/7957/3128 5259/7958/3128 5257/7956/3127
f 5258/7957/3128 5260/7959/3129 5261/7960/3130 5259/7958/3128
f 5260/7959/3129 5262/7961/3131 5263/7962/3132 5261/7960/3130
f 5237/7963/3133 5239/7964/3133 5241/7965/3133 5243/7966/3133 5245/7967/3133 5247/7968/3133 5249/7969/3133 5251/7970/3133 5253/7971/3133 5255/7972/3133 5257/7973/3133 5259/7974/3133 5261/7975/3133 5263/7976/3133 5265/7977/3133 5235/7978/3133
f 5262/7961/3131 5264/7979/3134 5265/7980/3135 5263/7962/3132
f 5264/7979/3134 5234/7981/3105 5235/7982/3108 5265/7980/3135
f 5234/7983/3136 5264/7984/3136 5262/7985/3136 5260/7986/3136 5258/7987/3136 5256/7988/3136 5254/7989/3136 5252/7990/3136 5250/7991/3136 5248/7992/3136 5246/7993/3136 5244/7994/3136 5242/7995/3136 5240/7996/3136 5238/7997/3136 5236/7998/3136
f 5266/7999/3105 5268/8000/3106 5269/8001/3107 5267/8002/3108
f 5268/8000/3106 5270/8003/3109 5271/8004/3110 5269/8001/3107
f 5270/8003/3109 5272/8005/3111 5273/8006/3112 5271/8004/3110
f 5272/8005/3111 5274/8007/3113 5275/8008/3113 5273/8006/3112
f 5274/8007/3113 5276/8009/3114 5277/8010/3115 5275/8008/3113
f 5276/8009/3114 5278/8011/3116 5279/8012/3117 5277/8010/3115
f 5278/8011/3116 5280/8013/3118 5281/8014/3119 5279/8012/3117
f 5280/8013/3118 5282/8015/3120 5283/8016/3121 5281/8014/3119
f 5282/8015/3120 5284/8017/3122 5285/8018/3123 5283/8016/3121
f 5284/8017/3122 5286/8019/3124 5287/8020/3125 5285/8018/3123
f 5286/8019/3124 5288/8021/3126 5289/8022/3127 5287/8020/3125
f 5288/8021/3126 5290/8023/3128 5291/8024/3128 5289/8022/3127
f 5290/8023/3128 5292/8025/3129 5293/8026/3130 5291/8024/3128
f 5292/8025/3129 5294/8027/3131 5295/8028/3132 5293/8026/3130
f 5269/8029/3133 5271/8030/3133 5273/8031/3133 5275/8032/3133 5277/8033/3133 5279/8034/3133 5281/8035/3133 5283/8036/3133 5285/8037/3133 5287/8038/3133 5289/8039/3133 5291/8040/3133 5293/8041/3133 5295/8042/3133 5297/8043/3133 5267/8044/3133
f 5294/8027/3131 5296/8045/3134 5297/8046/3135 5295/8028/3132
f 5296/8045/3134 5266/8047/3105 5267/8048/3108 5297/8046/3135
f 5266/8049/3136 5296/8050/3136 5294/8051/3136 5292/8052/3136 5290/8053/3136 5288/8054/3136 5286/8055/3136 5284/8056/3136 5282/8057/3136 5280/8058/3136 5278/8059/3136 5276/8060/3136 5274/8061/3136 5272/8062/3136 5270/8063/3136 5268/8064/3136
f 5298/8065/3105 5300/8066/3106 5301/8067/3107 5299/8068/3108
f 5300/8066/3106 5302/8069/3109 5303/8070/3110 5301/8067/3107
f 5302/8069/3109 5304/8071/3111 5305/8072/3112 5303/8070/3110
f 5304/8071/3111 5306/8073/3113 5307/8074/3113 5305/8072/3112
f 5306/8073/3113 5308/8075/3114 5309/8076/3115 5307/8074/3113
f 5308/8075/3114 5310/8077/3116 5311/8078/3117 5309/8076/3115
f 5310/8077/3116 5312/8079/3118 5313/8080/3119 5311/8078/3117
f 5312/8079/3118 5314/8081/3120 5315/8082/3121 5313/8080/3119
f 5314/8081/3120 5316/8083/3122 5317/8084/3123 5315/8082/3121
f 5316/8083/3122 5318/8085/3124 5319/8086/3125 5317/8084/3123
f 5318/8085/3124 5320/8087/3126 5321/8088/3127 5319/8086/3125
f 5320/8087/3126 5322/8089/3128 5323/8090/3128 5321/8088/3127
f 5322/8089/3128 5324/8091/3129 5325/8092/3130 5323/8090/3128
f 5324/8091/3129 5326/8093/3131 5327/8094/3132 5325/8092/3130
f 5301/8095/3133 5303/8096/3133 5305/8097/3133 5307/8098/3133 5309/8099/3133 5311/8100/3133 5313/8101/3133 5315/8102/3133 5317/8103/3133 5319/8104/3133 5321/8105/3133 5323/8106/3133 5325/8107/3133 5327/8108/3133 5329/8109/3133 5299/8110/3133
f 5326/8093/3131 5328/8111/3134 5329/8112/3135 5327/8094/3132
f 5328/8111/3134 5298/8113/3105 5299/8114/3108 5329/8112/3135
f 5298/8115/3136 5328/8116/3136 5326/8117/3136 5324/8118/3136 5322/8119/3136 5320/8120/3136 5318/8121/3136 5316/8122/3136 5314/8123/3136 5312/8124/3136 5310/8125/3136 5308/8126/3136 5306/8127/3136 5304/8128/3136 5302/8129/3136 5300/8130/3136
f 5330/8131/3105 5332/8132/3106 5333/8133/3107 5331/8134/3108
f 5332/8132/3106 5334/8135/3109 5335/8136/3110 5333/8133/3107
f 5334/8135/3109 5336/8137/3111 5337/8138/3112 5335/8136/3110
f 5336/8137/3111 5338/8139/3113 5339/8140/3113 5337/8138/3112
f 5338/8139/3113 5340/8141/3114 5341/8142/3115 5339/8140/3113
f 5340/8141/3114 5342/8143/3116 5343/8144/3117 5341/8142/3115
f 5342/8143/3116 5344/8145/3118 5345/8146/3119 5343/8144/3117
f 5344/8145/3118 5346/8147/3120 5347/8148/3121 5345/8146/3119
f 5346/8147/3120 5348/8149/3122 5349/8150/3123 5347/8148/3121
f 5348/8149/3122 5350/8151/3124 5351/8152/3125 5349/8150/3123
f 5350/8151/3124 5352/8153/3202 5353/8154/3127 5351/8152/3125
f 5352/8153/3202 5354/8155/3128 5355/8156/3128 5353/8154/3127
f 5354/8155/3128 5356/8157/3129 5357/8158/3130 5355/8156/3128
f 5356/8157/3129 5358/8159/3131 5359/8160/3132 5357/8158/3130
f 5333/8161/3133 5335/8162/3133 5337/8163/3133 5339/8164/3133 5341/8165/3133 5343/8166/3133 5345/8167/3133 5347/8168/3133 5349/8169/3133 5351/8170/3133 5353/8171/3133 5355/8172/3133 5357/8173/3133 5359/8174/3133 5361/8175/3133 5331/8176/3133
f 5358/8159/3131 5360/8177/3134 5361/8178/3135 5359/8160/3132
f 5360/8177/3134 5330/8179/3105 5331/8180/3108 5361/8178/3135
f 5330/8181/3136 5360/8182/3136 5358/8183/3136 5356/8184/3136 5354/8185/3136 5352/8186/3136 5350/8187/3136 5348/8188/3136 5346/8189/3136 5344/8190/3136 5342/8191/3136 5340/8192/3136 5338/8193/3136 5336/8194/3136 5334/8195/3136 5332/8196/3136
f 5362/8197/3105 5364/8198/3106 5365/8199/3107 5363/8200/3108
f 5364/8198/3106 5366/8201/3203 5367/8202/3110 5365/8199/3107
f 5366/8201/3203 5368/8203/3111 5369/8204/3112 5367/8202/3110
f 5368/8203/3111 5370/8205/3113 5371/8206/3113 5369/8204/3112
f 5370/8205/3113 5372/8207/3114 5373/8208/3115 5371/8206/3113
f 5372/8207/3114 5374/8209/3116 5375/8210/3117 5373/8208/3115
f 5374/8209/3116 5376/8211/3118 5377/8212/3119 5375/8210/3117
f 5376/8211/3118 5378/8213/3120 5379/8214/3121 5377/8212/3119
f 5378/8213/3120 5380/8215/3122 5381/8216/3123 5379/8214/3121
f 5380/8215/3122 5382/8217/3124 5383/8218/3125 5381/8216/3123
f 5382/8217/3124 5384/8219/3126 5385/8220/3127 5383/8218/3125
f 5384/8219/3126 5386/8221/3128 5387/8222/3128 5385/8220/3127
f 5386/8221/3128 5388/8223/3129 5389/8224/3130 5387/8222/3128
f 5388/8223/3129 5390/8225/3131 5391/8226/3132 5389/8224/3130
f 5365/8227/3133 5367/8228/3133 5369/8229/3133 5371/8230/3133 5373/8231/3133 5375/8232/3133 5377/8233/3133 5379/8234/3133 5381/8235/3133 5383/8236/3133 5385/8237/3133 5387/8238/3133 5389/8239/3133 5391/8240/3133 5393/8241/3133 5363/8242/3133
f 5390/8225/3131 5392/8243/3134 5393/8244/3135 5391/8226/3132
f 5392/8243/3134 5362/8245/3105 5363/8246/3108 5393/8244/3135
f 5362/8247/3136 5392/8248/3136 5390/8249/3136 5388/8250/3136 5386/8251/3136 5384/8252/3136 5382/8253/3136 5380/8254/3136 5378/8255/3136 5376/8256/3136 5374/8257/3136 5372/8258/3136 5370/8259/3136 5368/8260/3136 5366/8261/3136 5364/8262/3136
f 5394/8263/3105 5396/8264/3106 5397/8265/3107 5395/8266/3108
f 5396/8264/3106 5398/8267/3109 5399/8268/3110 5397/8265/3107
f 5398/8267/3109 5400/8269/3111 5401/8270/3112 5399/8268/3110
f 5400/8269/3111 5402/8271/3113 5403/8272/3113 5401/8270/3112
f 5402/8271/3113 5404/8273/3114 5405/8274/3115 5403/8272/3113
f 5404/8273/3114 5406/8275/3116 5407/8276/3117 5405/8274/3115
f 5406/8275/3116 5408/8277/3204 5409/8278/3119 5407/8276/3117
f 5408/8277/3204 5410/8279/3120 5411/8280/3121 5409/8278/3119
f 5410/8279/3120 5412/8281/3122 5413/8282/3123 5411/8280/3121
f 5412/8281/3122 5414/8283/3124 5415/8284/3125 5413/8282/3123
f 5414/8283/3124 5416/8285/3126 5417/8286/3127 5415/8284/3125
f 5416/8285/3126 5418/8287/3128 5419/8288/3128 5417/8286/3127
f 5418/8287/3128 5420/8289/3129 5421/8290/3130 5419/8288/3128
f 5420/8289/3129 5422/8291/3131 5423/8292/3132 5421/8290/3130
f 5397/8293/3133 5399/8294/3133 5401/8295/3133 5403/8296/3133 5405/8297/3133 5407/8298/3133 5409/8299/3133 5411/8300/3133 5413/8301/3133 5415/8302/3133 5417/8303/3133 5419/8304/3133 5421/8305/3133 5423/8306/3133 5425/8307/3133 5395/8308/3133
f 5422/8291/3131 5424/8309/3134 5425/8310/3135 5423/8292/3132
f 5424/8309/3134 5394/8311/3105 5395/8312/3108 5425/8310/3135
f 5394/8313/3136 5424/8314/3136 5422/8315/3136 5420/8316/3136 5418/8317/3136 5416/8318/3136 5414/8319/3136 5412/8320/3136 5410/8321/3136 5408/8322/3136 5406/8323/3136 5404/8324/3136 5402/8325/3136 5400/8326/3136 5398/8327/3136 5396/8328/3136
f 5426/8329/3105 5428/8330/3106 5429/8331/3107 5427/8332/3108
f 5428/8330/3106 5430/8333/3109 5431/8334/3110 5429/8331/3107
f 5430/8333/3109 5432/8335/3111 5433/8336/3112 5431/8334/3110
f 5432/8335/3111 5434/8337/3113 5435/8338/3113 5433/8336/3112
f 5434/8337/3113 5436/8339/3114 5437/8340/3115 5435/8338/3113
f 5436/8339/3114 5438/8341/3116 5439/8342/3117 5437/8340/3115
f 5438/8341/3116 5440/8343/3204 5441/8344/3119 5439/8342/3117
f 5440/8343/3204 5442/8345/3120 5443/8346/3121 5441/8344/3119
f 5442/8345/3120 5444/8347/3122 5445/8348/3123 5443/8346/3121
f 5444/8347/3122 5446/8349/3124 5447/8350/3125 5445/8348/3123
f 5446/8349/3124 5448/8351/3126 5449/8352/3127 5447/8350/3125
f 5448/8351/3126 5450/8353/3128 5451/8354/3128 5449/8352/3127
f 5450/8353/3128 5452/8355/3129 5453/8356/3130 5451/8354/3128
f 5452/8355/3129 5454/8357/3131 5455/8358/3132 5453/8356/3130
f 5429/8359/3133 5431/8360/3133 5433/8361/3133 5435/8362/3133 5437/8363/3133 5439/8364/3133 5441/8365/3133 5443/8366/3133 5445/8367/3133 5447/8368/3133 5449/8369/3133 5451/8370/3133 5453/8371/3133 5455/8372/3133 5457/8373/3133 5427/8374/3133
f 5454/8357/3131 5456/8375/3134 5457/8376/3135 5455/8358/3132
f 5456/8375/3134 5426/8377/3105 5427/8378/3108 5457/8376/3135
f 5426/8379/3136 5456/8380/3136 5454/8381/3136 5452/8382/3136 5450/8383/3136 5448/8384/3136 5446/8385/3136 5444/8386/3136 5442/8387/3136 5440/8388/3136 5438/8389/3136 5436/8390/3136 5434/8391/3136 5432/8392/3136 5430/8393/3136 5428/8394/3136
f 5458/8395/3105 5460/8396/3205 5461/8397/3107 5459/8398/3108
f 5460/8396/3205 5462/8399/3109 5463/8400/3110 5461/8397/3107
f 5462/8399/3109 5464/8401/3111 5465/8402/3112 5463/8400/3110
f 5464/8401/3111 5466/8403/3113 5467/8404/3113 5465/8402/3112
f 5466/8403/3113 5468/8405/3114 5469/8406/3115 5467/8404/3113
f 5468/8405/3114 5470/8407/3116 5471/8408/3117 5469/8406/3115
f 5470/8407/3116 5472/8409/3204 5473/8410/3119 5471/8408/3117
f 5472/8409/3204 5474/8411/3120 5475/8412/3121 5473/8410/3119
f 5474/8411/3120 5476/8413/3122 5477/8414/3123 5475/8412/3121
f 5476/8413/3122 5478/8415/3124 5479/8416/3125 5477/8414/3123
f 5478/8415/3124 5480/8417/3126 5481/8418/3127 5479/8416/3125
f 5480/8417/3126 5482/8419/3128 5483/8420/3128 5481/8418/3127
f 5482/8419/3128 5484/8421/3129 5485/8422/3130 5483/8420/3128
f 5484/8421/3129 5486/8423/3131 5487/8424/3132 5485/8422/3130
f 5461/8425/3133 5463/8426/3133 5465/8427/3133 5467/8428/3133 5469/8429/3133 5471/8430/3133 5473/8431/3133 5475/8432/3133 5477/8433/3133 5479/8434/3133 5481/8435/3133 5483/8436/3133 5485/8437/3133 5487/8438/3133 5489/8439/3133 5459/8440/3133
f 5486/8423/3131 5488/8441/3206 5489/8442/3135 5487/8424/3132
f 5488/8441/3206 5458/8443/3105 5459/8444/3108 5489/8442/3135
f 5458/8445/3136 5488/8446/3136 5486/8447/3136 5484/8448/3136 5482/8449/3136 5480/8450/3136 5478/8451/3136 5476/8452/3136 5474/8453/3136 5472/8454/3136 5470/8455/3136 5468/8456/3136 5466/8457/3136 5464/8458/3136 5462/8459/3136 5460/8460/3136
